inspection_id,time_years,thickness_measured_mm,meas_std_mm
1,1.0,11.373723007293385,0.2
2,2.5,10.875785896225258,0.2
3,4.0,9.827916234174374,0.2
