t_s,qin_m3s,qout_m3s,u,L_m,P_Pa,n_in_mols,n_out_mols,L_true_m,P_true_Pa,L_meas_m,P_meas_Pa,L_missing,P_missing
0.0,0.0,0.0,0.0,1.0,118243.55555555556,0.0,0.0,1.0,118243.55555555556,1.000012301533575,118306.38426973607,False,False
0.5,0.004,0.002185214421051679,0.55,1.0003024642631582,117308.59068648661,4.0,10.405707835392823,1.0003024642631582,117308.59068648661,1.0032899196382428,117149.42298883563,False,False
1.0,0.004,0.002144498100865525,0.55,1.0006117145796807,116416.81054804173,4.0,10.114098100844895,1.0006117145796807,116416.81054804173,0.9978703360260585,116306.1738327833,False,False
1.5,0.004,0.002104936449062133,0.55,1.000927558504837,115567.41515146426,4.0,9.827898427815942,1.000927558504837,115567.41515146426,0.9920216401172642,115044.96081709469,False,False
2.0,0.004,0.0020665591123005954,0.55,1.0012497986527868,114759.57247424083,4.0,9.54732721599984,1.0012497986527868,114759.57247424083,0.9967030908010697,114492.40918249988,False,False
2.5,0.004,0.002029394446456396,0.55,1.0015782329117109,113992.41761582604,4.0,9.272608254161357,1.0015782329117109,113992.41761582604,0.9916617673617463,113986.2694369889,False,False
3.0,0.004,0.0019934691820362913,0.55,1.0019126547147048,113265.05208498183,4.0,9.003969832317667,1.0019126547147048,113265.05208498183,1.002514090740679,113531.5880372099,False,False
3.5,0.004,0.0019588080685053926,0.55,1.002252853369954,112576.54325223496,4.0,8.741643629425974,1.002252853369954,112576.54325223496,1.0156550058254994,112873.55122905737,False,False
4.0,0.004,0.0019254335019504778,0.55,1.0025986144529622,111925.92400474408,4.0,8.485863351144875,1.0025986144529622,111925.92400474408,0.9976765492674489,111901.82606224531,False,False
4.5,0.004,0.0018933651418813861,0.55,1.0029497202626485,111312.1926443864,4.0,8.23686309406452,1.0029497202626485,111312.1926443864,0.996744971264449,111255.40613721771,False,False
5.0,0.004,0.0018626195243956734,0.55,1.003305950341916,110734.31307285171,4.0,7.994875416419758,1.003305950341916,110734.31307285171,1.008204370843768,110485.1093167468,False,False
5.5,0.004,0.001833209680328941,0.55,1.0036670820618612,110191.21530964324,4.0,7.760129101132981,1.0036670820618612,110191.21530964324,1.0072359521434617,110311.92225873609,False,False
6.0,0.004,0.0018051447682956698,0.55,1.0040328912671452,109681.79638974204,4.0,7.532846605481673,1.0040328912671452,109681.79638974204,1.0050870337571243,109607.52298958978,False,False
6.5,0.004,0.0017784297335897673,0.55,1.0044031529782136,109204.9216868565,4.0,7.3132412030746705,1.0044031529782136,109204.9216868565,0.9950984725311316,109386.6870486012,False,False
7.0,0.004,0.0017530650046480225,0.55,1.0047776421441055,108759.42670519133,4.0,7.101513838322192,1.0047776421441055,108759.42670519133,1.0044851239194728,109284.93274642913,False,False
7.5,0.004,0.0017290462390702052,0.55,1.0051561344375939,108344.11937707692,4.0,6.897849731128139,1.0051561344375939,108344.11937707692,1.0121091663821769,108334.40688989837,False,False
8.0,0.004,0.0017063641309330146,0.55,1.0055384070824385,107957.7828952125,4.0,6.702414789707682,1.0055384070824385,107957.7828952125,0.9920962616095876,107508.57655296028,False,False
8.5,0.004,0.001685004290250009,0.55,1.0059242397007302,107599.1790964253,4.0,6.515351911398185,1.0059242397007302,107599.1790964253,1.001348082090328,107340.92396351665,False,False
9.0,0.004,0.0016649472038689917,0.55,1.006313415166752,107267.05239866738,4.0,6.336777273750588,1.006313415166752,107267.05239866738,0.9873011877687436,106829.6081662664,False,False
9.5,0.004,0.0016461682848622646,0.55,1.0067057204526084,106960.13427466172,4.0,6.166776739227004,1.0067057204526084,106960.13427466172,0.9938103430547587,106601.00136783722,False,False
10.0,0.004,0.001628638014609212,0.55,1.0071009474501735,106677.1482247124,4.0,6.00540251422292,1.0071009474501735,106677.1482247124,0.9886835970722562,107068.72944175803,False,False
10.5,0.004,0.001612322178411325,0.55,1.0074988937537717,106416.81518861756,4.0,5.852670214368764,1.0074988937537717,106416.81518861756,1.005147982443025,106484.81306065511,False,False
11.0,0.004,0.0015971821917913115,0.55,1.0078993633884732,106177.85931365054,4.0,5.708556490668407,1.0078993633884732,106177.85931365054,0.9952248985740362,105721.8069841778,False,False
11.5,0.004,0.0015831755108341116,0.55,1.0083021674700008,105959.0139737875,4.0,5.572997362942444,1.0083021674700008,105959.0139737875,1.0110148110582178,106155.10362359653,False,False
12.0,0.004,0.0015702561162840448,0.55,1.0087071247839534,105759.02791652869,4.0,5.44588738703253,1.0087071247839534,105759.02791652869,1.0102746356501957,106137.14037875236,False,False
12.5,0.004,0.0015583750578834626,0.55,1.0091140622743062,105576.67139955617,4.0,5.3270797502744065,1.0091140622743062,105576.67139955617,1.0072447528280066,105468.70903232541,False,False
13.0,0.004,0.0015474810428702996,0.55,1.0095228154338278,105410.74217165599,4.0,5.216387347308433,1.0095228154338278,105410.74217165599,0.9843552183256227,105207.94491991492,False,False
13.5,0.004,0.001537521050844847,0.55,1.0099332285920204,105260.07115192807,4.0,5.113584838310434,1.0099332285920204,105260.07115192807,1.0045462996335541,105158.8578381826,False,False
14.0,0.004,0.0015284409564997,0.55,1.0103451550992704,105123.5276688172,4.0,5.018411638391142,1.0103451550992704,105123.5276688172,1.0098601456452596,105208.90962189346,False,False
14.5,0.004,0.0015201861420244876,0.55,1.010758457408933,105000.02413569232,4.0,4.9305757351885475,1.010758457408933,105000.02413569232,1.011891547268966,105192.01518076923,False,False
15.0,0.004,0.0015127020822998753,0.55,1.011173007061883,104888.52006159672,4.0,4.849758186593519,1.011173007061883,104888.52006159672,0.995871649406829,105243.18511300879,False,False
15.5,0.004,0.0015059348881482073,0.55,1.0115886845805249,104788.02532276725,4.0,4.775618116455607,1.0115886845805249,104788.02532276725,1.0068111518201857,105151.7687845412,False,False
16.0,0.004,0.0014998317957077396,0.55,1.0120053792812402,104697.60265049647,4.0,4.707798006043846,1.0120053792812402,104697.60265049647,1.0022201885006738,105053.22380496457,False,False
16.5,0.004,0.0014943415931970697,0.55,1.0124229890157075,104616.36932161963,4.0,4.64592907427324,1.0124229890157075,104616.36932161963,1.0043346166214515,105024.94575115365,False,False
17.0,0.004,0.0014894149796767836,0.55,1.012841419852428,104543.49806715878,4.0,4.589636549702559,1.012841419852428,104543.49806715878,1.0234504060862888,104741.91440409889,False,False
17.5,0.004,0.0014850048536528368,0.55,1.0132605857101527,104478.21724057544,4.0,4.53854465989002,1.0132605857101527,104478.21724057544,1.0051852389568336,104018.94525927585,False,False
18.0,0.004,0.0014810665322965246,0.55,1.0136804079547699,104419.81030829837,4.0,4.492281195526702,1.0136804079547699,104419.81030829837,1.0133551909053147,104380.52103944428,False,False
18.5,0.004,0.001477557904530276,0.55,1.0141008149706816,104367.61474089975,4.0,4.450481543957865,1.0141008149706816,104367.61474089975,1.0229447136445133,104461.79089468677,False,False
19.0,0.004,0.0014744395231591745,0.55,1.0145217417168217,104321.02039326908,4.0,4.412792125373503,1.0145217417168217,104321.02039326908,1.0086857373893887,104206.08251376677,False,False
19.5,0.004,0.0014716746425870336,0.55,1.0149431292763906,104279.46746665121,4.0,4.378873201740615,1.0149431292763906,104279.46746665121,1.013826109780549,104552.8457231218,False,False
20.0,0.004,0.001469229209464955,0.55,1.0153649244081464,104242.44414512647,4.0,4.348401060915124,1.0153649244081464,104242.44414512647,1.0164695658406413,104134.37995347082,False,False
20.5,0.004,0.001467071813939548,0.55,1.0157870791058232,104209.4839949047,4.0,4.321069604717033,1.0157870791058232,104209.4839949047,1.0164248968483738,103931.75988591558,False,False
21.0,0.004,0.0014651736090805193,0.55,1.0162095501709765,104180.16320767903,4.0,4.29659138939114,1.0162095501709765,104180.16320767903,1.0039589919067995,104613.45290751074,False,False
21.5,0.004,0.0014635082056672002,0.55,1.0166322988033654,104154.09776021312,4.0,4.274698179888935,1.0166322988033654,104154.09776021312,1.0173937011071355,104353.89905315502,False,False
22.0,0.004,0.0014620515488934884,0.55,1.017055290211883,104130.94055221662,4.0,4.255141086422864,1.017055290211883,104130.94055221662,1.0306435244292984,104196.71668747673,False,False
22.5,0.004,0.0014607817827961686,0.55,1.0174784932480836,104110.3785741352,4.0,4.237690353740628,1.0174784932480836,104110.3785741352,1.0020070464667987,104388.39130157315,False,False
23.0,0.004,0.0014596791073940953,0.55,1.017901880063518,104092.13014632888,4.0,4.222134871657383,1.017901880063518,104092.13014632888,1.026495706943734,104410.8904181295,False,False
23.5,0.004,0.001458725632702363,0.55,1.018325425791401,104075.94226164976,4.0,4.208281470684305,1.018325425791401,104075.94226164976,1.0195189660483668,104178.25300494157,False,False
24.0,0.004,0.0014579052329980456,0.55,1.018749108252568,104061.58805492178,4.0,4.195954060110581,1.018749108252568,104061.58805492178,1.0123344043114957,103324.2896292535,False,False
24.5,0.004,0.0014572034039901916,0.55,1.0191729076852363,104048.86441541424,4.0,4.184992658476167,1.0191729076852363,104048.86441541424,1.0391770731486605,103846.18758021393,False,False
25.0,0.004,0.0014566071249031182,0.55,1.0195968064977525,104037.58975212705,4.0,4.1752523586785895,1.0195968064977525,104037.58975212705,1.0272194036185995,103900.61601325356,False,False
25.5,0.004,0.001456104726925647,0.55,1.0200207890432649,104027.60191654055,4.0,4.166602262469162,1.0200207890432649,104027.60191654055,1.0080279000222125,103732.34164800661,False,False
26.0,0.004,0.001455685769010239,0.55,1.0204448414150964,104018.75628334975,4.0,4.158924412135845,1.0204448414150964,104018.75628334975,1.021190003702811,104078.35951352585,False,False
26.5,0.004,0.0014553409216208123,0.55,1.020868951261493,104010.92398649231,4.0,4.152112740935439,1.020868951261493,104010.92398649231,1.0266358470981949,104368.58462634771,False,False
27.0,0.004,0.0014550618587188461,0.55,1.021293107618373,104003.99030537494,4.0,4.146072058412735,1.021293107618373,104003.99030537494,1.0194052863648657,103858.51862981282,False,False
27.5,0.004,0.0014548411580356788,0.55,1.0217173007587006,103997.85319448117,4.0,4.140717082148893,1.0217173007587006,103997.85319448117,1.0285464034306526,103657.40339357991,False,False
28.0,0.004,0.0014546722094952403,0.55,1.0221415220571182,103992.42194838345,4.0,4.135971523678504,1.0221415220571182,103992.42194838345,1.021476348855624,104600.8323916566,False,False
28.5,0.004,0.0014545491315163955,0.55,1.0225657638685322,103987.6159934846,4.0,4.131767233237378,1.0225657638685322,103987.6159934846,1.0292382394768755,103852.18471165534,False,False
29.0,0.004,0.0014544666948295563,0.55,1.022990019419394,103983.36379747133,4.0,4.1280434055738064,1.022990019419394,103983.36379747133,1.0373752453359555,103613.47432005736,False,False
29.5,0.004,0.0014544202533797587,0.55,1.0234142827104973,103979.60188740534,4.0,4.124745847178532,1.0234142827104973,103979.60188740534,1.0166576602004407,104050.90506229088,False,False
30.0,0.004,0.0014544056818520225,0.55,1.0238385484301886,103976.27396752386,4.0,4.121826303884503,1.0238385484301886,103976.27396752386,1.0258699345340847,104103.97874200072,False,False
30.5,0.004,0.0014544193193379872,0.55,1.0242628118769657,103973.33012812634,4.0,4.119241846766547,1.0242628118769657,103973.33012812634,1.0196297361115816,103761.81510122214,False,False
31.0,0.004,0.0014544579186614366,0.55,1.024687068890522,103970.72613732716,4.0,4.116954313568295,1.024687068890522,103970.72613732716,1.0259597530027804,104207.86220970364,False,False
31.5,0.004,0.0014545186008896578,0.55,1.0251113157903737,103968.42280793189,4.0,4.114929802426018,1.0251113157903737,103968.42280793189,1.0132393705118723,103822.22697644588,False,False
32.0,0.004,0.0014545988145751737,0.55,1.0255355493212779,103966.38543220762,4.0,4.1131382144007835,1.0255355493212779,103966.38543220762,1.019742533356251,103689.5001575905,False,False
32.5,0.004,0.0014546962992950815,0.55,1.0259597666047287,103964.5832778491,4.0,4.111552841218119,1.0259597666047287,103964.5832778491,1.0239978068766837,104018.16053840656,False,False
33.0,0.004,0.001454809053081365,0.55,1.0263839650958817,103962.98913897459,4.0,4.110149994615069,1.0263839650958817,103962.98913897459,1.0353716038168859,104194.21983211208,False,False
33.5,0.004,0.001454935303363563,0.55,1.026808142545321,103961.57893650525,4.0,4.108908673776697,1.026808142545321,103961.57893650525,1.0382603626198623,103771.42348914684,False,False
34.0,0.004,0.0014550734810737699,0.55,1.0272322969651422,103960.33136278106,4.0,4.107810267482371,1.0272322969651422,103960.33136278106,1.0139970190402996,104059.51902958532,False,False
34.5,0.004,0.0014552221975923968,0.55,1.0276564265988768,103959.22756574088,4.0,4.106838287758451,1.0276564265988768,103959.22756574088,1.0197100029390063,103931.18007391927,False,False
35.0,0.004,0.0014553802242408217,0.55,1.0280805298948366,103958.25086843841,4.0,4.105978132034023,1.0280805298948366,103958.25086843841,1.0345495641205709,104805.58096335926,False,False
35.5,0.004,0.00145554647405351,0.55,1.0285046054824942,103957.38652007957,4.0,4.105216871007647,1.0285046054824942,103957.38652007957,1.0085804076407492,103744.81861573065,False,False
36.0,0.004,0.0014557199855872102,0.55,1.028928652151563,103956.62147514778,4.0,4.10454305964857,1.028928652151563,103956.62147514778,1.0242969535020394,104371.87295530963,False,False
36.5,0.004,0.0014558999085481593,0.55,1.0293526688334718,103955.94419753447,4.0,4.103946568968193,1.0293526688334718,103955.94419753447,1.028379799576771,103940.2403110028,False,False
37.0,0.004,0.001456085491039936,0.55,1.0297766545849651,103955.34448691204,4.0,4.103418436404041,1.0297766545849651,103955.34448691204,1.0423468043578334,103917.31588581036,False,False
37.5,0.004,0.0014562760682545642,0.55,1.0302006085735893,103954.81332487632,4.0,4.102950732855207,1.0302006085735893,103954.81332487632,1.0370946475792968,104171.31285833725,False,False
38.0,0.004,0.0014564710524476677,0.55,1.030624530064848,103954.34273865008,4.0,4.10253644459235,1.030624530064848,103954.34273865008,1.027352395862626,104222.53990861223,False,False
38.5,0.004,0.001456669924055214,0.55,1.0310484184108388,103953.92568037614,4.0,4.10216936843916,1.0310484184108388,103953.92568037614,1.0273626594698393,,False,True
39.0,0.004,0.0014568722238244064,0.55,1.0314722730402015,103953.55592024297,4.0,4.101844018780734,1.0314722730402015,103953.55592024297,1.0289703190350223,104052.15144078352,False,False
39.5,0.004,0.0014570775458449957,0.55,1.0318960934492274,103953.22795187903,4.0,4.101555545101763,1.0318960934492274,103953.22795187903,1.047131387453789,103773.10903495166,False,False
40.0,0.004,0.0014572855313796152,0.55,1.0323198791939974,103952.9369086228,4.0,4.101299658891776,1.0323198791939974,103952.9369086228,1.0280396297682688,103791.64307736758,False,False
40.5,0.004,0.0014574958634027467,0.55,1.0327436298834303,103952.67848943193,4.0,4.101072568875842,1.0327436298834303,103952.67848943193,1.029706825999783,104105.57444669693,False,False
41.0,0.004,0.0014577082617679607,0.55,1.0331673451731356,103952.44889333217,4.0,4.100870923641018,1.0331673451731356,103952.44889333217,1.0366932358459882,104126.71885451449,False,False
41.5,0.004,0.0014579224789319552,0.55,1.0335910247599802,103952.24476142906,4.0,4.100691760828396,1.0335910247599802,103952.24476142906,1.0323833203091157,104371.66004363801,False,False
42.0,0.004,0.0014581382961718092,0.55,1.0340146683772848,103952.06312561761,4.0,4.100532462150004,1.0340146683772848,103952.06312561761,1.0320418260976276,104077.59226224323,False,False
42.5,0.004,0.0014583555202391462,0.55,1.0344382757905783,103951.90136322031,4.0,4.100390713572637,1.0344382757905783,103951.90136322031,1.0232976043590678,104269.95184279763,False,False
43.0,0.004,0.0014585739804010556,0.55,1.0348618467938449,103951.75715687324,4.0,4.100264470081169,1.0348618467938449,103951.75715687324,1.0347466321134593,104406.78846730842,False,False
43.5,0.004,0.0014587935258234424,0.55,1.0352853812062077,103951.62845905566,4.0,4.100151924500936,1.0352853812062077,103951.62845905566,1.0308495689764636,104001.068622415,False,False
44.0,0.004,0.0014590140232573795,0.55,1.035708878868998,103951.51346072902,4.0,4.100051479915372,1.035708878868998,103951.51346072902,1.0473701566309004,103505.84586525182,False,False
44.5,0.004,0.0014592353549936256,0.55,1.0361323396431659,103951.41056361083,4.0,4.099961725268391,1.0361323396431659,103951.41056361083,1.0426632246701775,103597.62743766066,False,False
45.0,0.004,0.0014594574170543493,0.55,1.0365557634069902,103951.31835566377,4.0,4.099881413786172,1.0365557634069902,103951.31835566377,1.0363143272768909,103519.9774952066,False,False
45.5,0.004,0.0014596801175946843,0.55,1.0369791500540577,103951.2355894292,4.0,4.099809443894692,1.0369791500540577,103951.2355894292,1.0436629602867311,104428.71270373343,False,False
46.0,0.004,0.0014599033754898977,0.55,1.0374024994914761,103951.16116287553,4.0,4.099744842346517,1.0374024994914761,103951.16116287553,,103696.93858442685,True,False
46.5,0.004,0.0014601271190866775,0.55,1.037825811638295,103951.09410247042,4.0,4.0996867493021245,1.037825811638295,103951.09410247042,1.0483470752225645,104320.6465720941,False,False
47.0,0.004,0.0014603512850995272,0.55,1.0382490864241118,103951.03354822005,4.0,4.099634405140378,1.0382490864241118,103951.03354822005,1.0381950908173956,104126.75312168921,False,False
47.5,0.004,0.0014605758176355205,0.55,1.0386723237878392,103950.97874044659,4.0,4.09958713879926,1.0386723237878392,103950.97874044659,1.0445061473296433,104465.5594784983,False,False
48.0,0.004,0.0014608006673324577,0.55,1.039095523676617,103950.92900810303,4.0,4.099544357469275,1.039095523676617,103950.92900810303,1.0261865912233823,104251.85715394939,False,False
48.5,0.004,0.0014610257905973234,0.55,1.0395186860448509,103950.88375844686,4.0,4.0995055374836875,1.0395186860448509,103950.88375844686,1.0429854865336352,103920.17268008283,False,False
49.0,0.004,0.001461251148933388,0.55,1.039941810853362,103950.84246791483,4.0,4.099470216266961,1.039941810853362,103950.84246791483,1.0230597696796966,103890.83333279684,False,False
49.5,0.004,0.0014614767083456562,0.55,1.0403648980686377,103950.80467405962,4.0,4.099437985218818,1.0403648980686377,103950.80467405962,1.0200116086192383,103976.35499004346,False,False
50.0,0.004,0.0014617024388155664,0.55,1.0407879476621684,103950.76996842482,4.0,4.099408483425574,1.0407879476621684,103950.76996842482,1.037743178885054,104003.34825399448,False,False
50.5,0.004,0.0014619283138368909,0.55,1.0412109596098622,103950.73799024937,4.0,4.099381392102821,1.0412109596098622,103950.73799024937,1.0322116835338762,103791.51488891235,False,False
51.0,0.004,0.0014621543100057134,0.55,1.041633933891528,103950.70842090518,4.0,4.099356429684539,1.041633933891528,103950.70842090518,1.0432744618486502,103940.91993162858,False,False
51.5,0.004,0.0014623804066582155,0.55,1.0420568704904183,103950.68097898232,4.0,4.099333347483853,1.0420568704904183,103950.68097898232,1.0645044367552787,104433.47699758303,False,False
52.0,0.004,0.0014626065855506735,0.55,1.0424797693928265,103950.65541594698,4.0,4.099311925858634,1.0424797693928265,103950.65541594698,1.0341625375787056,103440.01392269929,False,False
52.5,0.004,0.0014628328305767914,0.55,1.0429026305877305,103950.63151230529,4.0,4.099291970823826,1.0429026305877305,103950.63151230529,1.0366631947232914,104028.17795416334,False,False
53.0,0.004,0.0014630591275180019,0.55,1.0433254540664774,103950.609074214,4.0,4.099273311058177,1.0433254540664774,103950.609074214,1.0453794935271243,103678.52323241977,False,False
53.5,0.004,0.0014632854638228837,0.55,1.0437482398225069,103950.58793048655,4.0,4.099255795259618,1.0437482398225069,103950.58793048655,1.0486783727366304,104006.69905532802,False,False
54.0,0.004,0.0014635118284123498,0.55,1.0441709878511047,103950.56792994778,4.0,4.099239289809017,1.0441709878511047,103950.56792994778,1.042406927192047,104202.52466251024,False,False
54.5,0.004,0.0014637382115075313,0.55,1.0445936981491868,103950.54893909763,4.0,4.0992236767058445,1.0445936981491868,103950.54893909763,1.0425343948466546,103933.26588496032,False,False
55.0,0.004,0.001463964604477806,0.55,1.0450163707151072,103950.53084004657,4.0,4.099208851745032,1.0450163707151072,103950.53084004657,1.0520410002663128,104182.42691600109,False,False
55.5,0.004,0.0014641909997065113,0.55,1.0454390055484895,103950.51352869264,4.0,4.0991947229057155,1.0454390055484895,103950.51352869264,1.0506380819188283,103473.56170827738,False,False
56.0,0.004,0.0014644173904723944,0.55,1.0458616026500773,103950.49691311047,4.0,4.099181208928544,1.0458616026500773,103950.49691311047,1.0355248443293403,104282.59364691011,False,False
56.5,0.004,0.001464643770844865,0.55,1.0462841620216032,103950.48091212886,4.0,4.099168238058428,1.0462841620216032,103950.48091212886,1.0454923488354448,103769.54213933441,False,False
57.0,0.004,0.001464870135591519,0.55,1.0467066836656713,103950.46545407381,4.0,4.099155746934322,1.0467066836656713,103950.46545407381,1.047059552152286,104137.18787501153,False,False
57.5,0.004,0.0014650964800964378,0.55,1.0471291675856553,103950.45047565881,4.0,4.099143679608266,1.0471291675856553,103950.45047565881,1.0365843213651642,104005.18490445176,False,False
58.0,0.004,0.0014653228002880609,0.55,1.0475516137856073,103950.43592100417,4.0,4.099131986679181,1.0475516137856073,103950.43592100417,1.0501500047923509,103174.76726726703,False,False
58.5,0.004,0.0014655490925754645,0.55,1.047974022270178,103950.42174077121,4.0,4.099120624527498,1.047974022270178,103950.42174077121,1.0393944574984126,103723.60250433015,False,False
59.0,0.004,0.001465775353792108,0.55,1.0483963930445461,103950.40789139757,4.0,4.0991095546393685,1.0483963930445461,103950.40789139757,1.0581170601237166,104016.56040177819,False,False
59.5,0.004,0.0014660015811461577,0.55,1.0488187261143551,103950.39433442133,4.0,4.099098743009789,1.0488187261143551,103950.39433442133,1.0507461852404059,104416.58715889207,False,False
60.0,0.004,0.0014662277721765899,0.55,1.0492410214856591,103950.38103588477,4.0,4.0990881596150786,1.0492410214856591,103950.38103588477,1.0501340863433497,104036.56152165587,False,False
60.5,0.004,0.0014664539247144666,0.55,1.0496632791648735,103950.36796580738,4.0,4.099077777947441,1.0496632791648735,103950.36796580738,1.0437529956363107,104027.67672973861,False,False
61.0,0.004,0.001466680036848723,0.55,1.050085499158732,103950.35509772047,4.0,4.099067574603673,1.050085499158732,103950.35509772047,1.048899400919955,103526.54987083166,False,False
61.5,0.004,0.0014669061068959491,0.55,1.0505076814742493,103950.34240825634,4.0,4.099057528921865,1.0505076814742493,103950.34240825634,1.0305302185451788,104379.6864172134,False,False
62.0,0.004,0.0014671321333737262,0.55,1.050929826118687,103950.32987678524,4.0,4.099047622660732,1.050929826118687,103950.32987678524,1.0396157514134565,104492.45297534167,False,False
62.5,0.004,0.0014673581149770632,0.55,1.0513519330995242,103950.31748509503,4.0,4.099037839716234,1.0513519330995242,103950.31748509503,1.0549803310914119,103958.88999803222,False,False
63.0,0.004,0.0014675840505576118,0.55,1.0517740024244313,103950.30521710805,4.0,4.099028165871539,1.0517740024244313,103950.30521710805,1.03048833200621,103884.37810264202,False,False
63.5,0.004,0.0014678099391052949,0.55,1.052196034101247,103950.29305863123,4.0,4.0990185885759916,1.052196034101247,103950.29305863123,1.0606621193160588,103464.57814388833,False,False
64.0,0.004,0.0014680357797320978,0.55,1.0526180281379585,103950.28099713549,4.0,4.099009096750075,1.0526180281379585,103950.28099713549,1.0351570633842193,104215.27731482244,False,False
64.5,0.004,0.0014682615716577604,0.55,1.053039984542682,103950.2690215607,4.0,4.0989996806132005,1.053039984542682,103950.2690215607,1.0606073695693248,104760.95281926842,False,False
65.0,0.004,0.001468487314197128,0.55,1.0534619033236492,103950.25712214374,4.0,4.098990331531471,1.0534619033236492,103950.25712214374,1.045006932994856,104165.3910445797,False,False
65.5,0.004,0.0014687130067490034,0.55,1.053883784489191,103950.24529026652,4.0,4.09898104188345,1.053883784489191,103950.24529026652,1.0616736953326156,104329.35634571248,False,False
66.0,0.004,0.0014689386487862948,0.55,1.0543056280477268,103950.23351832182,4.0,4.098971804941546,1.0543056280477268,103950.23351832182,1.0556151401235747,104112.85970643428,False,False
66.5,0.004,0.0014691642398473174,0.55,1.0547274340077522,103950.22179959479,4.0,4.098962614767262,1.0547274340077522,103950.22179959479,1.0393590846048373,103654.71703362415,False,False
67.0,0.004,0.001469389779528117,0.55,1.0551492023778308,103950.21012815837,4.0,4.098953466118716,1.0551492023778308,103950.21012815837,1.0676406898734154,104351.21191746433,False,False
67.5,0.004,0.0014696152674756923,0.55,1.0555709331665848,103950.19849878098,4.0,4.098944354369013,1.0555709331665848,103950.19849878098,1.0699880047218109,103579.82602894006,False,False
68.0,0.004,0.0014698407033820117,0.55,1.0559926263826878,103950.18690684502,4.0,4.098935275434134,1.0559926263826878,103950.18690684502,1.0553345773226857,103886.9874351461,False,False
68.5,0.004,0.0014700660869787373,0.55,1.0564142820348579,103950.17534827472,4.0,4.098926225709376,1.0564142820348579,103950.17534827472,1.0536751193131346,104033.83087177547,False,False
69.0,0.004,0.0014702914180325507,0.55,1.0568359001318524,103950.16381947277,4.0,4.098917202013012,1.0568359001318524,103950.16381947277,1.055237230472146,104215.03671770576,False,False
69.5,0.004,0.00147051669634105,0.55,1.0572574806824622,103950.15231726412,4.0,4.098908201536811,1.0572574806824622,103950.15231726412,1.0475059574546748,104074.94801689341,False,False
70.0,0.004,0.0014707419217291078,0.55,1.0576790236955074,103950.14083884646,4.0,4.09889922180216,1.0576790236955074,103950.14083884646,1.0686648912930765,104066.19118909648,False,False
70.5,0.004,0.0014709670940456709,0.55,1.058100529179833,103950.12938174648,4.0,4.098890260621448,1.058100529179833,103950.12938174648,1.0526716098625313,103721.68296121784,False,False
71.0,0.004,0.0014711922131609232,0.55,1.0585219971443063,103950.11794378128,4.0,4.098881316063865,1.0585219971443063,103950.11794378128,1.0580100930173895,103563.30651959314,False,False
71.5,0.004,0.0014714172789637946,0.55,1.0589434275978122,103950.10652302425,4.0,4.098872386425346,1.0589434275978122,103950.10652302425,1.0510104635657818,103968.55072350321,False,False
72.0,0.004,0.0014716422913597469,0.55,1.0593648205492523,103950.09511777513,4.0,4.0988634702018585,1.0593648205492523,103950.09511777513,1.0531040895520503,103737.03668460225,False,False
72.5,0.004,0.001471867250268841,0.55,1.0597861760075409,103950.08372653316,4.0,4.098854566066088,1.0597861760075409,103950.08372653316,1.0470089244910292,103557.74803811239,False,False
73.0,0.004,0.0014720921556240002,0.55,1.0602074939816035,103950.07234797395,4.0,4.098845672846473,1.0602074939816035,103950.07234797395,1.0727781871187474,103570.28840652337,False,False
73.5,0.004,0.0014723170073695103,0.55,1.0606287744803753,103950.06098092861,4.0,4.098836789509105,1.0606287744803753,103950.06098092861,1.0590878987483152,103803.02243867668,False,False
74.0,0.004,0.0014725418054596744,0.55,1.0610500175127986,103950.04962436545,4.0,4.098827915141487,1.0610500175127986,103950.04962436545,1.0707092337000867,103394.27596631325,False,False
74.5,0.004,0.0014727665498576283,0.55,1.0614712230878223,103950.03827737404,4.0,4.0988190489382275,1.0614712230878223,103950.03827737404,1.0616044690569548,103545.79766652072,False,False
75.0,0.004,0.0014729912405343092,0.55,1.0618923912143998,103950.02693915085,4.0,4.098810190188596,1.0618923912143998,103950.02693915085,1.054948355937371,103459.48586043007,False,False
75.5,0.004,0.0014732158774675276,0.55,1.0623135219014885,103950.0156089866,4.0,4.098801338265302,1.0623135219014885,103950.0156089866,1.059046669301466,104004.6934481211,False,False
76.0,0.004,0.0014734404606411523,0.55,1.0627346151580483,103950.00428625545,4.0,4.098792492614658,1.0627346151580483,103950.00428625545,1.0571323046530194,104072.39955511098,False,False
76.5,0.004,0.0014736649900444067,0.55,1.063155670993041,103949.99297040484,4.0,4.098783652748081,1.063155670993041,103949.99297040484,1.0632352619848902,104552.13525935968,False,False
77.0,0.004,0.001473889465671219,0.55,1.063576689415429,103949.98166094723,4.0,4.098774818234222,1.063576689415429,103949.98166094723,1.0598240210186596,103500.72272117752,False,False
77.5,0.004,0.0014741138875196838,0.55,1.0639976704341758,103949.9703574522,4.0,4.098765988692485,1.0639976704341758,103949.9703574522,1.0609984532747578,103746.0912697793,False,False
78.0,0.004,0.0014743382555915535,0.55,1.064418614058244,103949.95905953983,4.0,4.098757163786856,1.064418614058244,103949.95905953983,1.0506328672168848,104223.74247633667,False,False
78.5,0.004,0.001474562569891812,0.55,1.0648395202965952,103949.94776687479,4.0,4.098748343220761,1.0648395202965952,103949.94776687479,1.056771061020384,103884.9156253781,False,False
79.0,0.004,0.00147478683042829,0.55,1.0652603891581904,103949.93647916104,4.0,4.098739526732411,1.0652603891581904,103949.93647916104,1.0818009646461948,103851.8370975487,False,False
79.5,0.004,0.0014750110372113274,0.55,1.0656812206519886,103949.92519613725,4.0,4.098730714090726,1.0656812206519886,103949.92519613725,1.0589688884894715,104462.67610713912,False,False
80.0,0.004,0.0014752351902534721,0.55,1.0661020147869462,103949.91391757267,4.0,4.098721905091684,1.0661020147869462,103949.91391757267,1.0555610769107113,103848.39206971646,False,False
80.5,0.004,0.0014754592895692203,0.55,1.066522771572018,103949.90264326359,4.0,4.098713099555166,1.066522771572018,103949.90264326359,1.0698960348977684,103603.04418246339,False,False
81.0,0.004,0.0014756833351747803,0.55,1.0669434910161555,103949.89137303008,4.0,4.098704297322138,1.0669434910161555,103949.89137303008,1.081016213011721,103554.80938507001,False,False
81.5,0.004,0.0014759073270878707,0.55,1.0673641731283074,103949.88010671332,4.0,4.098695498252162,1.0673641731283074,103949.88010671332,1.0528239301034954,104050.5884034075,False,False
82.0,0.004,0.0014761312653275396,0.55,1.0677848179174194,103949.86884417293,4.0,4.098686702221241,1.0677848179174194,103949.86884417293,1.0656995994349068,104041.44132519473,False,False
82.5,0.004,0.0014763551499140002,0.55,1.0682054253924338,103949.85758528499,4.0,4.098677909119814,1.0682054253924338,103949.85758528499,1.0618848998530848,103538.34687419914,False,False
83.0,0.004,0.0014765789808684974,0.55,1.068625995562289,103949.84632993996,4.0,4.098669118851134,1.068625995562289,103949.84632993996,1.051015800819015,103654.22745262207,False,False
83.5,0.004,0.0014768027582131764,0.55,1.06904652843592,103949.83507804111,4.0,4.0986603313297065,1.06904652843592,103949.83507804111,1.076395795528504,104110.2488693858,False,False
84.0,0.004,0.001477026481970982,0.55,1.0694670240222584,103949.82382950284,4.0,4.098651546480028,1.0694670240222584,103949.82382950284,1.06923258483671,104123.00386126038,False,False
84.5,0.004,0.001477250152165548,0.55,1.0698874823302307,103949.8125842496,4.0,4.098642764235277,1.0698874823302307,103949.8125842496,1.0706019007731566,103756.8459591684,False,False
85.0,0.004,0.0014774737688211291,0.55,1.0703079033687606,103949.80134221441,4.0,4.098633984536482,1.0703079033687606,103949.80134221441,1.0627847886443047,104136.46620277001,False,False
85.5,0.004,0.0014776973319625083,0.55,1.070728287146767,103949.79010333818,4.0,4.098625207331386,1.070728287146767,103949.79010333818,1.075276128776736,104121.34647952535,False,False
86.0,0.004,0.001477920841614946,0.55,1.0711486336731644,103949.77886756853,4.0,4.098616432573844,1.0711486336731644,103949.77886756853,1.0657556601782912,103414.85434295266,False,False
86.5,0.004,0.0014781442978041113,0.55,1.0715689429568638,103949.76763485909,4.0,4.098607660222992,1.0715689429568638,103949.76763485909,1.070139910871896,103856.14850972447,False,False
87.0,0.004,0.001478367700556033,0.55,1.0719892150067711,103949.75640516884,4.0,4.098598890242638,1.0719892150067711,103949.75640516884,1.060906607084956,104074.29408250518,False,False
87.5,0.004,0.0014785910498970587,0.55,1.0724094498317882,103949.74517846137,4.0,4.098590122600767,1.0724094498317882,103949.74517846137,1.0602484222297062,103777.82246781218,False,False
88.0,0.004,0.0014788143458538054,0.55,1.0728296474408126,103949.73395470447,4.0,4.098581357268968,1.0728296474408126,103949.73395470447,1.0861849659938128,103308.05439401415,False,False
88.5,0.004,0.0014790375884531364,0.55,1.073249807842737,103949.72273386946,4.0,4.098572594222115,1.073249807842737,103949.72273386946,1.0681787607973523,103864.81831742963,False,False
89.0,0.004,0.0014792607777221142,0.55,1.07366993104645,103949.71151593098,4.0,4.098563833437827,1.07366993104645,103949.71151593098,1.076586734610008,104175.3394639134,False,False
89.5,0.004,0.001479483913687989,0.55,1.0740900170608352,103949.70030086636,4.0,4.0985550748963036,1.0740900170608352,103949.70030086636,1.0737521127131615,104423.8219766103,False,False
90.0,0.004,0.00147970699637816,0.55,1.0745100658947722,103949.68908865555,4.0,4.098546318579882,1.0745100658947722,103949.68908865555,1.0700986138671502,103292.45429027935,False,False
90.5,0.004,0.0014799300258201676,0.55,1.0749300775571355,103949.67787928073,4.0,4.098537564472907,1.0749300775571355,103949.67787928073,1.0698504678537633,104733.67428295001,False,False
91.0,0.004,0.0014801530020416703,0.55,1.0753500520567953,103949.66667272586,4.0,4.098528812561487,1.0753500520567953,103949.66667272586,1.0816508779712513,103611.52577341707,False,False
91.5,0.004,0.001480375925070415,0.55,1.075769989402617,103949.65546897672,4.0,4.0985200628331055,1.075769989402617,103949.65546897672,1.072751313357278,104236.74673021706,False,False
92.0,0.004,0.0014805987949342405,0.55,1.0761898896034612,103949.64426802057,4.0,4.098511315276685,1.0761898896034612,103949.64426802057,1.0746754531217482,104319.90368918088,False,False
92.5,0.004,0.0014808216116610543,0.55,1.0766097526681844,103949.63306984608,4.0,4.0985025698822755,1.0766097526681844,103949.63306984608,1.0768319682401293,104244.53825988622,False,False
93.0,0.004,0.0014810443752788303,0.55,1.0770295786056379,103949.62187444296,4.0,4.098493826641064,1.0770295786056379,103949.62187444296,1.0887946618081579,103994.50741831107,False,False
93.5,0.004,0.0014812670858155822,0.55,1.0774493674246686,103949.61068180205,4.0,4.09848508554502,1.0774493674246686,103949.61068180205,1.0842544771709999,103601.18538299567,False,False
94.0,0.004,0.0014814897432993707,0.55,1.0778691191341188,103949.59949191508,4.0,4.098476346586999,1.0778691191341188,103949.59949191508,1.0816951218113986,104137.56712831091,False,False
94.5,0.004,0.0014817123477582907,0.55,1.0782888337428258,103949.5883047746,4.0,4.098467609760572,1.0782888337428258,103949.5883047746,1.0726531198092935,103735.01835174195,False,False
95.0,0.004,0.0014819348992204616,0.55,1.0787085112596224,103949.57712037384,4.0,4.098458875059924,1.0787085112596224,103949.57712037384,,103192.76863734265,True,False
95.5,0.004,0.0014821573977140219,0.55,1.0791281516933366,103949.56593870664,4.0,4.098450142479786,1.0791281516933366,103949.56593870664,1.0886234510106896,104798.23552882152,False,False
96.0,0.004,0.0014823798432671246,0.55,1.079547755052792,103949.55475976747,4.0,4.098441412015365,1.079547755052792,103949.55475976747,1.0892122263950008,104161.98536635567,False,False
96.5,0.004,0.001482602235907937,0.55,1.0799673213468075,103949.54358355126,4.0,4.098432683662358,1.0799673213468075,103949.54358355126,1.078560237355574,104494.96672209722,False,False
97.0,0.004,0.0014828245756646312,0.55,1.0803868505841967,103949.53241005332,4.0,4.098423957416811,1.0803868505841967,103949.53241005332,1.0858056890002319,103676.04556780499,False,False
97.5,0.004,0.001483046862565378,0.55,1.080806342773769,103949.52123926942,4.0,4.098415233275081,1.080806342773769,103949.52123926942,1.0886207733126232,104389.772086293,False,False
98.0,0.004,0.0014832690966383535,0.55,1.0812257979243294,103949.51007119556,4.0,4.098406511233885,1.0812257979243294,103949.51007119556,1.0895376424509793,104426.47081864026,False,False
98.5,0.004,0.0014834912779117216,0.55,1.0816452160446774,103949.49890582812,4.0,4.098397791290102,1.0816452160446774,103949.49890582812,1.090859050777142,104415.86376317847,False,False
99.0,0.004,0.0014837134064136473,0.55,1.0820645971436085,103949.48774316377,4.0,4.098389073440926,1.0820645971436085,103949.48774316377,1.0775084206369971,103943.12584320012,False,False
99.5,0.004,0.0014839354821722878,0.55,1.0824839412299132,103949.47658319928,4.0,4.09838035768377,1.0824839412299132,103949.47658319928,1.0976336710565604,103588.7379700765,False,False
100.0,0.004,0.0014841575052157827,0.55,1.0829032483123773,103949.46542593175,4.0,4.098371644016123,1.0829032483123773,103949.46542593175,1.07043731772952,103896.27158387266,False,False
100.5,0.004,0.0014843794755722663,0.55,1.0833225183997819,103949.45427135837,4.0,4.0983629324357285,1.0833225183997819,103949.45427135837,1.0919397491697185,103288.62353722838,False,False
101.0,0.004,0.0014846013932698552,0.55,1.0837417515009036,103949.44311947655,4.0,4.098354222940416,1.0837417515009036,103949.44311947655,1.0886810722912112,103438.83940265549,False,False
101.5,0.004,0.001484823258336655,0.55,1.0841609476245142,103949.43197028381,4.0,4.098345515528177,1.0841609476245142,103949.43197028381,1.0928971387597592,103977.0136046289,False,False
102.0,0.004,0.0014850450708007517,0.55,1.0845801067793808,103949.42082377782,4.0,4.098336810197082,1.0845801067793808,103949.42082377782,1.103370189850348,103652.00128404736,False,False
102.5,0.004,0.0014852668306902176,0.55,1.0849992289742658,103949.4096799563,4.0,4.098328106945326,1.0849992289742658,103949.4096799563,1.0998436837080523,103900.07562331988,False,False
103.0,0.004,0.001485488538033103,0.55,1.085418314217927,103949.39853881713,4.0,4.098319405771139,1.085418314217927,103949.39853881713,1.0739665451460338,103916.69861339671,False,False
103.5,0.004,0.0014857101928574435,0.55,1.0858373625191173,103949.38740035825,4.0,4.098310706672887,1.0858373625191173,103949.38740035825,1.0689506467164387,104528.60551491377,False,False
104.0,0.004,0.0014859317951912536,0.55,1.0862563738865854,103949.37626457766,4.0,4.098302009648968,1.0862563738865854,103949.37626457766,1.0944252644771233,104338.66423550295,False,False
104.5,0.004,0.0014861533450625274,0.55,1.086675348329075,103949.36513147343,4.0,4.098293314697841,1.086675348329075,103949.36513147343,1.0765252241703158,103935.90335622459,False,False
105.0,0.004,0.0014863748424992383,0.55,1.0870942858553252,103949.35400104374,4.0,4.0982846218180065,1.0870942858553252,103949.35400104374,1.0869702319688501,104312.02386129454,False,False
105.5,0.004,0.0014865962875293417,0.55,1.0875131864740704,103949.34287328675,4.0,4.0982759310080565,1.0875131864740704,103949.34287328675,1.0959104612441224,103715.42892987965,False,False
106.0,0.004,0.001486817680180767,0.55,1.0879320501940402,103949.33174820067,4.0,4.098267242266563,1.0879320501940402,103949.33174820067,1.0714940766821843,103848.2626409722,False,False
106.5,0.004,0.0014870390204814233,0.55,1.0883508770239598,103949.32062578382,4.0,4.098258555592152,1.0883508770239598,103949.32062578382,1.067251072480865,104222.38791881903,False,False
107.0,0.004,0.0014872603084592011,0.55,1.08876966697255,103949.3095060345,4.0,4.098249870983519,1.08876966697255,103949.3095060345,1.0913626571759223,103576.8113327632,False,False
107.5,0.004,0.0014874815441419651,0.55,1.0891884200485262,103949.29838895104,4.0,4.0982411884393475,1.0891884200485262,103949.29838895104,1.0896322789446593,103865.60417046097,False,False
108.0,0.004,0.001487702727557558,0.55,1.0896071362606,103949.28727453185,4.0,4.098232507958356,1.0896071362606,103949.28727453185,1.0871491055467808,103553.03351650543,False,False
108.5,0.004,0.0014879238587338023,0.55,1.0900258156174776,103949.27616277526,4.0,4.098223829539306,1.0900258156174776,103949.27616277526,1.0904111632551798,103984.51788512366,False,False
109.0,0.004,0.0014881449376984914,0.55,1.0904444581278612,103949.26505367972,4.0,4.098215153180916,1.0904444581278612,103949.26505367972,1.0818393020541883,104439.01978035654,False,False
109.5,0.004,0.0014883659644794006,0.55,1.090863063800448,103949.2539472437,4.0,4.098206478881973,1.090863063800448,103949.2539472437,1.0757281197277269,103723.62488051341,False,False
110.0,0.004,0.0014885869391042849,0.55,1.0912816326439305,103949.24284346562,4.0,4.098197806641319,1.0912816326439305,103949.24284346562,1.0896150841351273,104017.00669223977,False,False
110.5,0.004,0.0014888078616008679,0.55,1.091700164666997,103949.23174234394,4.0,4.098189136457705,1.091700164666997,103949.23174234394,1.0819830777565032,103680.03517185299,False,False
111.0,0.004,0.001489028731996855,0.55,1.0921186598783308,103949.22064387718,4.0,4.098180468329964,1.0921186598783308,103949.22064387718,1.0756838466542198,103604.35596090507,False,False
111.5,0.004,0.001489249550319929,0.55,1.0925371182866108,103949.20954806381,4.0,4.0981718022569495,1.0925371182866108,103949.20954806381,1.0975939290005436,103578.45469196129,False,False
112.0,0.004,0.0014894703165977447,0.55,1.092955539900511,103949.19845490235,4.0,4.098163138237469,1.092955539900511,103949.19845490235,1.0923415536162893,104385.62407932522,False,False
112.5,0.004,0.0014896910308579375,0.55,1.0933739247287015,103949.18736439133,4.0,4.0981544762703885,1.0933739247287015,103949.18736439133,1.0974392100950296,104657.9180055766,False,False
113.0,0.004,0.001489911693128119,0.55,1.0937922727798468,103949.17627652924,4.0,4.098145816354574,1.0937922727798468,103949.17627652924,1.0838993233655874,104094.0893881209,False,False
113.5,0.004,0.0014901323034358725,0.55,1.0942105840626075,103949.16519131463,4.0,4.098137158488856,1.0942105840626075,103949.16519131463,1.0876299961442408,103734.27730057343,False,False
114.0,0.004,0.0014903528618087625,0.55,1.0946288585856394,103949.15410874608,4.0,4.0981285026721235,1.0946288585856394,103949.15410874608,1.0846384283134378,104160.62159904903,False,False
114.5,0.004,0.0014905733682743292,0.55,1.0950470963575938,103949.14302882207,4.0,4.098119848903264,1.0950470963575938,103949.14302882207,1.0861806776870133,103848.84597091917,False,False
115.0,0.004,0.0014907938228600856,0.55,1.095465297387117,103949.13195154122,4.0,4.098111197181119,1.095465297387117,103949.13195154122,1.0974193765646112,104189.55145580243,False,False
115.5,0.004,0.0014910142255935258,0.55,1.0958834616828514,103949.12087690204,4.0,4.098102547504612,1.0958834616828514,103949.12087690204,1.088053715519502,104036.41896836188,False,False
116.0,0.004,0.0014912345765021161,0.55,1.0963015892534345,103949.10980490311,4.0,4.098093899872609,1.0963015892534345,103949.10980490311,1.0998622521416372,104033.02105015964,False,False
116.5,0.004,0.0014914548756133003,0.55,1.096719680107499,103949.09873554301,4.0,4.098085254283996,1.096719680107499,103949.09873554301,1.1001172393616812,104131.2815533556,False,False
117.0,0.004,0.0014916751229545003,0.55,1.0971377342536732,103949.08766882031,4.0,4.098076610737685,1.0971377342536732,103949.08766882031,1.1173893441224743,103775.23957772716,False,False
117.5,0.004,0.0014918953185531123,0.55,1.097555751700581,103949.07660473356,4.0,4.098067969232575,1.097555751700581,103949.07660473356,1.0836278612419128,103827.76625779971,False,False
118.0,0.004,0.0014921154624365075,0.55,1.0979737324568415,103949.06554328134,4.0,4.098059329767544,1.0979737324568415,103949.06554328134,1.106852756235192,103432.69186626514,False,False
118.5,0.004,0.001492335554632035,0.55,1.0983916765310695,103949.05448446228,4.0,4.098050692341489,1.0983916765310695,103949.05448446228,1.0974967969121854,103816.49365202624,False,False
119.0,0.004,0.001492555595167024,0.55,1.098809583931875,103949.04342827493,4.0,4.098042056953367,1.098809583931875,103949.04342827493,1.098669286630565,103522.34362125548,False,False
119.5,0.004,0.0014927755840687738,0.55,1.0992274546678635,103949.0323747179,4.0,4.098033423602055,1.0992274546678635,103949.0323747179,1.0847288164487974,103905.62801500592,False,False
120.0,0.004,0.0014929955213645635,0.55,1.099645288747636,103949.02132378976,4.0,4.098024792286474,1.099645288747636,103949.02132378976,1.0950433506203894,103661.73203897387,False,False
120.5,0.004,0.0014932154070816455,0.55,1.100063086179789,103949.01027548911,4.0,4.098016163005513,1.100063086179789,103949.01027548911,1.1074950588142287,103979.38060158551,False,False
121.0,0.004,0.0014934352412472528,0.55,1.1004808469729146,103948.99922981454,4.0,4.098007535758118,1.1004808469729146,103948.99922981454,1.0996560632527415,104084.97102173926,False,False
121.5,0.004,0.0014936550238885905,0.55,1.1008985711355999,103948.9881867646,4.0,4.097998910543174,1.1008985711355999,103948.9881867646,1.1017091148397125,103522.95141544515,False,False
122.0,0.004,0.001493874755032841,0.55,1.1013162586764278,103948.97714633802,4.0,4.097990287359582,1.1013162586764278,103948.97714633802,1.0984090918704223,103704.99341806423,False,False
122.5,0.004,0.0014940944347071705,0.55,1.1017339096039767,103948.96610853326,4.0,4.0979816662063415,1.1017339096039767,103948.96610853326,1.1132796070738395,103665.97253798264,False,False
123.0,0.004,0.0014943140629387081,0.55,1.1021515239268203,103948.95507334902,4.0,4.097973047082287,1.1021515239268203,103948.95507334902,1.1019367982563852,104172.90310087254,False,False
123.5,0.004,0.0014945336397545715,0.55,1.1025691016535277,103948.94404078386,4.0,4.097964429986394,1.1025691016535277,103948.94404078386,1.0805649449287071,104460.8526489999,False,False
124.0,0.004,0.001494753165181848,0.55,1.102986642792664,103948.93301083636,4.0,4.097955814917564,1.102986642792664,103948.93301083636,1.096065917287919,104204.39399544729,False,False
124.5,0.004,0.0014949726392476023,0.55,1.1034041473527894,103948.9219835052,4.0,4.097947201874706,1.1034041473527894,103948.9219835052,1.0837161812819869,103844.09630519547,False,False
125.0,0.004,0.0014951920619788804,0.55,1.1038216153424596,103948.91095878893,4.0,4.0979385908567885,1.1038216153424596,103948.91095878893,1.0713072311874943,104388.41287567976,False,False
125.5,0.004,0.0014954114334026969,0.55,1.1042390467702259,103948.8999366862,4.0,4.097929981862687,1.1042390467702259,103948.8999366862,1.0989378932725027,103494.66761575382,False,False
126.0,0.004,0.0014956307535460515,0.55,1.104656441644635,103948.8889171956,4.0,4.0979213748913805,1.104656441644635,103948.8889171956,1.1179920401456622,104398.69633283402,False,False
126.5,0.004,0.0014958500224359142,0.55,1.105073799974229,103948.87790031575,4.0,4.097912769941768,1.105073799974229,103948.87790031575,1.105544999035535,103752.01363842521,False,False
127.0,0.004,0.0014960692400992348,0.55,1.1054911217675458,103948.86688604525,4.0,4.0979041670127945,1.1054911217675458,103948.86688604525,1.0937656646934961,103114.77892149883,False,False
127.5,0.004,0.0014962884065629358,0.55,1.1059084070331187,103948.85587438272,4.0,4.097895566103359,1.1059084070331187,103948.85587438272,1.0965014083510944,104744.09729610814,False,False
128.0,0.004,0.0014965075218539216,0.55,1.1063256557794763,103948.84486532683,4.0,4.097886967212417,1.1063256557794763,103948.84486532683,1.1176317880819764,104422.2517876239,False,False
128.5,0.004,0.0014967265859990738,0.55,1.1067428680151432,103948.83385887613,4.0,4.097878370338937,1.1067428680151432,103948.83385887613,1.1083191342491279,103639.2687407401,False,False
129.0,0.004,0.0014969455990252432,0.55,1.107160043748639,103948.82285502928,4.0,4.097869775481794,1.107160043748639,103948.82285502928,1.1076400361642595,103999.52544930723,False,False
129.5,0.004,0.0014971645609592658,0.55,1.1075771829884793,103948.81185378491,4.0,4.097861182639965,1.1075771829884793,103948.81185378491,1.1070425651000988,103884.46201810894,False,False
130.0,0.004,0.0014973834718279499,0.55,1.1079942857431746,103948.80085514158,4.0,4.0978525918123765,1.1079942857431746,103948.80085514158,1.108378288358728,103979.46709613006,False,False
130.5,0.004,0.0014976023316580786,0.55,1.1084113520212315,103948.78985909797,4.0,4.0978440029979355,1.1084113520212315,103948.78985909797,1.1164654084906696,103503.8039278356,False,False
131.0,0.004,0.0014978211404764177,0.55,1.1088283818311522,103948.77886565273,4.0,4.0978354161956085,1.1088283818311522,103948.77886565273,1.1143540548047128,103744.3306708527,False,False
131.5,0.004,0.0014980398983097081,0.55,1.109245375181434,103948.76787480443,4.0,4.097826831404355,1.109245375181434,103948.76787480443,1.111402422181679,,False,True
132.0,0.004,0.001498258605184664,0.55,1.1096623320805699,103948.75688655171,4.0,4.097818248623081,1.1096623320805699,103948.75688655171,1.0992336485046696,104015.56573753839,False,False
132.5,0.004,0.0014984772611279795,0.55,1.1100792525370484,103948.74590089322,4.0,4.097809667850734,1.1100792525370484,103948.74590089322,1.1151903401861456,104308.51745389521,False,False
133.0,0.004,0.001498695866166326,0.55,1.110496136559354,103948.73491782759,4.0,4.097801089086269,1.110496136559354,103948.73491782759,1.1036536657794291,103972.65999505571,False,False
133.5,0.004,0.001498914420326351,0.55,1.1109129841559662,103948.72393735344,4.0,4.097792512328629,1.1109129841559662,103948.72393735344,1.121851440914971,104653.49044312284,False,False
134.0,0.004,0.0014991329236346787,0.55,1.1113297953353605,103948.71295946938,4.0,4.097783937576749,1.1113297953353605,103948.71295946938,1.0986192871181193,103733.99349231878,False,False
134.5,0.004,0.0014993513761179095,0.55,1.1117465701060074,103948.70198417414,4.0,4.0977753648295625,1.1117465701060074,103948.70198417414,1.1103703603432515,104026.50170176021,False,False
135.0,0.004,0.0014995697778026275,0.55,1.1121633084763736,103948.69101146622,4.0,4.0977667940860805,1.1121633084763736,103948.69101146622,1.1120897256134608,103373.79564268618,False,False
135.5,0.004,0.0014997881287153799,0.55,1.112580010454921,103948.68004134437,4.0,4.097758225345145,1.112580010454921,103948.68004134437,1.0993335549484797,103572.740102715,False,False
136.0,0.004,0.001500006428882708,0.55,1.1129966760501073,103948.66907380716,4.0,4.097749658605803,1.1129966760501073,103948.66907380716,1.1302163924886721,104347.22686208658,False,False
136.5,0.004,0.0015002246783311164,0.55,1.1134133052703854,103948.65810885328,4.0,4.097741093866942,1.1134133052703854,103948.65810885328,1.128017372942981,103665.81727860968,False,False
137.0,0.004,0.0015004428770870961,0.55,1.1138298981242043,103948.64714648131,4.0,4.097732531127552,1.1138298981242043,103948.64714648131,1.1091940605081134,104107.84969868173,False,False
137.5,0.004,0.0015006610251771075,0.55,1.1142464546200082,103948.63618668998,4.0,4.097723970386532,1.1142464546200082,103948.63618668998,1.1219636662756534,,False,True
138.0,0.004,0.0015008791226275987,0.55,1.1146629747662369,103948.62522947784,4.0,4.097715411642918,1.1146629747662369,103948.62522947784,1.118449735462939,103635.26054217157,False,False
138.5,0.004,0.0015010971694649818,0.55,1.115079458571326,103948.61427484358,4.0,4.0977068548955735,1.115079458571326,103948.61427484358,1.0889438639378735,103844.13949258743,False,False
139.0,0.004,0.0015013151657156565,0.55,1.1154959060437066,103948.60332278581,4.0,4.097698300143499,1.1154959060437066,103948.60332278581,1.1179998862064826,103794.3332323918,False,False
139.5,0.004,0.0015015331114059947,0.55,1.1159123171918057,103948.59237330327,4.0,4.097689747385617,1.1159123171918057,103948.59237330327,1.1152988763934732,103802.38261276588,False,False
140.0,0.004,0.0015017510065623524,0.55,1.1163286920240454,103948.58142639454,4.0,4.097681196620952,1.1163286920240454,103948.58142639454,1.1171608655587908,104174.66388967277,False,False
140.5,0.004,0.001501968851211054,0.55,1.1167450305488436,103948.57048205823,4.0,4.097672647848413,1.1167450305488436,103948.57048205823,1.1059762813505718,104144.2738483832,False,False
141.0,0.004,0.0015021866453784037,0.55,1.1171613327746137,103948.55954029303,4.0,4.097664101066934,1.1171613327746137,103948.55954029303,1.1144678623124096,103775.33183130492,False,False
141.5,0.004,0.0015024043890906858,0.55,1.1175775987097654,103948.54860109759,4.0,4.097655556275493,1.1175775987097654,103948.54860109759,1.1157950110759425,103676.41775994582,False,False
142.0,0.004,0.0015026220823741614,0.55,1.1179938283627031,103948.53766447058,4.0,4.097647013473044,1.1179938283627031,103948.53766447058,1.1298747705348262,104033.23886482608,False,False
142.5,0.004,0.0015028397252550708,0.55,1.1184100217418274,103948.52673041067,4.0,4.097638472658579,1.1184100217418274,103948.52673041067,1.1217542923457375,103918.52210688549,False,False
143.0,0.004,0.0015030573177596289,0.55,1.118826178855534,103948.51579891644,4.0,4.097629933831052,1.118826178855534,103948.51579891644,1.1187706285535075,104257.00053765137,False,False
143.5,0.004,0.0015032748599140258,0.55,1.1192422997122151,103948.50486998663,4.0,4.097621396989385,1.1192422997122151,103948.50486998663,1.1345319996913246,104745.09294117065,False,False
144.0,0.004,0.001503492351744436,0.55,1.1196583843202577,103948.49394361983,4.0,4.097612862132591,1.1196583843202577,103948.49394361983,1.1141059050226212,104201.37127394727,False,False
144.5,0.004,0.001503709793277005,0.55,1.1200744326880447,103948.48301981474,4.0,4.097604329259589,1.1200744326880447,103948.48301981474,1.1161801296392908,103938.06393849547,False,False
145.0,0.004,0.0015039271845378606,0.55,1.120490444823955,103948.47209857,4.0,4.097595798369372,1.120490444823955,103948.47209857,1.1023228947105643,103896.85890730628,False,False
145.5,0.004,0.0015041445255531052,0.55,1.1209064207363628,103948.46117988427,4.0,4.0975872694608935,1.1209064207363628,103948.46117988427,1.1365974791991988,103691.45294374501,False,False
146.0,0.004,0.0015043618163488204,0.55,1.121322360433638,103948.45026375623,4.0,4.097578742533121,1.121322360433638,103948.45026375623,1.1309656841155822,103676.44842844145,False,False
146.5,0.004,0.0015045790569510663,0.55,1.1217382639241462,103948.43935018452,4.0,4.097570217585032,1.1217382639241462,103948.43935018452,1.1309067443692633,103647.4146970342,False,False
147.0,0.004,0.0015047962473858784,0.55,1.1221541312162486,103948.42843916784,4.0,4.097561694615583,1.1221541312162486,103948.42843916784,1.128843115680718,103829.82788774623,False,False
147.5,0.004,0.0015050133876792727,0.55,1.122569962318302,103948.4175307048,4.0,4.097553173623762,1.122569962318302,103948.4175307048,1.1236714481949386,103820.27449697655,False,False
148.0,0.004,0.0015052304778572386,0.55,1.1229857572386592,103948.40662479412,4.0,4.097544654608503,1.1229857572386592,103948.40662479412,1.1251406466304825,104171.52583676267,False,False
148.5,0.004,0.0015054475179457493,0.55,1.1234015159856683,103948.39572143444,4.0,4.097536137568818,1.1234015159856683,103948.39572143444,,103828.69601693431,True,False
149.0,0.004,0.0015056645079707506,0.55,1.1238172385676732,103948.38482062444,4.0,4.097527622503651,1.1238172385676732,103948.38482062444,1.1217812343104439,103889.14990569362,False,False
149.5,0.004,0.0015058814479581696,0.55,1.1242329249930136,103948.37392236275,4.0,4.097519109411992,1.1242329249930136,103948.37392236275,1.1247759611101507,103582.891714696,False,False
150.0,0.004,0.0015060983379339068,0.55,1.1246485752700246,103948.36302664812,4.0,4.097510598292772,1.1246485752700246,103948.36302664812,1.1397668703856623,104441.73571540722,False,False
150.5,0.004,0.0015063151779238487,0.55,1.1250641894070372,103948.35213347914,4.0,4.097502089145039,1.1250641894070372,103948.35213347914,1.1306210684251181,104100.4480563551,False,False
151.0,0.004,0.0015065319679538505,0.55,1.1254797674123782,103948.34124285454,4.0,4.097493581967703,1.1254797674123782,103948.34124285454,1.1248951661547897,104485.00319362171,False,False
151.5,0.004,0.001506748708049752,0.55,1.12589530929437,103948.33035477296,4.0,4.097485076759776,1.12589530929437,103948.33035477296,1.120101388789936,104187.39609238377,False,False
152.0,0.004,0.001506965398237367,0.55,1.1263108150613304,103948.3194692331,4.0,4.097476573520212,1.1263108150613304,103948.3194692331,1.1199608301872137,104395.21025480708,False,False
152.5,0.004,0.001507182038542491,0.55,1.1267262847215733,103948.3085862336,4.0,4.097468072248013,1.1267262847215733,103948.3085862336,1.1427533348332983,103873.76232860012,False,False
153.0,0.004,0.0015073986289908922,0.55,1.1271417182834083,103948.29770577319,4.0,4.097459572942123,1.1271417182834083,103948.29770577319,1.1322085913256792,104163.44594816027,False,False
153.5,0.004,0.001507615169608324,0.55,1.1275571157551403,103948.2868278505,4.0,4.097451075601565,1.1275571157551403,103948.2868278505,1.1282326213382468,104759.93873870333,False,False
154.0,0.004,0.001507831660420511,0.55,1.12797247714507,103948.27595246426,4.0,4.097442580225284,1.12797247714507,103948.27595246426,1.124510658723543,103581.21561398251,False,False
154.5,0.004,0.0015080481014531615,0.55,1.1283878024614946,103948.26507961309,4.0,4.0974340868122905,1.1283878024614946,103948.26507961309,1.1172972683444893,104301.14576613235,False,False
155.0,0.004,0.001508264492731956,0.55,1.1288030917127059,103948.2542092957,4.0,4.097425595361529,1.1288030917127059,103948.2542092957,1.128134476138007,104457.63747481928,False,False
155.5,0.004,0.0015084808342825586,0.55,1.1292183449069921,103948.24334151084,4.0,4.097417105872002,1.1292183449069921,103948.24334151084,1.137954925251694,104074.58161482366,False,False
156.0,0.004,0.001508697126130613,0.55,1.129633562052637,103948.23247625708,4.0,4.097408618342741,1.129633562052637,103948.23247625708,1.125708189584262,104177.79620697214,False,False
156.5,0.004,0.001508913368301731,0.55,1.13004874315792,103948.22161353317,4.0,4.097400132772647,1.13004874315792,103948.22161353317,1.1277763173279145,104332.11195384708,False,False
157.0,0.004,0.0015091295608215137,0.55,1.1304638882311164,103948.21075333779,4.0,4.097391649160754,1.1304638882311164,103948.21075333779,1.1282535447167266,103747.12220354815,False,False
157.5,0.004,0.0015093457037155347,0.55,1.1308789972804971,103948.19989566965,4.0,4.09738316750604,1.1308789972804971,103948.19989566965,1.131974940960479,104073.42341411281,False,False
158.0,0.004,0.0015095617970093498,0.55,1.1312940703143288,103948.18904052739,4.0,4.097374687807517,1.1312940703143288,103948.18904052739,1.1153639615268727,103681.78755984176,False,False
158.5,0.004,0.0015097778407284867,0.55,1.131709107340874,103948.17818790971,4.0,4.097366210064129,1.131709107340874,103948.17818790971,1.1293551238212232,103740.80407551328,False,False
159.0,0.004,0.0015099938348984568,0.55,1.132124108368391,103948.16733781532,4.0,4.097357734274876,1.132124108368391,103948.16733781532,1.1235801531868503,103758.69851413184,False,False
159.5,0.004,0.001510209779544749,0.55,1.1325390734051335,103948.15649024292,4.0,4.09734926043876,1.1325390734051335,103948.15649024292,1.1413849237307596,103904.27600843526,False,False
160.0,0.004,0.0015104256746928308,0.55,1.1329540024593514,103948.14564519118,4.0,4.097340788554781,1.1329540024593514,103948.14564519118,1.1252480156937028,103993.07833673622,False,False
160.5,0.004,0.0015106415203681456,0.55,1.13336889553929,103948.13480265884,4.0,4.097332318621905,1.13336889553929,103948.13480265884,1.139139363012297,104087.04475276441,False,False
161.0,0.004,0.0015108573165961202,0.55,1.1337837526531906,103948.12396264447,4.0,4.0973238506391665,1.1337837526531906,103948.12396264447,1.1490281271804583,103512.85135569987,False,False
161.5,0.004,0.0015110730634021493,0.55,1.1341985738092903,103948.11312514693,4.0,4.097315384605465,1.1341985738092903,103948.11312514693,1.131062611196474,104556.14575169909,False,False
162.0,0.004,0.0015112887608116233,0.55,1.1346133590158218,103948.10229016482,4.0,4.097306920519913,1.1346133590158218,103948.10229016482,1.1285975964945871,104303.1609771917,False,False
162.5,0.004,0.0015115044088498952,0.55,1.1350281082810134,103948.09145769686,4.0,4.0972984583814345,1.1350281082810134,103948.09145769686,1.1369424308722744,104171.16028851469,False,False
163.0,0.004,0.0015117200075423038,0.55,1.1354428216130896,103948.08062774177,4.0,4.097289998189039,1.1354428216130896,103948.08062774177,1.1354225313369994,103838.12151025976,False,False
163.5,0.004,0.001511935556914167,0.55,1.1358574990202706,103948.06980029824,4.0,4.097281539941738,1.1358574990202706,103948.06980029824,1.1259213355468733,103920.67780027798,False,False
164.0,0.004,0.0015121510569907788,0.55,1.136272140510772,103948.05897536497,4.0,4.097273083638523,1.136272140510772,103948.05897536497,1.1408813346679059,104116.40890155494,False,False
164.5,0.004,0.001512366507797413,0.55,1.1366867460928058,103948.04815294062,4.0,4.097264629278392,1.1366867460928058,103948.04815294062,1.15684190662756,104074.4801488592,False,False
165.0,0.004,0.0015125819093593194,0.55,1.1371013157745793,103948.03733302398,4.0,4.097256176860314,1.1371013157745793,103948.03733302398,1.134520195821922,103431.71860160094,False,False
165.5,0.004,0.0015127972617017334,0.55,1.1375158495642956,103948.0265156137,4.0,4.097247726383344,1.1375158495642956,103948.0265156137,1.135487087603649,104175.81029489472,False,False
166.0,0.004,0.0015130125648498613,0.55,1.137930347470154,103948.01570070849,4.0,4.09723927784645,1.137930347470154,103948.01570070849,1.1274810272344633,104844.48997722949,False,False
166.5,0.004,0.001513227818828892,0.55,1.1383448095003492,103948.00488830707,4.0,4.097230831248631,1.1383448095003492,103948.00488830707,1.1415356940172148,103380.01790326144,False,False
167.0,0.004,0.0015134430236639928,0.55,1.1387592356630718,103947.99407840816,4.0,4.097222386588901,1.1387592356630718,103947.99407840816,1.1262894734159956,104253.89736489838,False,False
167.5,0.004,0.0015136581793803107,0.55,1.1391736259665084,103947.98327101041,4.0,4.0972139438662705,1.1391736259665084,103947.98327101041,1.1281043157229935,104061.5338635332,False,False
168.0,0.004,0.0015138732860029668,0.55,1.1395879804188411,103947.9724661126,4.0,4.097205503079705,1.1395879804188411,103947.9724661126,1.152384653137279,103913.64790019914,False,False
168.5,0.004,0.0015140883435570685,0.55,1.1400022990282483,103947.96166371343,4.0,4.0971970642282525,1.1400022990282483,103947.96166371343,1.130947768434302,104370.06638572013,False,False
169.0,0.004,0.001514303352067698,0.55,1.1404165818029037,103947.9508638116,4.0,4.097188627310922,1.1404165818029037,103947.9508638116,1.1512301574962172,103583.87196988754,False,False
169.5,0.004,0.0015145183115599144,0.55,1.140830828750977,103947.9400664058,4.0,4.097180192326694,1.140830828750977,103947.9400664058,1.156074408788805,103998.06856423937,False,False
170.0,0.004,0.0015147332220587584,0.55,1.1412450398806337,103947.92927149477,4.0,4.097171759274579,1.1412450398806337,103947.92927149477,1.1438383044554012,104398.51566707324,False,False
170.5,0.004,0.0015149480835892485,0.55,1.1416592152000355,103947.91847907726,4.0,4.097163328153577,1.1416592152000355,103947.91847907726,1.1471931292285438,103887.28891562749,False,False
171.0,0.004,0.0015151628961763864,0.55,1.1420733547173394,103947.90768915192,4.0,4.0971548989627475,1.1420733547173394,103947.90768915192,1.1615958641542072,103819.12877924395,False,False
171.5,0.004,0.0015153776598451445,0.55,1.1424874584406985,103947.89690171754,4.0,4.097146471701042,1.1424874584406985,103947.89690171754,1.1405201744200413,103983.29006843692,False,False
172.0,0.004,0.0015155923746204827,0.55,1.1429015263782618,103947.88611677279,4.0,4.09713804636752,1.1429015263782618,103947.88611677279,1.1369714684088457,103810.85951237135,False,False
172.5,0.004,0.0015158070405273335,0.55,1.143315558538174,103947.87533431641,4.0,4.097129622961159,1.143315558538174,103947.87533431641,1.1297832478903447,104424.6259534045,False,False
173.0,0.004,0.0015160216575906126,0.55,1.1437295549285755,103947.8645543471,4.0,4.097121201480992,1.1437295549285755,103947.8645543471,1.144146625732039,103668.31022224575,False,False
173.5,0.004,0.0015162362258352112,0.55,1.144143515557603,103947.8537768636,4.0,4.097112781926009,1.144143515557603,103947.8537768636,1.158934957666786,104216.93315796278,False,False
174.0,0.004,0.0015164507452860023,0.55,1.1445574404333887,103947.84300186468,4.0,4.097104364295233,1.1445574404333887,103947.84300186468,1.1541533942473974,103561.83786199475,False,False
174.5,0.004,0.0015166652159678408,0.55,1.1449713295640607,103947.83222934899,4.0,4.0970959485877225,1.1449713295640607,103947.83222934899,1.1355504171498811,104154.10395016555,False,False
175.0,0.004,0.001516879637905553,0.55,1.145385182957743,103947.82145931527,4.0,4.097087534802441,1.145385182957743,103947.82145931527,1.136831429119417,103915.48161844266,False,False
175.5,0.004,0.001517094011123949,0.55,1.1457990006225558,103947.81069176226,4.0,4.097079122938402,1.1457990006225558,103947.81069176226,,103151.2621003657,True,False
176.0,0.004,0.0015173083356478192,0.55,1.1462127825666144,103947.7999266887,4.0,4.09707071299465,1.1462127825666144,103947.7999266887,1.1491354633915678,103945.95698068259,False,False
176.5,0.004,0.0015175226115019317,0.55,1.1466265287980308,103947.7891640933,4.0,4.097062304970199,1.1466265287980308,103947.7891640933,1.144573414526994,103618.75404171101,False,False
177.0,0.004,0.0015177368387110323,0.55,1.1470402393249124,103947.77840397484,4.0,4.097053898864046,1.1470402393249124,103947.77840397484,1.1491847787793432,103810.74395019672,False,False
177.5,0.004,0.0015179510172998525,0.55,1.1474539141553624,103947.76764633197,4.0,4.097045494675274,1.1474539141553624,103947.76764633197,1.1504213079358168,104422.23318592674,False,False
178.0,0.004,0.001518165147293092,0.55,1.1478675532974802,103947.75689116349,4.0,4.097037092402823,1.1478675532974802,103947.75689116349,1.1448798174306958,103603.18256505129,False,False
178.5,0.004,0.001518379228715441,0.55,1.148281156759361,103947.74613846808,4.0,4.097028692045776,1.148281156759361,103947.74613846808,1.1478794173433315,103620.7610107501,False,False
179.0,0.004,0.0015185932615915604,0.55,1.1486947245490957,103947.73538824453,4.0,4.0970202936031095,1.1486947245490957,103947.73538824453,1.150760648321256,104392.00024530607,False,False
179.5,0.004,0.001518807245946098,0.55,1.1491082566747715,103947.72464049153,4.0,4.097011897073891,1.1491082566747715,103947.72464049153,1.1482685596394397,103983.48371663199,False,False
180.0,0.004,0.0015190211818036747,0.55,1.1495217531444708,103947.71389520784,4.0,4.09700350245711,1.1495217531444708,103947.71389520784,1.1545569617944114,104423.13317048531,False,False
180.5,0.004,0.0015192350691888936,0.55,1.1499352139662726,103947.70315239222,4.0,4.0969951097518,1.1499352139662726,103947.70315239222,1.1686439716995527,104047.48536462699,False,False
181.0,0.004,0.0015194489081263398,0.55,1.1503486391482516,103947.69241204337,4.0,4.0969867189570195,1.1503486391482516,103947.69241204337,1.15626836199596,103675.57301056145,False,False
181.5,0.004,0.0015196626986405718,0.55,1.150762028698478,103947.68167416,4.0,4.096978330071757,1.150762028698478,103947.68167416,1.1513201341625636,103927.2314626034,False,False
182.0,0.004,0.0015198764407561302,0.55,1.1511753826250188,103947.67093874095,4.0,4.096969943095023,1.1511753826250188,103947.67093874095,1.1343141963913996,104326.90946787511,False,False
182.5,0.004,0.0015200901344975405,0.55,1.151588700935936,103947.66020578491,4.0,4.0969615580259084,1.151588700935936,103947.66020578491,1.155468271796088,104237.91177324025,False,False
183.0,0.004,0.0015203037798893007,0.55,1.1520019836392879,103947.64947529061,4.0,4.0969531748634145,1.1520019836392879,103947.64947529061,1.1325351995216157,103947.92293491335,False,False
183.5,0.004,0.0015205173769558902,0.55,1.1524152307431286,103947.6387472568,4.0,4.096944793606564,1.1524152307431286,103947.6387472568,1.1383248898815674,103962.68184847053,False,False
184.0,0.004,0.001520730925721768,0.55,1.1528284422555082,103947.6280216822,4.0,4.09693641425438,1.1528284422555082,103947.6280216822,1.1613748347801958,103912.91788964765,False,False
184.5,0.004,0.0015209444262113722,0.55,1.153241618184473,103947.6172985656,4.0,4.096928036805884,1.153241618184473,103947.6172985656,1.1603039687858396,103769.2171471917,False,False
185.0,0.004,0.0015211578784491235,0.55,1.1536547585380648,103947.60657790581,4.0,4.0969196612601335,1.1536547585380648,103947.60657790581,1.152155368554576,104543.37050271836,False,False
185.5,0.004,0.0015213712824594255,0.55,1.1540678633243215,103947.59585970143,4.0,4.09691128761622,1.1540678633243215,103947.59585970143,1.1369677522627994,103949.81381075089,False,False
186.0,0.004,0.0015215846382666458,0.55,1.154480932551277,103947.58514395128,4.0,4.096902915873052,1.154480932551277,103947.58514395128,1.1507674473823686,103598.71240831357,False,False
186.5,0.004,0.001521797945895148,0.55,1.1548939662269613,103947.57443065412,4.0,4.096894546029733,1.1548939662269613,103947.57443065412,1.148106583044801,103800.44916606892,False,False
187.0,0.004,0.001522011205369269,0.55,1.1553069643593998,103947.5637198087,4.0,4.096886178085296,1.1553069643593998,103947.5637198087,1.161675371820702,104171.60967803797,False,False
187.5,0.004,0.0015222244167133277,0.55,1.1557199269566143,103947.55301141378,4.0,4.096877812038787,1.1557199269566143,103947.55301141378,1.1782972322808896,104145.42084097727,False,False
188.0,0.004,0.001522437579951619,0.55,1.1561328540266225,103947.5423054681,4.0,4.096869447889229,1.1561328540266225,103947.5423054681,1.158302158906169,103905.24259506614,False,False
188.5,0.004,0.0015226506951084209,0.55,1.1565457455774377,103947.53160197043,4.0,4.096861085635666,1.1565457455774377,103947.53160197043,1.1487526342971166,103741.35451497999,False,False
189.0,0.004,0.0015228637622079907,0.55,1.1569586016170696,103947.52090091948,4.0,4.096852725277145,1.1569586016170696,103947.52090091948,1.1452530863140375,103954.89553720142,False,False
189.5,0.004,0.0015230767812745613,0.55,1.1573714221535238,103947.51020231405,4.0,4.096844366812666,1.1573714221535238,103947.51020231405,1.1568104793458411,103431.30393729814,False,False
190.0,0.004,0.0015232897523323528,0.55,1.1577842071948017,103947.49950615288,4.0,4.096836010241308,1.1577842071948017,103947.49950615288,1.1560162752596659,103545.96654164045,False,False
190.5,0.004,0.0015235026754055595,0.55,1.1581969567489008,103947.48881243473,4.0,4.096827655562094,1.1581969567489008,103947.48881243473,1.146681765153626,104193.90869067659,False,False
191.0,0.004,0.0015237155505183596,0.55,1.1586096708238143,103947.47812115836,4.0,4.0968193027740805,1.1586096708238143,103947.47812115836,1.159773223180736,103799.64748271466,False,False
191.5,0.004,0.0015239283776949067,0.55,1.1590223494275318,103947.46743232258,4.0,4.09681095187629,1.1590223494275318,103947.46743232258,1.147513214214423,104063.1126124904,False,False
192.0,0.004,0.0015241411569593415,0.55,1.1594349925680385,103947.45674592607,4.0,4.096802602867814,1.1594349925680385,103947.45674592607,1.1705560652853315,104323.23450584734,False,False
192.5,0.004,0.0015243538883357754,0.55,1.1598476002533158,103947.44606196761,4.0,4.09679425574764,1.1598476002533158,103947.44606196761,1.1704741063111974,104147.81980971756,False,False
193.0,0.004,0.0015245665718483046,0.55,1.160260172491341,103947.43538044604,4.0,4.096785910514815,1.160260172491341,103947.43538044604,1.1711076851443052,103953.79227644147,False,False
193.5,0.004,0.0015247792075210103,0.55,1.1606727092900875,103947.42470136004,4.0,4.096777567168452,1.1606727092900875,103947.42470136004,1.1559322045840021,104603.81926071925,False,False
194.0,0.004,0.0015249917953779437,0.55,1.1610852106575245,103947.41402470843,4.0,4.096769225707527,1.1610852106575245,103947.41402470843,1.1662304162907053,104153.36366363223,False,False
194.5,0.004,0.001525204335443144,0.55,1.1614976766016172,103947.40335048993,4.0,4.096760886131133,1.1614976766016172,103947.40335048993,1.1601769815494236,103838.06524730733,False,False
195.0,0.004,0.001525416827740625,0.55,1.161910107130327,103947.39267870336,4.0,4.096752548438279,1.161910107130327,103947.39267870336,1.1580219865163022,104173.20169664042,False,False
195.5,0.004,0.001525629272294387,0.55,1.1623225022516113,103947.3820093474,4.0,4.0967442126280575,1.1623225022516113,103947.3820093474,1.1589310456801907,104073.18595751644,False,False
196.0,0.004,0.0015258416691284013,0.55,1.1627348619734232,103947.37134242096,4.0,4.096735878699455,1.1627348619734232,103947.37134242096,1.1497377092430818,103683.37555073656,False,False
196.5,0.004,0.0015260540182666313,0.55,1.1631471863037122,103947.36067792267,4.0,4.09672754665161,1.1631471863037122,103947.36067792267,1.1487085493447609,103969.86523914592,False,False
197.0,0.004,0.0015262663197330075,0.55,1.1635594752504232,103947.35001585139,4.0,4.096719216483487,1.1635594752504232,103947.35001585139,1.1715026231591836,103896.46275573398,False,False
197.5,0.004,0.0015264785735514524,0.55,1.163971728821498,103947.33935620589,4.0,4.0967108881942,1.163971728821498,103947.33935620589,1.1620593747823027,103340.87365309487,False,False
198.0,0.004,0.0015266907797458625,0.55,1.1643839470248736,103947.32869898491,4.0,4.096702561782794,1.1643839470248736,103947.32869898491,1.1665481955361499,103894.15326180375,False,False
198.5,0.004,0.0015269029383401138,0.55,1.1647961298684835,103947.31804418724,4.0,4.096694237248303,1.1647961298684835,103947.31804418724,1.1748132337530246,103860.00144033026,False,False
199.0,0.004,0.001527115049358065,0.55,1.1652082773602572,103947.30739181166,4.0,4.096685914589783,1.1652082773602572,103947.30739181166,1.1478769524100965,103812.11559130429,False,False
199.5,0.004,0.0015273271128235554,0.55,1.1656203895081199,103947.29674185695,4.0,4.096677593806303,1.1656203895081199,103947.29674185695,1.1577790887699608,103439.96770239946,False,False
200.0,0.004,0.0015275391287604034,0.55,1.166032466319993,103947.28609432185,4.0,4.09666927489692,1.166032466319993,103947.28609432185,1.1677858147546438,103837.89108884653,False,False
200.5,0.005,0.0015277510971924066,0.55,1.166611174470461,103953.38987506588,4.0,4.096660957860666,1.166611174470461,103953.38987506588,1.1705321223371168,,False,True
201.0,0.005,0.0015284272122225468,0.55,1.1671897699350906,103958.74615371587,4.0,4.101425995970384,1.1671897699350906,103958.74615371587,1.1634190254310797,103990.18481592844,False,False
201.5,0.005,0.0015290567579029086,0.55,1.16776826047544,103963.44683047968,4.0,4.105602925732291,1.16776826047544,103963.44683047968,1.1780600528024185,103613.23895034248,False,False
202.0,0.005,0.0015296454751249505,0.55,1.1683466528962525,103967.57235828596,4.0,4.109265106447857,1.1683466528962525,103967.57235828596,1.170450602284549,104162.64035601325,False,False
202.5,0.005,0.001530198384676613,0.55,1.168924953165473,103971.19320482714,4.0,4.112476515802877,1.168924953165473,103971.19320482714,1.1567911317771944,103596.29179728817,False,False
203.0,0.005,0.001530719880247572,0.55,1.1695031665187652,103974.37111933118,4.0,4.115293004257863,1.1695031665187652,103974.37111933118,1.1601955287588588,103905.35875480283,False,False
203.5,0.005,0.001531213808794297,0.55,1.1700812975506327,103977.1602321169,4.0,4.117763369077869,1.1700812975506327,103977.1602321169,1.178136008155579,104379.65784825392,False,False
204.0,0.005,0.0015316835401267242,0.55,1.1706593502939449,103979.60801051329,4.0,4.119930276782386,1.1706593502939449,103979.60801051329,1.1752976648585054,103766.0808199106,False,False
204.5,0.005,0.0015321320272721998,0.55,1.1712373282893995,103981.75609105706,4.0,4.121831057586546,1.1712373282893995,103981.75609105706,1.1522467158993335,103824.25558766643,False,False
205.0,0.005,0.00153256185892323,0.55,1.1718152346462456,103983.64100486264,4.0,4.123498391265017,1.1718152346462456,103983.64100486264,1.1852923576848697,104314.64692806391,False,False
205.5,0.005,0.0015329753050717073,0.55,1.1723930720954003,103985.29481055035,4.0,4.124960900556624,1.1723930720954003,103985.29481055035,1.1783733424063392,103866.8807621051,False,False
206.0,0.005,0.0015333743567641307,0.55,1.1729708430359396,103986.74564702983,4.0,4.126243665553721,1.1729708430359396,103986.74564702983,1.1864042729129045,103895.16873148618,False,False
206.5,0.005,0.001533760760773115,0.55,1.1735485495758107,103988.01821668155,4.0,4.127368670350511,1.1735485495758107,103988.01821668155,1.1697115407650598,104056.22582218447,False,False
207.0,0.005,0.0015341360498642906,0.55,1.1741261935675,103989.13420800163,4.0,4.12835519144876,1.1741261935675,103989.13420800163,1.1711691313541768,104312.65993995003,False,False
207.5,0.005,0.001534501569240386,0.55,1.1747037766392934,103990.11266552641,4.0,4.129220135959144,1.1747037766392934,103990.11266552641,1.1634392057917802,103310.72489223946,False,False
208.0,0.005,0.0015348584996624141,0.55,1.175281300222683,103990.97031378958,4.0,4.129978336428536,1.175281300222683,103990.97031378958,1.200650595924002,103735.61896802935,False,False
208.5,0.005,0.0015352078776785757,0.55,1.1758587655764032,103991.72184115891,4.0,4.130642808117562,1.1758587655764032,103991.72184115891,1.1741042233223318,103681.24780891472,False,False
209.0,0.005,0.0015355506133326656,0.55,1.1764361738075144,103992.38014862526,4.0,4.131224973711435,1.1764361738075144,103992.38014862526,1.1923115057283338,103658.05610430022,False,False
209.5,0.005,0.0015358875056737484,0.55,1.1770135258899022,103992.95656795002,4.0,4.131734859741328,1.1770135258899022,103992.95656795002,1.1705406013760293,103729.6215253466,False,False
210.0,0.005,0.0015362192563459264,0.55,1.1775908226805112,103993.46105300504,4.0,4.132181268395682,1.1775908226805112,103993.46105300504,1.1792292346038422,103734.99656033347,False,False
210.5,0.005,0.0015365464815003487,0.55,1.1781680649335944,103993.90234764556,4.0,4.132571927895783,1.1781680649335944,103993.90234764556,1.1614545400678935,104086.66716300564,False,False
211.0,0.005,0.0015368697222400308,0.55,1.178745253313221,103994.28813302894,4.0,4.132913624179871,1.178745253313221,103994.28813302894,1.1749165818255534,103720.64982438744,False,False
211.5,0.005,0.001537189453780792,0.55,1.1793223884042576,103994.62515692196,4.0,4.1332123162723216,1.1793223884042576,103994.62515692196,1.189159937488258,104032.3004403104,False,False
212.0,0.005,0.001537506093488095,0.55,1.1798994707220096,103994.91934721924,4.0,4.133473237399819,1.1798994707220096,103994.91934721924,1.1673820325662647,104118.3455196808,False,False
212.5,0.005,0.0015378200079292448,0.55,1.180476500720688,103995.17591161562,4.0,4.133700983646876,1.180476500720688,103995.17591161562,1.1911987761700342,103770.75995741105,False,False
213.0,0.005,0.0015381315190627213,0.55,1.1810534788008442,103995.39942513249,4.0,4.133899591709981,1.1810534788008442,103995.39942513249,1.184425856959329,104035.56227775651,False,False
213.5,0.005,0.001538440909671071,0.55,1.181630405315899,103995.59390698693,4.0,4.134072607108871,1.181630405315899,103995.59390698693,1.1711908960660564,104498.84964162076,False,False
214.0,0.005,0.0015387484281304629,0.55,1.1822072805778774,103995.76288810719,4.0,4.134223144040049,1.1822072805778774,103995.76288810719,1.1771913078636207,104094.77907737083,False,False
214.5,0.005,0.001539054292598372,0.55,1.1827841048624443,103995.90947043797,4.0,4.134353937906864,1.1827841048624443,103995.90947043797,1.1781934480953902,103800.01564328,False,False
215.0,0.005,0.001539358694690772,0.55,1.1833608784133292,103996.03637903664,4.0,4.134467391430605,1.1833608784133292,103996.03637903664,1.182865685033904,103976.0801957129,False,False
215.5,0.005,0.001539661802711287,0.55,1.1839376014462106,103996.14600783975,4.0,4.134565615132319,1.1839376014462106,103996.14600783975,1.1785761617867796,103714.7633980021,False,False
216.0,0.005,0.001539963764487139,0.55,1.1845142741521295,103996.2404598704,4.0,4.134650462877655,1.1845142741521295,103996.2404598704,1.1762413951440842,104079.38132507882,False,False
216.5,0.005,0.0015402647098598833,0.55,1.1850908967004863,103996.32158256277,4.0,4.134723563089868,1.1850908967004863,103996.32158256277,1.182045019675338,104261.05632439697,False,False
217.0,0.005,0.00154056475287305,0.55,1.1856674692416742,103996.39099879832,4.0,4.134786346161278,1.1856674692416742,103996.39099879832,1.1753985718555837,103745.00771037264,False,False
217.5,0.005,0.0015408639936936928,0.55,1.186243991909392,103996.45013417398,4.0,4.1348400685285585,1.186243991909392,103996.45013417398,1.1733487261829612,103932.26698358989,False,False
218.0,0.005,0.0015411625203002016,0.55,1.1868204648226752,103996.5002409607,4.0,4.134885833818569,1.1868204648226752,103996.5002409607,1.1863386999976016,104337.68908327681,False,False
218.5,0.005,0.0015414604099648862,0.55,1.187396888087681,103996.54241915424,4.0,4.134924611422615,1.187396888087681,103996.54241915424,1.1962256303432268,103843.99670639644,False,False
219.0,0.005,0.001541757730556303,0.55,1.187973261799255,103996.57763497085,4.0,4.134957252812554,1.187973261799255,103996.57763497085,1.1726795447480816,104054.20838587392,False,False
219.5,0.005,0.0015420545416832277,0.55,1.1885495860423079,103996.60673709815,4.0,4.13498450587344,1.1885495860423079,103996.60673709815,1.1885846675569476,103682.76749708172,False,False
220.0,0.005,0.001542350895699557,0.55,1.1891258608930246,103996.63047097396,4.0,4.135007027494408,1.1891258608930246,103996.63047097396,1.1826262989450116,103745.59473780108,False,False
220.5,0.005,0.0015426468385870541,0.55,1.1897020864199268,103996.64949133171,4.0,4.135025394629804,1.1897020864199268,103996.64949133171,1.1799306320485798,103839.61053446247,False,False
221.0,0.005,0.001542942410730761,0.55,1.190278262684805,103996.66437322326,4.0,4.135040114016183,1.190278262684805,103996.66437322326,1.1988126392119511,104649.56038018755,False,False
221.5,0.005,0.0015432376476001487,0.55,1.1908543897435382,103996.67562170343,4.0,4.135051630708967,1.1908543897435382,103996.67562170343,1.1856726928526315,103873.96057930247,False,False
222.0,0.005,0.001543532580347437,0.55,1.1914304676468137,103996.68368033899,4.0,4.135060335581808,1.1914304676468137,103996.68368033899,1.2064134844774625,103837.6960745181,False,False
222.5,0.005,0.0015438272363331768,0.55,1.1920064964407582,103996.68893868441,4.0,4.13506657191508,1.1920064964407582,103996.68893868441,1.1842081027992943,103827.73088014127,False,False
223.0,0.005,0.0015441216395879088,0.55,1.1925824761674935,103996.69173884986,4.0,4.1350706411838045,1.1925824761674935,103996.69173884986,1.196447496103752,103947.01103263238,False,False
223.5,0.005,0.001544415811217684,0.55,1.1931584068656238,103996.6923812713,4.0,4.135072808142448,1.1931584068656238,103996.6923812713,1.1908855768000517,104193.47141677719,False,False
224.0,0.005,0.0015447097697602443,0.55,1.1937342885706637,103996.69112978014,4.0,4.135073305291741,1.1937342885706637,103996.69112978014,1.1861940704794,104053.5382608812,False,False
224.5,0.005,0.0015450035314978966,0.55,1.194310121315414,103996.68821605657,4.0,4.135072336802938,1.194310121315414,103996.68821605657,1.2001868717411914,104614.03261846669,False,False
225.0,0.005,0.0015452971107323017,0.55,1.1948859051302918,103996.68384354212,4.0,4.135070081965004,1.1948859051302918,103996.68384354212,1.1933360793995438,104060.82217756199,False,False
225.5,0.005,0.0015455905200258406,0.55,1.1954616400436209,103996.67819087644,4.0,4.135066698212931,1.1954616400436209,103996.67819087644,1.2014937458507573,104430.89943568342,False,False
226.0,0.005,0.0015458837704135867,0.55,1.1960373260818853,103996.67141491672,4.0,4.135062323787782,1.1960373260818853,103996.67141491672,1.1955644110097152,104079.68474972418,False,False
226.5,0.005,0.0015461768715895033,0.55,1.1966129632699538,103996.6636533898,4.0,4.1350570800736275,1.1966129632699538,103996.6636533898,1.1857548007169394,104178.33810292403,False,False
227.0,0.005,0.0015464698320699498,0.55,1.1971885516312755,103996.65502722186,4.0,4.135051073650084,1.1971885516312755,103996.65502722186,1.1961678591993865,103563.57504530787,False,False
227.5,0.005,0.001546762659337292,0.55,1.1977640911880525,103996.64564258486,4.0,4.13504439809537,1.1977640911880525,103996.64564258486,1.198283642883214,103958.5278081431,False,False
228.0,0.005,0.0015470553599660152,0.55,1.1983395819613916,103996.63559269405,4.0,4.135037135570018,1.1983395819613916,103996.63559269405,1.2079242115002036,103975.95127050541,False,False
228.5,0.005,0.0015473479397334839,0.55,1.198915023971436,103996.62495938665,4.0,4.135029358207978,1.198915023971436,103996.62495938665,1.1898523338980842,103923.7378573174,False,False
229.0,0.005,0.0015476404037171945,0.55,1.199490417237483,103996.61381450885,4.0,4.135021129338346,1.199490417237483,103996.61381450885,1.1990971187048098,103350.75022635159,False,False
229.5,0.005,0.0015479327563802008,0.55,1.2000657617780863,103996.6022211335,4.0,4.135012504558678,1.2000657617780863,103996.6022211335,1.182846974475786,104260.78955969529,False,False
230.0,0.005,0.001548225001646103,0.55,1.2006410576111453,103996.59023462985,4.0,4.135003532677373,1.2006410576111453,103996.59023462985,1.2071559882145784,103880.4451357252,False,False
230.5,0.005,0.0015485171429649074,0.55,1.2012163047539843,103996.57790360315,4.0,4.134994256541484,1.2012163047539843,103996.57790360315,1.190401475007578,103865.15650692926,False,False
231.0,0.005,0.0015488091833708608,0.55,1.2017915032234225,103996.56527071961,4.0,4.13498471376378,1.2017915032234225,103996.56527071961,1.1837279080125864,103920.01383240757,False,False
231.5,0.005,0.0015491011255332292,0.55,1.2023666530358337,103996.55237343092,4.0,4.134974937361232,1.2023666530358337,103996.55237343092,1.2017744846930862,103928.12861676859,False,False
232.0,0.005,0.0015493929718008708,0.55,1.2029417542072003,103996.53924461061,4.0,4.1349649563155815,1.2029417542072003,103996.53924461061,1.2139986037938288,104118.66877084723,False,False
232.5,0.005,0.001549684724241389,0.55,1.20351680675316,103996.52591311296,4.0,4.134954796065844,1.20351680675316,103996.52591311296,1.1882723372710413,103615.21623764338,False,False
233.0,0.005,0.0015499763846755087,0.55,1.2040918106890475,103996.51240426328,4.0,4.13494447894079,1.2040918106890475,103996.51240426328,1.193211454835163,103717.19978718818,False,False
233.5,0.005,0.0015502679547072273,0.55,1.2046667660299295,103996.49874028924,4.0,4.13493402453836,1.2046667660299295,103996.49874028924,1.1972340171193967,104083.68872905907,False,False
234.0,0.005,0.0015505594357503316,0.55,1.2052416727906379,103996.48494069895,4.0,4.134923450059404,1.2052416727906379,103996.48494069895,1.1939467063272178,104040.15978409506,False,False
234.5,0.005,0.0015508508290516423,0.55,1.205816530985796,103996.47102261314,4.0,4.134912770600281,1.205816530985796,103996.47102261314,1.2096108098691418,103883.47457994052,False,False
235.0,0.005,0.0015511421357114281,0.55,1.206391340629844,103996.4570010569,4.0,4.134901999409916,1.206391340629844,103996.4570010569,1.1983176661793993,103824.28327936461,False,False
235.5,0.005,0.001551433356701333,0.55,1.2069661017370605,103996.44288921579,4.0,4.134891148115529,1.2069661017370605,103996.44288921579,1.1997509543724585,103746.11547826481,False,False
236.0,0.005,0.0015517244928801104,0.55,1.2075408143215804,103996.42869866066,4.0,4.1348802269208536,1.2075408143215804,103996.42869866066,1.2133738683084037,103978.92214949196,False,False
236.5,0.005,0.0015520155450074332,0.55,1.2081154783974126,103996.41443954506,4.0,4.134869244780084,1.2081154783974126,103996.41443954506,1.2005603320877258,104350.6341815025,False,False
237.0,0.005,0.001552306513756016,0.55,1.2086900939784533,103996.40012077853,4.0,4.134858209550645,1.2086900939784533,103996.40012077853,1.2130178949562604,103678.98489536482,False,False
237.5,0.005,0.0015525973997222576,0.55,1.2092646610784996,103996.38575017876,4.0,4.134847128127304,1.2092646610784996,103996.38575017876,1.1995508093596792,104453.3811641738,False,False
238.0,0.005,0.001552888203435578,0.55,1.2098391797112604,103996.3713346051,4.0,4.134836006559879,1.2098391797112604,103996.3713346051,1.1977177945691075,104249.56577421923,False,False
238.5,0.005,0.0015531789253666176,0.55,1.210413649890366,103996.35688007595,4.0,4.134824850156606,1.210413649890366,103996.35688007595,1.1920591569984567,103860.46775888297,False,False
239.0,0.005,0.0015534695659344378,0.55,1.2109880716293768,103996.34239187157,4.0,4.13481366357495,1.2109880716293768,103996.34239187157,1.2296000994984941,104231.26485451049,False,False
239.5,0.005,0.0015537601255128282,0.55,1.2115624449417914,103996.32787462449,4.0,4.134802450901137,1.2115624449417914,103996.32787462449,1.2083598546204815,103556.55684956587,False,False
240.0,0.005,0.0015540506044358555,0.55,1.2121367698410521,103996.31333239874,4.0,4.134791215720177,1.2121367698410521,103996.31333239874,1.2145761035205365,103476.84084885036,False,False
240.5,0.005,0.0015543410030027204,0.55,1.2127110463405517,103996.29876875953,4.0,4.13477996117713,1.2127110463405517,103996.29876875953,1.2124005512507436,103609.36409191418,False,False
241.0,0.005,0.0015546313214820303,0.55,1.213285274453638,103996.28418683432,4.0,4.134768690031039,1.213285274453638,103996.28418683432,1.2148848920237105,103873.36024724007,False,False
241.5,0.005,0.0015549215601155459,0.55,1.2138594541936187,103996.26958936648,4.0,4.1347574047022,1.2138594541936187,103996.26958936648,1.2143563189873625,103898.64659868157,False,False
242.0,0.005,0.0015552117191214659,0.55,1.2144335855737651,103996.25497876234,4.0,4.13474610731366,1.2144335855737651,103996.25497876234,1.233515755965792,103841.71225361954,False,False
242.5,0.005,0.0015555017986973146,0.55,1.2150076686073157,103996.24035713247,4.0,4.134734799727668,1.2150076686073157,103996.24035713247,1.2046184026977442,104026.0671643019,False,False
243.0,0.005,0.0015557917990224681,0.55,1.2155817033074785,103996.22572632787,4.0,4.134723483577566,1.2155817033074785,103996.22572632787,1.2000070822464968,103355.67955401227,False,False
243.5,0.005,0.0015560817202603747,0.55,1.216155689687435,103996.2110879721,4.0,4.1347121602958525,1.216155689687435,103996.2110879721,1.2060360930025915,104144.81590987756,False,False
244.0,0.005,0.0015563715625605183,0.55,1.2167296277603417,103996.19644348872,4.0,4.134700831138988,1.2167296277603417,103996.19644348872,1.2033825376627563,103570.40626982102,False,False
244.5,0.005,0.0015566613260601036,0.55,1.2173035175393316,103996.1817941262,4.0,4.134689497208685,1.2173035175393316,103996.1817941262,1.2247731380641511,103797.9266125586,False,False
245.0,0.005,0.0015569510108855776,0.55,1.2178773590375174,103996.16714097919,4.0,4.134678159471141,1.2178773590375174,103996.16714097919,,103872.31200109128,True,False
245.5,0.005,0.0015572406171539337,0.55,1.2184511522679917,103996.15248500761,4.0,4.134666818773528,1.2184511522679917,103996.15248500761,1.2088379968164884,103649.28929398487,False,False
246.0,0.005,0.0015575301449738792,0.55,1.2190248972438293,103996.13782705276,4.0,4.134655475858745,1.2190248972438293,103996.13782705276,1.2051205394791995,103584.83792646149,False,False
246.5,0.005,0.001557819594446821,0.55,1.2195985939780882,103996.1231678525,4.0,4.134644131377898,1.2195985939780882,103996.1231678525,1.2160506274466774,103694.2986682882,False,False
247.0,0.005,0.0015581089656677943,0.55,1.2201722424838102,103996.10850805332,4.0,4.134632785902027,1.2201722424838102,103996.10850805332,1.234083481262574,103992.53141541097,False,False
247.5,0.005,0.0015583982587262042,0.55,1.2207458427740225,103996.09384822205,4.0,4.134621439931505,1.2207458427740225,103996.09384822205,1.1925501485960395,104173.08850193988,False,False
248.0,0.005,0.001558687473706535,0.55,1.221319394861738,103996.0791888554,4.0,4.134610093905002,1.221319394861738,103996.0791888554,1.2265856625518967,104165.34974216658,False,False
248.5,0.005,0.001558976610688939,0.55,1.2218928987599564,103996.0645303886,4.0,4.1345987482069555,1.2218928987599564,103996.0645303886,1.2111353464854706,103697.71721890745,False,False
249.0,0.005,0.0015592656697497656,0.55,1.2224663544816647,103996.04987320302,4.0,4.13458740317423,1.2224663544816647,103996.04987320302,1.2328700259470775,103758.57672873944,False,False
249.5,0.005,0.0015595546509620218,0.55,1.2230397620398377,103996.03521763279,4.0,4.134576059101992,1.2230397620398377,103996.03521763279,1.21226052263107,103719.8542682378,False,False
250.0,0.005,0.0015598435543957804,0.55,1.2236131214474384,103996.02056397048,4.0,4.134564716248838,1.2236131214474384,103996.02056397048,1.22075896317528,104130.96425759942,False,False
250.5,0.005,0.001560132380118528,0.55,1.2241864327174186,103996.00591247235,4.0,4.1345533748412375,1.2241864327174186,103996.00591247235,1.209123641711023,103384.77985831679,False,False
251.0,0.005,0.0015604211281954826,0.55,1.2247596958627194,103995.99126336287,4.0,4.134542035077528,1.2247596958627194,103995.99126336287,1.2149871173577385,104367.49304153754,False,False
251.5,0.005,0.0015607097986898729,0.55,1.2253329108962712,103995.97661683841,4.0,4.134530697131462,1.2253329108962712,103995.97661683841,1.2391913025267323,103850.53515425151,False,False
252.0,0.005,0.0015609983916631605,0.55,1.225906077830994,103995.96197307082,4.0,4.134519361155032,1.225906077830994,103995.96197307082,1.2341118646898945,103760.90451393071,False,False
252.5,0.005,0.001561286907175262,0.55,1.226479196679798,103995.94733221053,4.0,4.13450802728127,1.226479196679798,103995.94733221053,1.2224625151582913,104097.7834709828,False,False
253.0,0.005,0.001561575345284735,0.55,1.227052267455584,103995.93269438906,4.0,4.134496695626616,1.227052267455584,103995.93269438906,1.2183505437535413,104305.71841092096,False,False
253.5,0.005,0.0015618637060489332,0.55,1.2276252901712426,103995.9180597214,4.0,4.134485366292884,1.2276252901712426,103995.9180597214,1.2086872188061244,104098.69303678688,False,False
254.0,0.005,0.0015621519895241526,0.55,1.2281982648396552,103995.90342830803,4.0,4.13447403936909,1.2281982648396552,103995.90342830803,1.2242616977206453,104311.72676550361,False,False
254.5,0.005,0.0015624401957657515,0.55,1.2287711914736943,103995.88880023677,4.0,4.134462714933026,1.2287711914736943,103995.88880023677,1.2284621589478313,104036.1964452329,False,False
255.0,0.005,0.0015627283248282682,0.55,1.2293440700862228,103995.87417558425,4.0,4.134451393052694,1.2293440700862228,103995.87417558425,1.228503526507878,104364.76575729657,False,False
255.5,0.005,0.001563016376765504,0.55,1.2299169006900952,103995.85955441729,4.0,4.134440073787404,1.2299169006900952,103995.85955441729,1.2289789814103336,104369.40756600289,False,False
256.0,0.005,0.001563304351630615,0.55,1.2304896832981567,103995.84493679427,4.0,4.13442875718891,1.2304896832981567,103995.84493679427,1.2192715870258874,103966.00129999465,False,False
256.5,0.005,0.0015635922494761912,0.55,1.231062417923244,103995.83032276592,4.0,4.134417443302419,1.231062417923244,103995.83032276592,1.2303996790695877,104427.592089144,False,False
257.0,0.005,0.0015638800703543043,0.55,1.2316351045781848,103995.81571237644,4.0,4.134406132167217,1.2316351045781848,103995.81571237644,1.2312483707828337,104045.23582277048,False,False
257.5,0.005,0.0015641678143165788,0.55,1.2322077432757987,103995.80110566426,4.0,4.134394823817534,1.2322077432757987,103995.80110566426,1.2451133636538305,104021.86907175486,False,False
258.0,0.005,0.0015644554814142355,0.55,1.2327803340288963,103995.78650266276,4.0,4.134383518283137,1.2327803340288963,103995.78650266276,1.2514476685724198,103719.34440152853,False,False
258.5,0.005,0.0015647430716981383,0.55,1.23335287685028,103995.7719034009,4.0,4.134372215589887,1.23335287685028,103995.7719034009,1.231982986581102,103909.13790166474,False,False
259.0,0.005,0.0015650305852188307,0.55,1.2339253717527434,103995.75730790368,4.0,4.134360915760234,1.2339253717527434,103995.75730790368,1.2262623122409846,104229.03213165676,False,False
259.5,0.005,0.0015653180220265627,0.55,1.2344978187490723,103995.74271619279,4.0,4.134349618813527,1.2344978187490723,103995.74271619279,1.2338479974514527,103601.94864327187,False,False
260.0,0.005,0.0015656053821713346,0.55,1.2350702178520436,103995.72812828685,4.0,4.134338324766596,1.2350702178520436,103995.72812828685,,104190.61533108444,True,False
260.5,0.005,0.0015658926657029074,0.55,1.2356425690744264,103995.7135442019,4.0,4.134327033633871,1.2356425690744264,103995.7135442019,1.2282182309169638,104100.29832958274,False,False
261.0,0.005,0.0015661798726708358,0.55,1.2362148724289812,103995.69896395171,4.0,4.134315745427797,1.2362148724289812,103995.69896395171,1.2356283709097597,104078.96738882674,False,False
261.5,0.005,0.0015664670031244842,0.55,1.2367871279284604,103995.68438754801,4.0,4.1343044601590435,1.2367871279284604,103995.68438754801,1.226354083616937,103333.73672892082,False,False
262.0,0.005,0.001566754057113044,0.55,1.237359335585608,103995.66981500076,4.0,4.134293177836724,1.237359335585608,103995.66981500076,1.2434204030971583,103964.69693911038,False,False
262.5,0.005,0.0015670410346855469,0.55,1.2379314954131604,103995.65524631839,4.0,4.134281898468566,1.2379314954131604,103995.65524631839,1.2368923399213196,104190.13324862567,False,False
263.0,0.005,0.001567327935890883,0.55,1.2385036074238451,103995.640681508,4.0,4.134270622061128,1.2385036074238451,103995.640681508,1.2410036904924446,103766.75419443255,False,False
263.5,0.005,0.0015676147607778092,0.55,1.2390756716303821,103995.62612057543,4.0,4.134259348619917,1.2390756716303821,103995.62612057543,1.2372462712706753,104022.71813030477,False,False
264.0,0.005,0.001567901509394957,0.55,1.239647688045483,103995.61156352557,4.0,4.134248078149488,1.239647688045483,103995.61156352557,1.2323751435729589,103282.1895828051,False,False
264.5,0.005,0.0015681881817908492,0.55,1.240219656681851,103995.59701036238,4.0,4.134236810653648,1.240219656681851,103995.59701036238,1.2307400610843626,104197.01492124892,False,False
265.0,0.005,0.0015684747780139012,0.55,1.240791577552182,103995.58246108901,4.0,4.134225546135486,1.240791577552182,103995.58246108901,1.2384188175089366,103796.85261818628,False,False
265.5,0.005,0.0015687612981124303,0.55,1.2413634506691633,103995.56791570787,4.0,4.1342142845974585,1.2413634506691633,103995.56791570787,1.2358758472948852,104256.97499997789,False,False
266.0,0.005,0.001569047742134658,0.55,1.2419352760454743,103995.55337422086,4.0,4.134203026041461,1.2419352760454743,103995.55337422086,1.24427428937757,103442.7174914412,False,False
266.5,0.005,0.001569334110128726,0.55,1.2425070536937861,103995.53883662923,4.0,4.134191770468991,1.2425070536937861,103995.53883662923,1.2424627366618097,104203.21905312693,False,False
267.0,0.005,0.001569620402142684,0.55,1.2430787836267623,103995.52430293385,4.0,4.134180517881033,1.2430787836267623,103995.52430293385,1.229455716147535,103924.44251663816,False,False
267.5,0.005,0.0015699066182245118,0.55,1.2436504658570582,103995.50977313519,4.0,4.134169268278285,1.2436504658570582,103995.50977313519,1.2443216788513416,104237.79091243587,False,False
268.0,0.005,0.0015701927584221133,0.55,1.244222100397321,103995.49524723318,4.0,4.134158021661144,1.244222100397321,103995.49524723318,1.2307934962259135,103717.78231109955,False,False
268.5,0.005,0.0015704788227833104,0.55,1.2447936872601906,103995.48072522772,4.0,4.134146778029579,1.2447936872601906,103995.48072522772,1.2386289110049977,103809.94361780476,False,False
269.0,0.005,0.0015707648113558736,0.55,1.245365226458298,103995.46620711827,4.0,4.134135537383533,1.245365226458298,103995.46620711827,1.2424216903661194,104668.20161056503,False,False
269.5,0.005,0.0015710507241874958,0.55,1.2459367180042666,103995.451692904,4.0,4.134124299722605,1.2459367180042666,103995.451692904,1.2251839852251536,103746.46604777283,False,False
270.0,0.005,0.0015713365613258053,0.55,1.2465081619107123,103995.43718258398,4.0,4.134113065046186,1.2465081619107123,103995.43718258398,1.247423236389312,103783.62902036161,False,False
270.5,0.005,0.001571622322818373,0.55,1.2470795581902425,103995.42267615708,4.0,4.134101833353583,1.2470795581902425,103995.42267615708,1.2485893916873858,103912.44806500756,False,False
271.0,0.005,0.001571908008712708,0.55,1.247650906855457,103995.40817362197,4.0,4.134090604643938,1.247650906855457,103995.40817362197,1.2460706649212103,103688.64055587586,False,False
271.5,0.005,0.0015721936190562595,0.55,1.2482222079189478,103995.39367497712,4.0,4.134079378916253,1.2482222079189478,103995.39367497712,1.243979035194232,104352.53071088222,False,False
272.0,0.005,0.0015724791538964148,0.55,1.2487934613932983,103995.3791802211,4.0,4.134068156169367,1.2487934613932983,103995.3791802211,1.2450574247922168,104512.88317448238,False,False
272.5,0.005,0.0015727646132805166,0.55,1.2493646672910848,103995.3646893521,4.0,4.1340569364021915,1.2493646672910848,103995.3646893521,1.2395992726049743,103784.1328693771,False,False
273.0,0.005,0.0015730499972558373,0.55,1.2499358256248754,103995.35020236837,4.0,4.134045719613353,1.2499358256248754,103995.35020236837,1.2472388219275872,103477.54054866439,False,False
273.5,0.005,0.0015733353058696024,0.55,1.2505069364072305,103995.33571926809,4.0,4.134034505801513,1.2505069364072305,103995.33571926809,1.2449808183720819,104346.92891016531,False,False
274.0,0.005,0.001573620539168986,0.55,1.2510779996507024,103995.3212400493,4.0,4.134023294965299,1.2510779996507024,103995.3212400493,1.2519948535775764,104327.83839358682,False,False
274.5,0.005,0.0015739056972011042,0.55,1.2516490153678357,103995.30676470998,4.0,4.134012087103225,1.2516490153678357,103995.30676470998,1.239607654472387,104241.80452236356,False,False
275.0,0.005,0.0015741907800130182,0.55,1.252219983571167,103995.29229324816,4.0,4.134000882213728,1.252219983571167,103995.29229324816,1.2545758826612783,104342.24572367284,False,False
275.5,0.005,0.001574475787651747,0.55,1.252790904273225,103995.27782566164,4.0,4.133989680295322,1.252790904273225,103995.27782566164,1.2542230932080016,103735.02024591451,False,False
276.0,0.005,0.0015747607201642454,0.55,1.253361777486531,103995.26336194837,4.0,4.133978481346332,1.253361777486531,103995.26336194837,1.251946149164744,103944.71443934679,False,False
276.5,0.005,0.0015750455775974277,0.55,1.2539326032235982,103995.24890210616,4.0,4.13396728536518,1.2539326032235982,103995.24890210616,1.2495405549927354,103580.016020804,False,False
277.0,0.005,0.0015753303599981533,0.55,1.254503381496932,103995.23444613274,4.0,4.133956092350213,1.254503381496932,103995.23444613274,1.2600267804216332,103569.785597257,False,False
277.5,0.005,0.0015756150674132263,0.55,1.2550741123190297,103995.21999402597,4.0,4.133944902299687,1.2550741123190297,103995.21999402597,1.238428095251091,104289.55038620683,False,False
278.0,0.005,0.0015758996998894111,0.55,1.2556447957023815,103995.20554578357,4.0,4.1339337152119695,1.2556447957023815,103995.20554578357,1.2602493290838328,103793.63156705063,False,False
278.5,0.005,0.001576184257473415,0.55,1.2562154316594694,103995.19110140325,4.0,4.133922531085316,1.2562154316594694,103995.19110140325,1.258645806321373,104679.06257960926,False,False
279.0,0.005,0.001576468740211898,0.55,1.2567860202027674,103995.17666088273,4.0,4.1339113499179945,1.2567860202027674,103995.17666088273,1.2596197831281135,104017.4306938775,False,False
279.5,0.005,0.0015767531481514696,0.55,1.2573565613447422,103995.16222421973,4.0,4.133900171708247,1.2573565613447422,103995.16222421973,1.2611896872690689,103803.03477964962,False,False
280.0,0.005,0.0015770374813386934,0.55,1.2579270550978523,103995.14779141189,4.0,4.133888996454344,1.2579270550978523,103995.14779141189,1.2513906110319237,104234.51335252379,False,False
280.5,0.005,0.0015773217398200785,0.55,1.258497501474549,103995.13336245692,4.0,4.133877824154468,1.258497501474549,103995.13336245692,1.2559029008915346,104535.51206973674,False,False
281.0,0.005,0.0015776059236420927,0.55,1.2590679004872753,103995.11893735248,4.0,4.133866654806891,1.2590679004872753,103995.11893735248,1.2654384837994388,104140.95822518003,False,False
281.5,0.005,0.0015778900328511497,0.55,1.2596382521484668,103995.10451609622,4.0,4.133855488409808,1.2596382521484668,103995.10451609622,1.263944644589298,103629.96096485812,False,False
282.0,0.005,0.001578174067493617,0.55,1.2602085564705512,103995.09009868579,4.0,4.133844324961432,1.2602085564705512,103995.09009868579,1.2622756841249776,104106.3909392513,False,False
282.5,0.005,0.0015784580276158129,0.55,1.2607788134659486,103995.07568511882,4.0,4.13383316445996,1.2607788134659486,103995.07568511882,1.2456356110147522,104407.75510343885,False,False
283.0,0.005,0.0015787419132640083,0.55,1.2613490231470712,103995.06127539302,4.0,4.133822006903593,1.2613490231470712,103995.06127539302,1.2667278942959033,103847.08899068512,False,False
283.5,0.005,0.0015790257244844297,0.55,1.2619191855263239,103995.04686950591,4.0,4.133810852290573,1.2619191855263239,103995.04686950591,1.273613895446255,103762.95428228253,False,False
284.0,0.005,0.0015793094613232458,0.55,1.2624893006161033,103995.03246745521,4.0,4.133799700619011,1.2624893006161033,103995.03246745521,1.2725860155465318,104299.96684086409,False,False
284.5,0.005,0.0015795931238265885,0.55,1.263059368428799,103995.01806923855,4.0,4.133788551887161,1.263059368428799,103995.01806923855,1.26539814891649,104037.00839138914,False,False
285.0,0.005,0.0015798767120405379,0.55,1.2636293889767922,103995.00367485355,4.0,4.133777406093209,1.2636293889767922,103995.00367485355,1.2480526029407504,103664.24104404873,False,False
285.5,0.005,0.001580160226011126,0.55,1.264199362272457,103994.98928429784,4.0,4.133766263235346,1.264199362272457,103994.98928429784,1.2736248104147372,103881.06530382339,False,False
286.0,0.005,0.0015804436657843378,0.55,1.2647692883281596,103994.97489756905,4.0,4.133755123311757,1.2647692883281596,103994.97489756905,1.263296741960962,103768.27615027926,False,False
286.5,0.005,0.0015807270314061098,0.55,1.2653391671562586,103994.9605146648,4.0,4.133743986320621,1.2653391671562586,103994.9605146648,1.240013970675589,104083.84111412593,False,False
287.0,0.005,0.001581010322922334,0.55,1.2659089987691048,103994.94613558274,4.0,4.133732852260133,1.2659089987691048,103994.94613558274,1.2696810728001768,104027.8514896308,False,False
287.5,0.005,0.0015812935403788538,0.55,1.2664787831790416,103994.93176032048,4.0,4.133721721128494,1.2664787831790416,103994.93176032048,1.2515570653482462,104340.06587323855,False,False
288.0,0.005,0.0015815766838214653,0.55,1.2670485203984048,103994.91738887566,4.0,4.13371059292388,1.2670485203984048,103994.91738887566,1.254084114596454,104207.81690147004,False,False
288.5,0.005,0.0015818597532959175,0.55,1.2676182104395222,103994.90302124593,4.0,4.133699467644479,1.2676182104395222,103994.90302124593,1.2612686215157836,103525.84282303712,False,False
289.0,0.005,0.0015821427488479148,0.55,1.2681878533147142,103994.88865742888,4.0,4.133688345288499,1.2681878533147142,103994.88865742888,1.280913765093543,104116.98581686546,False,False
289.5,0.005,0.0015824256705231098,0.55,1.2687574490362936,103994.87429742218,4.0,4.133677225854096,1.2687574490362936,103994.87429742218,1.2650489954945097,104263.9539933242,False,False
290.0,0.005,0.0015827085183671148,0.55,1.2693269976165658,103994.85994122346,4.0,4.133666109339501,1.2693269976165658,103994.85994122346,1.2720369134939329,104131.62372133332,False,False
290.5,0.005,0.0015829912924254911,0.55,1.269896499067828,103994.84558883037,4.0,4.13365499574289,1.269896499067828,103994.84558883037,1.2873761787053504,,False,True
291.0,0.005,0.0015832739927437557,0.55,1.2704659534023708,103994.83124024051,4.0,4.133643885062474,1.2704659534023708,103994.83124024051,1.2864062510289287,103829.95814243949,False,False
291.5,0.005,0.0015835566193673758,0.55,1.2710353606324762,103994.81689545159,4.0,4.133632777296417,1.2710353606324762,103994.81689545159,1.2700018264742026,103709.56734726582,False,False
292.0,0.005,0.001583839172341778,0.55,1.2716047207704193,103994.80255446117,4.0,4.1336216724429615,1.2716047207704193,103994.80255446117,1.269189510549814,104273.82356203393,False,False
292.5,0.005,0.0015841216517123353,0.55,1.2721740338284673,103994.78821726695,4.0,4.133610570500263,1.2721740338284673,103994.78821726695,1.2595653274875718,103675.14881582123,False,False
293.0,0.005,0.0015844040575243802,0.55,1.27274329981888,103994.7738838665,4.0,4.133599471466542,1.27274329981888,103994.7738838665,1.265798719077064,103346.91262403318,False,False
293.5,0.005,0.0015846863898231931,0.55,1.2733125187539094,103994.75955425756,4.0,4.133588375339951,1.2733125187539094,103994.75955425756,1.277566102230037,104302.34953765466,False,False
294.0,0.005,0.0015849686486540176,0.55,1.2738816906458004,103994.74522843778,4.0,4.133577282118767,1.2738816906458004,103994.74522843778,1.277838998263897,103777.48975073716,False,False
294.5,0.005,0.0015852508340620454,0.55,1.27445081550679,103994.7309064048,4.0,4.13356619180119,1.27445081550679,103994.7309064048,1.2755531978185295,103902.9110461019,False,False
295.0,0.005,0.0015855329460924216,0.55,1.275019893349108,103994.7165881562,4.0,4.133555104385417,1.275019893349108,103994.7165881562,1.284967909924747,103575.32278368708,False,False
295.5,0.005,0.001585814984790242,0.55,1.2755889241849763,103994.70227368969,4.0,4.13354401986959,1.2755889241849763,103994.70227368969,1.2678652440546445,103597.04399758816,False,False
296.0,0.005,0.0015860969502005644,0.55,1.2761579080266094,103994.68796300294,4.0,4.133532938251977,1.2761579080266094,103994.68796300294,1.2755971428247748,103647.71131041026,False,False
296.5,0.005,0.0015863788423683977,0.55,1.2767268448862148,103994.67365609364,4.0,4.133521859530785,1.2767268448862148,103994.67365609364,1.2840392747711629,,False,True
297.0,0.005,0.0015866606613387057,0.55,1.2772957347759917,103994.65935295937,4.0,4.1335107837042475,1.2772957347759917,103994.65935295937,1.283137193838271,104105.65907580615,False,False
297.5,0.005,0.0015869424071564013,0.55,1.2778645777081323,103994.64505359787,4.0,4.133499710770517,1.2778645777081323,103994.64505359787,1.2885740354654565,103305.30168887065,False,False
298.0,0.005,0.0015872240798663602,0.55,1.2784333736948212,103994.63075800677,4.0,4.133488640727871,1.2784333736948212,103994.63075800677,1.2824035777624718,104220.28271039217,False,False
298.5,0.005,0.0015875056795134062,0.55,1.2790021227482358,103994.61646618374,4.0,4.133477573574496,1.2790021227482358,103994.61646618374,1.2759080971922674,103640.01701734716,False,False
299.0,0.005,0.0015877872061423196,0.55,1.2795708248805453,103994.60217812646,4.0,4.133466509308613,1.2795708248805453,103994.60217812646,1.2831927474831692,103674.70865074024,False,False
299.5,0.005,0.0015880686597978355,0.55,1.2801394801039123,103994.58789383262,4.0,4.133455447928443,1.2801394801039123,103994.58789383262,1.2701135281400713,104197.94451025513,False,False
300.0,0.005,0.0015883500405246451,0.55,1.2807080884304916,103994.57361329987,4.0,4.133444389432229,1.2807080884304916,103994.57361329987,1.2643134951150603,103972.18343354555,False,False
300.5,0.005,0.0015886313483673912,0.55,1.2812766498724304,104239.20357367083,5.5,4.133433333818169,1.2812766498724304,104239.20357367083,1.2870833676814022,103778.27343779863,False,False
301.0,0.005,0.0016034014621045104,0.55,1.2818427496287463,104453.62371286216,5.5,4.318669108821992,1.2818427496287463,104453.62371286216,1.2812913463005362,105007.00151903246,False,False
301.5,0.005,0.0016162696282439315,0.55,1.2824067046907057,104642.58737121735,5.5,4.4747281216089325,1.2824067046907057,104642.58737121735,1.2854908009548758,104384.40088973512,False,False
302.0,0.005,0.0016275572268510143,0.55,1.2829687784862305,104809.82678442758,5.5,4.607880117341491,1.2829687784862305,104809.82678442758,1.2659919348478164,104884.02157001183,False,False
302.5,0.005,0.0016375125453737167,0.55,1.2835291930620014,104958.34642420146,5.5,4.722593717475233,1.2835291930620014,104958.34642420146,1.279878052814747,105018.31352878382,False,False
303.0,0.005,0.0016463323853087165,0.55,1.28408813766445,105090.6115622039,5.5,4.82217970578548,1.28408813766445,105090.6115622039,1.2780895665271348,105514.00971076287,False,False
303.5,0.005,0.0016541758901113296,0.55,1.284645775016098,105208.6757090552,5.5,4.90916632414354,1.284645775016098,105208.6757090552,1.2760036538687314,105071.97505842143,False,False
304.0,0.005,0.0016611738296059184,0.55,1.285202246044497,105314.27022824771,5.5,4.985531520104278,1.285202246044497,105314.27022824771,1.2626520959798724,105616.69713356248,False,False
304.5,0.005,0.0016674350755650036,0.55,1.2857576735319027,105408.8694154915,5.5,5.052853595819431,1.2857576735319027,105408.8694154915,1.2824089387105322,105186.30255879606,False,False
305.0,0.005,0.0016730512604803416,0.55,1.2863121649884894,105493.73903951002,5.5,5.112412762986337,1.2863121649884894,105493.73903951002,1.2952852078701513,105830.37769706069,False,False
305.5,0.005,0.0016781002169023106,0.55,1.286865814952339,105569.97337036162,5.5,5.165261837783652,1.286865814952339,105569.97337036162,1.2906757921709764,105341.07798148708,False,False
306.0,0.005,0.001682648572642132,0.55,1.2874187068568987,105638.52397260524,5.5,5.212276812518152,1.2874187068568987,105638.52397260524,1.2814092407602407,105529.86124302089,False,False
306.5,0.005,0.001686753746117964,0.55,1.287970914565879,105700.2224680867,5.5,5.254193889139754,1.287970914565879,105700.2224680867,1.287822154849376,106269.01243245641,False,False
307.0,0.005,0.0016904655057125295,0.55,1.2885225036482604,105755.79879203298,5.5,5.291637156471977,1.2885225036482604,105755.79879203298,1.2960905044506406,105850.89020846848,False,False
307.5,0.005,0.0016938272059586245,0.55,1.2890735324472673,105805.89602043087,5.5,5.32513964784127,1.2890735324472673,105805.89602043087,1.2614693538207253,105838.82371224168,False,False
308.0,0.005,0.001696876779998989,0.55,1.2896240529839342,105851.08254723846,5.5,5.35515961767318,1.2896240529839342,105851.08254723846,1.2883786875158678,106523.69732974208,False,False
308.5,0.005,0.0016996475453928883,0.55,1.2901741117263688,105891.86218411001,5.5,5.382093301153943,1.2901741117263688,105891.86218411001,1.295606113198183,106000.26918632006,False,False
309.0,0.005,0.0017021688649996938,0.55,1.2907237502488689,105928.68261083969,5.5,5.406285044122634,1.2907237502488689,105928.68261083969,1.2975450365012107,105683.84141852111,False,False
309.5,0.005,0.001704466693938439,0.55,1.2912730057998791,105961.94250145415,5.5,5.428035437372718,1.2912730057998791,105961.94250145415,1.3082803078699794,106182.3309009425,False,False
310.0,0.005,0.0017065640359809468,0.55,1.2918219117938823,105991.99757583089,5.5,5.447607916260728,1.2918219117938823,105991.99757583089,1.303172368584847,105637.49330072846,False,False
310.5,0.005,0.0017084813272072884,0.55,1.2923704982393478,106019.16577134958,5.5,5.465234165643562,1.2923704982393478,106019.16577134958,1.2954961265868103,106357.66073297276,False,False
311.0,0.005,0.0017102367606933134,0.55,1.2929187921125656,106043.73168767897,5.5,5.48111858443487,1.2929187921125656,106043.73168767897,1.29593855217372,106405.52501562503,False,False
311.5,0.005,0.0017118465629807032,0.55,1.293466817685402,106065.95042644412,5.5,5.495442002345708,1.293466817685402,106065.95042644412,1.301336271165348,105894.06267288176,False,False
312.0,0.005,0.0017133252308063915,0.55,1.294014596813601,106086.05092350412,5.5,5.508364796311367,1.294014596813601,106086.05092350412,1.2886213268661775,105897.68036871897,False,False
312.5,0.005,0.0017146857348374163,0.55,1.294562149191128,106104.23885297772,5.5,5.520029520793019,1.294562149191128,106104.23885297772,1.2941602686416962,106157.19013168299,False,False
313.0,0.005,0.0017159396958258406,0.55,1.2951094925751572,106120.69916762055,5.5,5.530563141223272,1.2951094925751572,106120.69916762055,1.3041718826059425,106124.94571315424,False,False
313.5,0.005,0.0017170975375645156,0.55,1.2956566429855632,106135.5983286912,5.5,5.540078941023451,1.2956566429855632,106135.5983286912,1.315231095134514,105842.29204363129,False,False
314.0,0.005,0.0017181686202144605,0.55,1.296203614882194,106149.08626932057,5.5,5.548678158230449,1.296203614882194,106149.08626932057,1.2946109418248766,106319.51262921622,False,False
314.5,0.005,0.0017191613569348218,0.55,1.296750421322705,106161.29812808275,5.5,5.556451396678608,1.296750421322705,106161.29812808275,1.2962664144294063,105548.73541920361,False,False
315.0,0.005,0.0017200833162370627,0.55,1.2972970741033323,106172.3557835521,5.5,5.563479848056395,1.2972970741033323,106172.3557835521,1.299281876041209,106042.49794607499,False,False
315.5,0.005,0.0017209413120765353,0.55,1.297843583884653,106182.36921582062,5.5,5.569836354394398,1.297843583884653,106182.36921582062,1.3112756208247336,106061.18692636355,False,False
316.0,0.005,0.0017217414833648353,0.55,1.298389960304092,106191.43771700875,5.5,5.575586335198478,1.298389960304092,106191.43771700875,1.2980868272682005,106109.458051552,False,False
316.5,0.005,0.0017224893643183693,0.55,1.2989362120767056,106199.65096955243,5.5,5.5807885991906225,1.2989362120767056,106199.65096955243,1.313629802441417,106291.81814116515,False,False
317.0,0.005,0.0017231899468393456,0.55,1.2994823470855656,106207.09000835527,5.5,5.585496057212425,1.2994823470855656,106207.09000835527,1.2898157749112782,105838.68328042953,False,False
317.5,0.005,0.001723847735945177,0.55,1.300028372462908,106213.82808064735,5.5,5.5897563500991465,1.300028372462908,106213.82808064735,1.2981680095055381,106390.3826056181,False,False
318.0,0.005,0.001724466799113183,0.55,1.3005742946630559,106219.93141550792,5.5,5.593612403102581,1.3005742946630559,106219.93141550792,1.2985926430962005,106165.88521091141,False,False
318.5,0.005,0.0017250508102835032,0.55,1.3011201195280087,106225.4599134202,5.5,5.597102916621302,1.3011201195280087,106225.4599134202,1.3089851767689709,106030.3950798761,False,False
319.0,0.005,0.001725603089159449,0.55,1.3016658523464821,106230.46776488311,5.5,5.6002628015022005,1.3016658523464821,106230.46776488311,1.3121184561162649,105820.41992453444,False,False
319.5,0.005,0.001726126636357571,0.55,1.3022114979070891,106235.00400595854,5.5,5.603123565945331,1.3022114979070891,106235.00400595854,1.2871170543259067,105880.07122443875,False,False
320.0,0.005,0.0017266241648861706,0.55,1.3027570605462748,106239.11301765674,5.5,5.605713660019988,1.3027570605462748,106239.11301765674,1.2936058842881626,106347.21044926552,False,False
320.5,0.005,0.0017270981283688167,0.55,1.3033025441915467,106242.8349752218,5.5,5.608058782948261,1.3033025441915467,106242.8349752218,1.3066710689793113,105953.68024235917,False,False
321.0,0.005,0.0017275507463763572,0.55,1.303847952400484,106246.20625265785,5.5,5.610182157596985,1.303847952400484,106246.20625265785,1.2972610159416258,106265.46586201344,False,False
321.5,0.005,0.0017279840271856829,0.55,1.304393288395953,106249.25978721066,5.5,5.612104776018553,1.304393288395953,106249.25978721066,1.2891690106394766,106567.8546736381,False,False
322.0,0.005,0.0017283997882445966,0.55,1.3049385550979122,106252.02540797695,5.5,5.613845619372535,1.3049385550979122,106252.02540797695,1.315323354818147,106561.81819258083,False,False
322.5,0.005,0.001728799674588633,0.55,1.3054837551521474,106254.53013234294,5.5,5.615421855128294,1.3054837551521474,106254.53013234294,1.3104234559936838,106722.6492205718,False,False
323.0,0.005,0.0017291851754268246,0.55,1.306028890956243,106256.79843354007,5.5,5.6168490140820815,1.306028890956243,106256.79843354007,1.3109606659248505,106167.91043648473,False,False
323.5,0.005,0.0017295576390882364,0.55,1.3065739646830616,106258.85248224504,5.5,5.618141149406665,1.3065739646830616,106258.85248224504,1.3018195075186008,105933.3077606994,False,False
324.0,0.005,0.0017299182864992703,0.55,1.3071189783019783,106260.71236483514,5.5,5.619310979681429,1.3071189783019783,106260.71236483514,,106566.87001795149,True,False
324.5,0.005,0.0017302682233427302,0.55,1.307663933598088,106262.3962806295,5.5,5.620370017618493,1.307663933598088,106262.3962806295,1.3052643336338168,106355.27743578087,False,False
325.0,0.005,0.0017306084510329185,0.55,1.3082088321895824,106263.92072020109,5.5,5.621328685998428,1.3082088321895824,106263.92072020109,1.3191731849678119,106601.10591522431,False,False
325.5,0.005,0.0017309398766264083,0.55,1.308753675543478,106265.30062662609,5.5,5.622196422154509,1.308753675543478,106265.30062662609,1.2996370240340518,106268.61744794229,False,False
326.0,0.005,0.001731263321775276,0.55,1.309298464989849,106266.54954134443,5.5,5.622981772192312,1.309298464989849,106266.54954134443,1.300757110513011,106625.24334868322,False,False
326.5,0.005,0.0017315795308182214,0.55,1.3098432017347126,106267.67973613314,5.5,5.623692475998696,1.3098432017347126,106267.67973613314,1.3118898338406895,106521.59596214943,False,False
327.0,0.005,0.001731889178094962,0.55,1.3103878868716967,106268.70233254161,5.5,5.624335543977804,1.3103878868716967,106268.70233254161,1.303364565413726,106483.62860356689,False,False
327.5,0.005,0.0017321928745603846,0.55,1.3109325213926033,106269.62741000223,5.5,5.624917326349455,1.3109325213926033,106269.62741000223,1.3176870320462917,106420.68427334119,False,False
328.0,0.005,0.0017324911737670956,0.55,1.3114771061969754,106270.4641037078,5.5,5.625443575755983,1.3114771061969754,106270.4641037078,1.314077983638266,106389.77380746652,False,False
328.5,0.005,0.001732784577277949,0.55,1.3120216421007624,106271.22069323892,5.5,5.625919503843785,1.3120216421007624,106271.22069323892,1.3027919299221316,106341.13143534333,False,False
329.0,0.005,0.0017330735395639197,0.55,1.3125661298441684,106271.90468282727,5.5,5.626349832416139,1.3125661298441684,106271.90468282727,1.3132947858536195,106339.67655468598,False,False
329.5,0.005,0.0017333584724371057,0.55,1.3131105700987622,106272.52287405344,5.5,5.626738839691649,1.3131105700987622,106272.52287405344,1.3095977932168885,106569.58125272134,False,False
330.0,0.005,0.0017336397490636654,0.55,1.3136549634739183,106273.0814317005,5.5,5.627090402147632,1.3136549634739183,106273.0814317005,,106119.48752952722,True,False
330.5,0.005,0.001733917707597073,0.55,1.3141993105226522,106273.58594341349,5.5,5.627408032378956,1.3141993105226522,106273.58594341349,1.30787378069087,106794.29148424164,False,False
331.0,0.005,0.00173419265446805,0.55,1.3147436117469076,106274.0414737525,5.5,5.6276949133589635,1.3147436117469076,106274.0414737525,1.3103518807921788,106242.16871014473,False,False
331.5,0.005,0.0017344648673639927,0.55,1.315287867602347,106274.4526131701,5.5,5.627953929450382,1.315287867602347,106274.4526131701,1.3274002366561104,106570.06727169675,False,False
332.0,0.005,0.001734734597927485,0.55,1.3158320785026925,106274.82352239337,5.5,5.628187694479336,1.3158320785026925,106274.82352239337,1.3382180123951175,106247.75116605673,False,False
332.5,0.005,0.0017350020742006502,0.55,1.3163762448236591,106275.15797264352,5.5,5.628398577154748,1.3163762448236591,106275.15797264352,1.3363663314659384,106201.15817401443,False,False
333.0,0.005,0.0017352675028394298,0.55,1.3169203669065193,106275.4593820858,5.5,5.628588724086927,1.3169203669065193,106275.4593820858,1.3175525970231254,106885.13182780503,False,False
333.5,0.005,0.0017355310711196198,0.55,1.3174644450613326,106275.73084886529,5.5,5.62876008063491,1.3174644450613326,106275.73084886529,1.3196529921320148,106182.92741330487,False,False
334.0,0.005,0.0017357929487543994,0.55,1.3180084795698737,106275.97518104817,5.5,5.628914409789677,1.3180084795698737,106275.97518104817,1.3333430661927002,105892.81015224548,False,False
334.5,0.005,0.0017360532895410936,0.55,1.3185524706882834,106276.19492376069,5.5,5.629053309279303,1.3185524706882834,106276.19492376069,1.3173081226258372,106061.97027605448,False,False
335.0,0.005,0.0017363122328533634,0.55,1.3190964186494745,106276.39238378814,5.5,5.629178227065511,1.3190964186494745,106276.39238378814,1.309332927278101,106181.22399773568,False,False
335.5,0.005,0.0017365699049933499,0.55,1.319640323665309,106276.56965187212,5.5,5.629290475383565,1.319640323665309,106276.56965187212,1.3208090796396719,106923.12720768746,False,False
336.0,0.005,0.00173682642041697,0.55,1.3201841859285728,106276.72862292243,5.5,5.629391243463328,1.3201841859285728,106276.72862292243,1.324699353733894,106338.75540258433,False,False
336.5,0.005,0.001737081882844324,0.55,1.3207280056147654,106276.8710143381,5.5,5.629481609056337,1.3207280056147654,106276.8710143381,1.3124365094365829,106557.2850342779,False,False
337.0,0.005,0.001737336386265974,0.55,1.321271782883721,106276.99838261557,5.5,5.629562548881029,1.321271782883721,106276.99838261557,1.3048094714687295,105976.51839555154,False,False
337.5,0.005,0.0017375900158549203,0.55,1.3218155178810786,106277.11213840361,5.5,5.629634948088519,1.3218155178810786,106277.11213840361,1.3074482227355377,106382.89462533196,False,False
338.0,0.005,0.0017378428487931047,0.55,1.3223592107396132,106277.21356015078,5.5,5.629699608840874,1.3223592107396132,106277.21356015078,1.3290135035813364,106478.65706466972,False,False
338.5,0.005,0.0017380949550204693,0.55,1.322902861580443,106277.30380647683,5.5,5.629757258085376,1.322902861580443,106277.30380647683,1.3153190964173245,106817.79189311614,False,False
339.0,0.005,0.0017383463979138375,0.55,1.323446470514124,106277.3839273875,5.5,5.62980855460039,1.323446470514124,106277.3839273875,1.3220329995904128,106068.50279289031,False,False
339.5,0.005,0.0017385972349021933,0.55,1.3239900376416402,106277.4548744408,5.5,5.6298540953811615,1.3239900376416402,106277.4548744408,1.3261156244850187,106458.50171324894,False,False
340.0,0.005,0.001738847518024326,0.55,1.3245335630553028,106277.51750996285,5.5,5.6298944214275535,1.3245335630553028,106277.51750996285,1.33072497184625,106368.29268249885,False,False
340.5,0.005,0.0017390972944342415,0.55,1.3250770468395638,106277.57261540205,5.5,5.62993002298983,1.3250770468395638,106277.57261540205,1.3217280188524292,105971.05820224246,False,False
341.0,0.005,0.0017393466068592238,0.55,1.325620489071754,106277.62089890204,5.5,5.629961344323168,1.325620489071754,106277.62089890204,1.3306076460765601,106271.78402822619,False,False
341.5,0.005,0.0017395954940149926,0.55,1.3261638898227515,106277.6630021665,5.5,5.6299887879971,1.3261638898227515,106277.6630021665,1.317263286901543,106198.62052930558,False,False
342.0,0.005,0.0017398439909819662,0.55,1.3267072491575878,106277.69950668227,5.5,5.630012718801408,1.3267072491575878,106277.69950668227,1.3230901089008076,105580.08987889823,False,False
342.5,0.005,0.0017400921295462892,0.55,1.3272505671359967,106277.73093935997,5.5,5.630033467286543,1.3272505671359967,106277.73093935997,1.317006411258118,106457.33167667464,False,False
343.0,0.005,0.0017403399385088902,0.55,1.3277938438129118,106277.75777764746,5.5,5.630051332972357,1.3277938438129118,106277.75777764746,1.339111515976531,106439.83080357053,False,False
343.5,0.005,0.0017405874439656024,0.55,1.3283370792389175,106277.78045416481,5.5,5.630066587256652,1.3283370792389175,106277.78045416481,1.3280662469582476,106146.100015966,False,False
344.0,0.005,0.0017408346695610296,0.55,1.3288802734606573,106277.79936090541,5.5,5.630079476051361,1.3288802734606573,106277.79936090541,1.3214871985843544,105876.230777521,False,False
344.5,0.005,0.0017410816367186134,0.55,1.3294234265212042,106277.81485304452,5.5,5.630090222171811,1.3294234265212042,106277.81485304452,1.3258997085405526,106721.77911318431,False,False
345.0,0.005,0.001741328364849161,0.55,1.329966538460396,106277.82725239082,5.5,5.630099027502529,1.329966538460396,106277.82725239082,1.3277492536531632,106357.62703860896,False,False
345.5,0.005,0.0017415748715398029,0.55,1.3305096093151394,106277.83685051544,5.5,5.63010607495998,1.3305096093151394,106277.83685051544,1.3375148072283896,106582.84723871892,False,False
346.0,0.005,0.0017418211727252587,0.55,1.331052639119685,106277.84391158748,5.5,5.63011153027174,1.331052639119685,106277.84391158748,1.3150962773378327,106700.94045059808,False,False
346.5,0.005,0.001742067282843022,0.55,1.3315956279058778,106277.84867494479,5.5,5.63011554358877,1.3315956279058778,106277.84867494479,1.3212235694896237,106121.57663964789,False,False
347.0,0.005,0.0017423132149740224,0.55,1.3321385757033821,106277.85135742358,5.5,5.630118250947014,1.3321385757033821,106277.85135742358,1.3283575031878072,106521.49771721581,False,False
347.5,0.005,0.0017425589809700825,0.55,1.3326814825398872,106277.85215546972,5.5,5.630119775591895,1.3326814825398872,106277.85215546972,1.3580045408675652,106205.50745136868,False,False
348.0,0.005,0.0017428045915694056,0.55,1.3332243484412922,106277.85124705269,5.5,5.630120229178612,1.3332243484412922,106277.85124705269,1.342781137366612,106259.08665460272,False,False
348.5,0.005,0.0017430500565012556,0.55,1.3337671734318755,106277.8487934,5.5,5.630119712860218,1.3337671734318755,106277.8487934,1.332652656640566,106252.1641084084,False,False
349.0,0.005,0.0017432953845808023,0.55,1.3343099575344453,106277.84494056908,5.5,5.630118318273604,1.3343099575344453,106277.84494056908,1.3414299533585536,106277.44926083257,False,False
349.5,0.005,0.001743540583795064,0.55,1.3348527007704794,106277.83982087187,5.5,5.6301161284330625,1.3348527007704794,106277.83982087187,1.3554270624667828,106612.02788076067,False,False
350.0,0.005,0.0017437856613807881,0.55,1.3353954031602493,106277.83355416602,5.5,5.630113218540101,1.3353954031602493,106277.83355416602,1.3330579638924953,106314.9818134746,False,False
350.5,0.005,0.00174228659327113,0.55,1.3359383553947042,106277.83784483898,5.5,5.630109656717401,1.3359383553947042,106277.83784483898,1.3322742219537287,,False,True
351.0,0.005,0.001740787684597869,0.55,1.3364815574472713,106277.85169934173,5.5,5.630112095417773,1.3364815574472713,106277.85169934173,1.3486009928794902,106194.89052988675,False,False
351.5,0.005,0.0017392888794466586,0.55,1.3370250093006968,106277.8742177225,5.5,5.630119969928444,1.3370250093006968,106277.8742177225,1.341966764282026,106380.26846248406,False,False
352.0,0.005,0.0017377901272044225,0.55,1.3375687109461627,106277.90458482897,5.5,5.630132768720826,1.3375687109461627,106277.90458482897,1.3442820424993882,106009.4441658366,False,False
352.5,0.005,0.001736291382055794,0.55,1.3381126623824868,106277.94206233473,5.5,5.630150028454429,1.3381126623824868,106277.94206233473,1.333030438389681,106127.14453316973,False,False
353.0,0.005,0.0017347926025272275,0.55,1.338656863615399,106277.98598151411,5.5,5.630171329448354,1.338656863615399,106277.98598151411,1.3578988949388264,,False,True
353.5,0.005,0.0017332937510743393,0.55,1.3392013146568866,106278.03573669463,5.5,5.630196291577257,1.3392013146568866,106278.03573669463,1.3562972226728232,106108.28124303212,False,False
354.0,0.005,0.0017317947937083508,0.55,1.339746015524602,106278.09077932416,5.5,5.630224570551836,1.339746015524602,106278.09077932416,1.3454054934133295,106242.5479334431,False,False
354.5,0.005,0.001730295699657976,0.55,1.3402909662413256,106278.15061259497,5.5,5.630255854548233,1.3402909662413256,106278.15061259497,1.347133864622798,106094.91755371926,False,False
355.0,0.005,0.0017287964410633708,0.55,1.3408361668344817,106278.21478657243,5.5,5.630289861153491,1.3408361668344817,106278.21478657243,1.3205635581120514,106879.40212028111,False,False
355.5,0.005,0.0017272969926991238,0.55,1.3413816173356985,106278.28289378175,5.5,5.630326334597624,1.3413816173356985,106278.28289378175,1.3477587152706705,106677.0011159761,False,False
356.0,0.005,0.001725797331723558,0.55,1.3419273177804112,106278.35456520895,5.5,5.630365043245706,1.3419273177804112,106278.35456520895,1.339986231908158,106413.34021412829,False,False
356.5,0.005,0.001724297437451818,0.55,1.3424732682075025,106278.4294666778,5.5,5.630405777325227,1.3424732682075025,106278.4294666778,1.3468123252657846,106262.34391123614,False,False
357.0,0.005,0.0017227972911505163,0.55,1.3430194686589774,106278.50729556747,5.5,5.630448346867053,1.3430194686589774,106278.50729556747,1.3498440627774384,106935.73654440723,False,False
357.5,0.005,0.0017212968758518942,0.55,1.3435659191796687,106278.58777783859,5.5,5.630492579839868,1.3435659191796687,106278.58777783859,1.340153001498586,106375.47365026068,False,False
358.0,0.005,0.0017197961761856297,0.55,1.344112619816971,106278.6706653392,5.5,5.630538320459864,1.344112619816971,106278.6706653392,1.3272078018151001,106252.61701297855,False,False
358.5,0.005,0.001718295178226644,0.55,1.3446595706206,106278.75573336413,5.5,5.630585427659445,1.3446595706206,106278.75573336413,1.3483383162713423,106369.69364640967,False,False
359.0,0.005,0.0017167938693573798,0.55,1.3452067716423737,106278.84277844374,5.5,5.630633773699941,1.3452067716423737,106278.84277844374,1.3377929351179698,106370.62574036731,False,False
359.5,0.005,0.001715292238143156,0.55,1.3457542229360164,106278.93161634126,5.5,5.630683242914658,1.3457542229360164,106278.93161634126,1.342452282008773,106702.02692828637,False,False
360.0,0.005,0.0017137902742194117,0.55,1.3463019245569798,106279.0220802382,5.5,5.630733730570471,1.3463019245569798,106279.0220802382,1.340256826116038,106273.33267249302,False,False
360.5,0.005,0.001712287968189648,0.55,1.3468498765622816,106279.11401909085,5.5,5.630785141836301,1.3468498765622816,106279.11401909085,1.3434341340097298,106908.91146630803,False,False
361.0,0.005,0.0017107853115330997,0.55,1.3473980790103595,106279.20729614155,5.5,5.630837390848845,1.3473980790103595,106279.20729614155,1.3243028694377001,106014.60091814103,False,False
361.5,0.005,0.0017092822965211938,0.55,1.3479465319609392,106279.3017875701,5.5,5.630890399866255,1.3479465319609392,106279.3017875701,1.3601160032332544,106487.51685264576,False,False
362.0,0.005,0.0017077789161419534,0.55,1.3484952354749156,106279.39738127234,5.5,5.630944098501482,1.3484952354749156,106279.39738127234,1.3510286964981804,105978.849348278,False,False
362.5,0.005,0.0017062751640316144,0.55,1.3490441896142435,106279.49397575366,5.5,5.6309984230279255,1.3490441896142435,106279.49397575366,1.360158182243432,106824.62426274085,False,False
363.0,0.005,0.0017047710344127406,0.55,1.3495933944418415,106279.59147912705,5.5,5.631053315750388,1.3495933944418415,106279.59147912705,1.3693918127399407,106180.42184745909,False,False
363.5,0.005,0.0017032665220382479,0.55,1.3501428500215018,106279.68980820538,5.5,5.631108724435456,1.3501428500215018,106279.68980820538,1.3503687812471292,106262.23302666166,False,False
364.0,0.005,0.0017017616221407545,0.55,1.3506925564178116,106279.78888767934,5.5,5.63116460179548,1.3506925564178116,106279.78888767934,1.3326681938594058,106557.0599595701,False,False
364.5,0.005,0.0017002563303867588,0.55,1.3512425136960804,106279.88864937311,5.5,5.631220905021202,1.3512425136960804,106279.88864937311,1.3423036451922845,106656.49085458157,False,False
365.0,0.005,0.001698750642835198,0.55,1.3517927219222745,106279.98903156983,5.5,5.6312775953586165,1.3517927219222745,106279.98903156983,1.3397236771133074,105946.42598059334,False,False
365.5,0.005,0.001697244555899938,0.55,1.3523431811629578,106280.08997840111,5.5,5.631334637725493,1.3523431811629578,106280.08997840111,1.3473244347315079,106176.24228090866,False,False
366.0,0.005,0.0016957380663158567,0.55,1.3528938914852384,106280.19143929394,5.5,5.631392000364308,1.3528938914852384,106280.19143929394,1.353690371265898,105861.714457454,False,False
366.5,0.005,0.0016942311711081552,0.55,1.3534448529567205,106280.29336846982,5.5,5.631449654527793,1.3534448529567205,106280.29336846982,1.333422980286488,106321.48491388248,False,False
367.0,0.005,0.0016927238675646023,0.55,1.3539960656454597,106280.39572449133,5.5,5.631507574194219,1.3539960656454597,106280.39572449133,1.3574208205788751,106249.98396394894,False,False
367.5,0.005,0.0016912161532104241,0.55,1.3545475296199248,106280.49846985123,5.5,5.631565735809582,1.3545475296199248,106280.49846985123,1.339443963087066,106175.81826302336,False,False
368.0,0.005,0.001689708025785588,0.55,1.3550992449489605,106280.60157060066,5.5,5.631624118054032,1.3550992449489605,106280.60157060066,1.3580728975769607,106075.26316893047,False,False
368.5,0.005,0.0016881994832242636,0.55,1.3556512117017565,106280.70499601222,5.5,5.6316827016305,1.3556512117017565,106280.70499601222,1.3545563002499867,106164.93305685786,False,False
369.0,0.005,0.0016866905236362342,0.55,1.3562034299478172,106280.80871827519,5.5,5.631741469073153,1.3562034299478172,106280.80871827519,1.3530671175558915,106056.89011665605,False,False
369.5,0.005,0.0016851811452900992,0.55,1.3567558997569356,106280.91271221905,5.5,5.63180040457412,1.3567558997569356,106280.91271221905,1.3560254691975224,106439.6012648269,False,False
370.0,0.005,0.0016836713465980574,0.55,1.3573086211991692,106281.01695506377,5.5,5.631859493826346,1.3573086211991692,106281.01695506377,1.3519108410418523,106735.80196922517,False,False
370.5,0.005,0.001682161126102174,0.55,1.357861594344819,106281.12142619312,5.5,5.631918723881596,1.357861594344819,106281.12142619312,1.3517368799107772,105701.90419362241,False,False
371.0,0.005,0.0016806504824619331,0.55,1.3584148192644085,106281.2261069497,5.5,5.631978083021626,1.3584148192644085,106281.2261069497,1.3415872553557198,106246.43585212827,False,False
371.5,0.005,0.0016791394144429917,0.55,1.358968296028668,106281.33098044951,5.5,5.632037560641628,1.358968296028668,106281.33098044951,1.3586720228801747,106155.87944822128,False,False
372.0,0.005,0.0016776279209070179,0.55,1.359522024708517,106281.43603141364,5.5,5.632097147144823,1.359522024708517,106281.43603141364,1.3779773618147502,106429.14660796404,False,False
372.5,0.005,0.0016761160008024816,0.55,1.3600760053750498,106281.54124601623,5.5,5.6321568338468095,1.3600760053750498,106281.54124601623,1.3798809560038958,105996.01114081312,False,False
373.0,0.005,0.00167460365315634,0.55,1.3606302380995237,106281.64661174668,5.5,5.632216612889094,1.3606302380995237,106281.64661174668,1.3738484140649732,106237.71586253884,False,False
373.5,0.005,0.0016730908770665148,0.55,1.3611847229533458,106281.7521172849,5.5,5.632276477160787,1.3611847229533458,106281.7521172849,1.3682427389618614,105969.87446254134,False,False
374.0,0.005,0.0016715776716950872,0.55,1.3617394600080632,106281.85775238839,5.5,5.632336420227695,1.3617394600080632,106281.85775238839,1.3549746587672633,106490.86710543022,False,False
374.5,0.005,0.0016700640362621462,0.55,1.3622944493353528,106281.96350779005,5.5,5.632396436268108,1.3622944493353528,106281.96350779005,1.3767219572175153,106311.74589677753,False,False
375.0,0.005,0.0016685499700402264,0.55,1.3628496910070127,106282.0693751056,5.5,5.632456520014716,1.3628496910070127,106282.0693751056,1.362288415462603,106233.62700543653,False,False
375.5,0.005,0.0016670354723492754,0.55,1.3634051850949545,106282.17534674976,5.5,5.632516666702001,1.3634051850949545,106282.17534674976,1.3627164299973238,106393.23172545286,False,False
376.0,0.005,0.0016655205425521067,0.55,1.3639609316711958,106282.28141586046,5.5,5.632576872018568,1.3639609316711958,106282.28141586046,1.3610486603528031,106208.33642447117,False,False
376.5,0.005,0.0016640051800502834,0.55,1.3645169308078542,106282.38757623018,5.5,5.632637132064069,1.3645169308078542,106282.38757623018,1.3654365497980372,105816.24128133713,False,False
377.0,0.005,0.0016624893842804047,0.55,1.3650731825771407,106282.49382224369,5.5,5.632697443310187,1.3650731825771407,106282.49382224369,1.36072103356126,106461.21294522367,False,False
377.5,0.005,0.0016609731547107343,0.55,1.3656296870513556,106282.60014882199,5.5,5.632757802565243,1.3656296870513556,106282.60014882199,1.3647918653576245,106369.08119995923,False,False
378.0,0.005,0.0016594564908381706,0.55,1.3661864443028826,106282.70655137117,5.5,5.632818206942308,1.3661864443028826,106282.70655137117,1.35534045321561,106236.4826709077,False,False
378.5,0.005,0.0016579393921854872,0.55,1.366743454404185,106282.8130257364,5.5,5.632878653830162,1.366743454404185,106282.8130257364,1.3630068173567798,106578.29050492647,False,False
379.0,0.005,0.0016564218582988516,0.55,1.3673007174278018,106282.91956816026,5.5,5.632939140867132,1.3673007174278018,106282.91956816026,1.3901062821273,106648.46823309782,False,False
379.5,0.005,0.0016549038887455827,0.55,1.3678582334463443,106283.02617524487,5.5,5.632999665917409,1.3678582334463443,106283.02617524487,1.3671622931667249,105955.34138500842,False,False
380.0,0.005,0.00165338548311211,0.55,1.3684160025324923,106283.13284391779,5.5,5.633060227049519,1.3684160025324923,106283.13284391779,1.3660293968847748,106048.81002232223,False,False
380.5,0.005,0.0016518666410021445,0.55,1.3689740247589919,106283.23957140102,5.5,5.633120822516933,1.3689740247589919,106283.23957140102,1.3742977675500425,106747.42510013137,False,False
381.0,0.005,0.0016503473620350145,0.55,1.3695323001986528,106283.34635518296,5.5,5.633181450740472,1.3695323001986528,106283.34635518296,1.3766135184156874,106709.00191516036,False,False
381.5,0.005,0.0016488276458441618,0.55,1.3700908289243454,106283.45319299321,5.5,5.633242110292346,1.3700908289243454,106283.45319299321,1.3589531403326247,106061.93525441739,False,False
382.0,0.005,0.0016473074920757911,0.55,1.3706496110089994,106283.56008277951,5.5,5.633302799881839,1.3706496110089994,106283.56008277951,1.368578023180967,105929.34706710852,False,False
382.5,0.005,0.0016457869003876416,0.55,1.3712086465256015,106283.66702268693,5.5,5.633363518342207,1.3712086465256015,106283.66702268693,1.380391404934949,106092.39675656614,False,False
383.0,0.005,0.0016442658704478685,0.55,1.3717679355471935,106283.77401103928,5.5,5.633424264618845,1.3717679355471935,106283.77401103928,1.3744663118379146,106134.33908899399,False,False
383.5,0.005,0.0016427444019340579,0.55,1.372327478146871,106283.88104632187,5.5,5.63348503775872,1.372327478146871,106283.88104632187,1.3735470185818888,105808.66129675585,False,False
384.0,0.005,0.0016412224945323026,0.55,1.3728872743977822,106283.98812716633,5.5,5.6335458369005895,1.3728872743977822,106283.98812716633,1.3884274510838697,106293.3383029911,False,False
384.5,0.005,0.0016397001479363967,0.55,1.3734473243731262,106284.09525233654,5.5,5.633606661266344,1.3734473243731262,106284.09525233654,1.3666695967767297,105900.04157941409,False,False
385.0,0.005,0.0016381773618470872,0.55,1.3740076281461517,106284.20242071609,5.5,5.633667510153032,1.3740076281461517,106284.20242071609,1.3748350870972281,105921.08552570363,False,False
385.5,0.005,0.0016366541359714082,0.55,1.3745681857901566,106284.30963129684,5.5,5.63372838292573,1.3745681857901566,106284.30963129684,1.369367599137606,106559.14155797668,False,False
386.0,0.005,0.0016351304700220734,0.55,1.3751289973784862,106284.41688316865,5.5,5.633789279011045,1.3751289973784862,106284.41688316865,1.3900320796692485,106079.46010052443,False,False
386.5,0.005,0.0016336063637169328,0.55,1.3756900629845332,106284.52417551003,5.5,5.63385019789126,1.3756900629845332,106284.52417551003,1.356171458991768,106263.0828208757,False,False
387.0,0.005,0.0016320818167784759,0.55,1.3762513826817369,106284.63150757964,5.5,5.633911139099034,1.3762513826817369,106284.63150757964,1.3695499657268992,106473.36041428236,False,False
387.5,0.005,0.0016305568289333861,0.55,1.3768129565435814,106284.73887870873,5.5,5.633972102212588,1.3768129565435814,106284.73887870873,1.3715213868833023,106528.70610033609,False,False
388.0,0.005,0.001629031399912137,0.55,1.377374784643596,106284.84628829414,5.5,5.634033086851359,1.377374784643596,106284.84628829414,1.3840101808753118,106183.74024965632,False,False
388.5,0.005,0.0016275055294486282,0.55,1.3779368670553545,106284.95373579209,5.5,5.634094092672085,1.3779368670553545,106284.95373579209,1.3839996218164496,106298.18897938848,False,False
389.0,0.005,0.0016259792172798537,0.55,1.3784992038524744,106285.06122071247,5.5,5.634155119365227,1.3784992038524744,106285.06122071247,1.3924511464548617,106037.43942389404,False,False
389.5,0.005,0.001624452463145603,0.55,1.3790617951086168,106285.16874261378,5.5,5.634216166651736,1.3790617951086168,106285.16874261378,1.3633214666852436,106809.38265155148,False,False
390.0,0.005,0.001622925266788198,0.55,1.3796246408974855,106285.27630109852,5.5,5.634277234280204,1.3796246408974855,106285.27630109852,1.3871293909877902,106480.26124642747,False,False
390.5,0.005,0.0016213976279522459,0.55,1.3801877412928267,106285.3838958088,5.5,5.634338322024206,1.3801877412928267,106285.3838958088,1.3772549426499436,105954.41196183099,False,False
391.0,0.005,0.0016198695463844127,0.55,1.3807510963684293,106285.49152642277,5.5,5.634399429679824,1.3807510963684293,106285.49152642277,1.3740948439958476,106286.70891707968,False,False
391.5,0.005,0.0016183410218332367,0.55,1.3813147061981237,106285.59919265108,5.5,5.634460557063627,1.3813147061981237,106285.59919265108,1.3867103915318488,106499.66469885892,False,False
392.0,0.005,0.0016168120540489392,0.55,1.3818785708557821,106285.70689423387,5.5,5.634521704010633,1.3818785708557821,106285.70689423387,1.3726771750284257,106429.53018420449,False,False
392.5,0.005,0.0016152826427832726,0.55,1.3824426904153182,106285.81463093772,5.5,5.634582870372638,1.3824426904153182,106285.81463093772,1.361673557462175,106834.56566634984,False,False
393.0,0.005,0.0016137527877893578,0.55,1.3830070649506867,106285.92240255338,5.5,5.63464405601644,1.3830070649506867,106285.92240255338,1.3793048800614605,106697.6181365084,False,False
393.5,0.005,0.001612222488821565,0.55,1.3835716945358831,106286.0302088934,5.5,5.634705260822576,1.3835716945358831,106286.0302088934,1.368593986019464,106124.23827154544,False,False
394.0,0.005,0.0016106917456353946,0.55,1.3841365792449438,106286.13804978991,5.5,5.63476648468397,1.3841365792449438,106286.13804978991,1.377647421034237,106259.38389965123,False,False
394.5,0.005,0.0016091605579873576,0.55,1.384701719151946,106286.24592509291,5.5,5.634827727504667,1.384701719151946,106286.24592509291,1.388417266789457,105901.78350720006,False,False
395.0,0.005,0.0016076289256348885,0.55,1.385267114331007,106286.35383466847,5.5,5.634888989198867,1.385267114331007,106286.35383466847,,106361.1897295353,True,False
395.5,0.005,0.001606096848336252,0.55,1.3858327648562843,106286.46177839724,5.5,5.634950269689892,1.3858327648562843,106286.46177839724,1.4017017593460699,106331.76809626113,False,False
396.0,0.005,0.0016045643258504657,0.55,1.3863986708019758,106286.569756173,5.5,5.635011568909358,1.3863986708019758,106286.569756173,1.384402123332541,107097.61461495871,False,False
396.5,0.005,0.001603031357937225,0.55,1.3869648322423196,106286.67776790146,5.5,5.6350728867963396,1.3869648322423196,106286.67776790146,1.371631516336841,106315.95029916435,False,False
397.0,0.005,0.0016014979443568398,0.55,1.3875312492515934,106286.78581349914,5.5,5.635134223296671,1.3875312492515934,106286.78581349914,1.3799702806852367,105658.81009930381,False,False
397.5,0.005,0.0015999640848701783,0.55,1.388097921904115,106286.89389289221,5.5,5.635195578362343,1.388097921904115,106286.89389289221,1.3789040796578522,106085.26794688085,False,False
398.0,0.005,0.001598429779238609,0.55,1.3886648502742418,106287.00200601571,5.5,5.635256951950831,1.3886648502742418,106287.00200601571,1.3764865986896593,106320.70676947324,False,False
398.5,0.005,0.0015968950272239539,0.55,1.389232034436371,106287.11015281259,5.5,5.635318344024634,1.389232034436371,106287.11015281259,1.3935857063865256,105910.30556503475,False,False
399.0,0.005,0.0015953598285884465,0.55,1.3897994744649398,106287.21833323305,5.5,5.635379754550757,1.3897994744649398,106287.21833323305,1.3833471510852875,106027.05602801757,False,False
399.5,0.005,0.001593824183094694,0.55,1.390367170434424,106287.32654723381,5.5,5.63544118350032,1.390367170434424,106287.32654723381,1.3705934422675539,106177.63580476538,False,False
400.0,0.005,0.00159228809050564,0.55,1.3909351224193398,106287.43479477742,5.5,5.635502630848147,1.3909351224193398,106287.43479477742,1.397904350450532,106389.9782851171,False,False
400.5,0.005,0.00159075155058453,0.55,1.3915033304942424,106287.54307583175,5.5,5.635564096572366,1.3915033304942424,106287.54307583175,1.3903890648071753,106237.94047246806,False,False
401.0,0.005,0.001589214563094885,0.55,1.3920717947337264,106287.65139036952,5.5,5.635625580654131,1.3920717947337264,106287.65139036952,1.3956401675172518,106020.88164413543,False,False
401.5,0.005,0.0015876771278004764,0.55,1.3926405152124264,106287.75973836782,5.5,5.63568708307735,1.3926405152124264,106287.75973836782,1.3936977306594263,106524.06410871635,False,False
402.0,0.005,0.0015861392444653044,0.55,1.3932094920050155,106287.86811980762,5.5,5.635748603828427,1.3932094920050155,106287.86811980762,1.3995260393464992,106125.97688495026,False,False
402.5,0.005,0.0015846009128535684,0.55,1.3937787251862066,106287.97653467348,5.5,5.635810142895942,1.3937787251862066,106287.97653467348,1.394158912656362,106138.18388164995,False,False
403.0,0.005,0.0015830621327296561,0.55,1.3943482148307516,106288.08498295312,5.5,5.635871700270533,1.3943482148307516,106288.08498295312,1.4067102396655338,105874.18950536773,False,False
403.5,0.005,0.0015815229038581213,0.55,1.394917961013442,106288.19346463733,5.5,5.63593327594463,1.394917961013442,106288.19346463733,1.3991677889132141,106052.38874216877,False,False
404.0,0.005,0.001579983226003675,0.55,1.395487963809108,106288.30197971925,5.5,5.635994869912401,1.395487963809108,106288.30197971925,1.399408640042992,106483.8334584848,False,False
404.5,0.005,0.0015784430989311574,0.55,1.3960582232926195,106288.41052819467,5.5,5.636056482169358,1.3960582232926195,106288.41052819467,1.4001568924694452,105803.11398063455,False,False
405.0,0.005,0.001576902522405541,0.55,1.3966287395388852,106288.51911006139,5.5,5.636118112712498,1.3966287395388852,106288.51911006139,1.382062362113198,106267.16700167127,False,False
405.5,0.005,0.00157536149619191,0.55,1.3971995126228531,106288.62772531915,5.5,5.636179761539982,1.3971995126228531,106288.62772531915,1.395553155104816,106503.94523230162,False,False
406.0,0.005,0.0015738200200554494,0.55,1.3977705426195106,106288.7363739695,5.5,5.636241428651062,1.3977705426195106,106288.7363739695,1.3951773777240157,106175.60379183102,False,False
406.5,0.005,0.0015722780937614408,0.55,1.3983418296038836,106288.84505601555,5.5,5.636303114046014,1.3983418296038836,106288.84505601555,1.4004172968154884,106360.78221153704,False,False
407.0,0.005,0.0015707357170752505,0.55,1.3989133736510377,106288.95377146182,5.5,5.6363648177260055,1.3989133736510377,106288.95377146182,1.385326432008075,105953.91556804694,False,False
407.5,0.005,0.0015691928897623199,0.55,1.3994851748360773,106289.06252031414,5.5,5.636426539693003,1.3994851748360773,106289.06252031414,1.4158263226050063,106682.14589096956,False,False
408.0,0.005,0.001567649611588161,0.55,1.4000572332341459,106289.17130257956,5.5,5.636488279949714,1.4000572332341459,106289.17130257956,1.401101119875711,106619.4864034104,False,False
408.5,0.005,0.0015661058823183544,0.55,1.4006295489204261,106289.28011826616,5.5,5.636550038499543,1.4006295489204261,106289.28011826616,1.3885163735139194,106359.92984322117,False,False
409.0,0.005,0.0015645617017185354,0.55,1.4012021219701396,106289.38896738294,5.5,5.636611815346472,1.4012021219701396,106289.38896738294,1.3841132523343511,105762.86530940817,False,False
409.5,0.005,0.0015630170695543914,0.55,1.4017749524585472,106289.49784993978,5.5,5.636673610495007,1.4017749524585472,106289.49784993978,1.3989620795213404,105975.70914863066,False,False
410.0,0.005,0.0015614719855916608,0.55,1.4023480404609485,106289.60676594736,5.5,5.636735423950163,1.4023480404609485,106289.60676594736,1.401451286331684,106582.61768452676,False,False
410.5,0.005,0.0015599264495961235,0.55,1.4029213860526826,106289.71571541713,5.5,5.636797255717393,1.4029213860526826,106289.71571541713,1.3957384651929388,106803.65204250073,False,False
411.0,0.005,0.0015583804613336072,0.55,1.4034949893091269,106289.82469836103,5.5,5.6368591058025945,1.4034949893091269,106289.82469836103,1.404416127588366,106378.80933035653,False,False
411.5,0.005,0.0015568340205699672,0.55,1.4040688503056986,106289.93371479172,5.5,5.636920974211949,1.4040688503056986,106289.93371479172,1.397657092633303,106664.12939500244,False,False
412.0,0.005,0.0015552871270711002,0.55,1.4046429691178535,106290.04276472234,5.5,5.636982860952039,1.4046429691178535,106290.04276472234,,106107.71425369589,True,False
412.5,0.005,0.001553739780602932,0.55,1.4052173458210864,106290.15184816641,5.5,5.637044766029712,1.4052173458210864,106290.15184816641,1.3979719276371976,106233.33570118314,False,False
413.0,0.005,0.0015521919809314143,0.55,1.4057919804909311,106290.26096513803,5.5,5.637106689452047,1.4057919804909311,106290.26096513803,1.405406978239882,106290.60533620702,False,False
413.5,0.005,0.0015506437278225294,0.55,1.4063668732029606,106290.37011565153,5.5,5.6371686312264435,1.4063668732029606,106290.37011565153,1.416155264936582,106417.29914177203,False,False
414.0,0.005,0.0015490950210422796,0.55,1.4069420240327868,106290.47929972173,5.5,5.6372305913604235,1.4069420240327868,106290.47929972173,1.4326587128618897,105831.83642258825,False,False
414.5,0.005,0.0015475458603566945,0.55,1.4075174330560607,106290.58851736374,5.5,5.637292569861802,1.4075174330560607,106290.58851736374,1.3974410011297547,106572.78857012522,False,False
415.0,0.005,0.0015459962455318247,0.55,1.408093100348472,106290.69776859286,5.5,5.637354566738544,1.408093100348472,106290.69776859286,1.403448022647601,106687.4617619029,False,False
415.5,0.005,0.0015444461763337353,0.55,1.4086690259857497,106290.80705342467,5.5,5.6374165819987345,1.4086690259857497,106290.80705342467,1.4002706690077504,105946.18650877268,False,False
416.0,0.005,0.0015428956525285092,0.55,1.4092452100436617,106290.91637187512,5.5,5.637478615650605,1.4092452100436617,106290.91637187512,1.4170884932613543,105884.31447049716,False,False
416.5,0.005,0.0015413446738822539,0.55,1.4098216525980145,106291.02572396016,5.5,5.637540667702609,1.4098216525980145,106291.02572396016,1.398340659540839,106396.19375834544,False,False
417.0,0.005,0.001539793240161081,0.55,1.4103983537246543,106291.13510969616,5.5,5.637602738163186,1.4103983537246543,106291.13510969616,1.4055547832687234,106094.84153786242,False,False
417.5,0.005,0.0015382413511311288,0.55,1.4109753134994658,106291.24452909947,5.5,5.637664827041017,1.4109753134994658,106291.24452909947,1.4106793006670908,105579.9956243201,False,False
418.0,0.005,0.001536689006558539,0.55,1.4115525319983728,106291.35398218667,5.5,5.637726934344779,1.4115525319983728,106291.35398218667,1.4017657466035753,106533.92903699428,False,False
418.5,0.005,0.001535136206209471,0.55,1.412130009297338,106291.4634689745,5.5,5.637789060083279,1.412130009297338,106291.4634689745,1.402556758874246,106338.14179404482,False,False
419.0,0.005,0.0015335829498500952,0.55,1.4127077454723629,106291.5729894798,5.5,5.637851204265399,1.4127077454723629,106291.5729894798,,106148.57889013745,True,False
419.5,0.005,0.0015320292372465929,0.55,1.4132857405994885,106291.68254371951,5.5,5.637913366900091,1.4132857405994885,106291.68254371951,1.392281338196115,106925.71583153273,False,False
420.0,0.005,0.001530475068165155,0.55,1.4138639947547944,106291.79213171071,5.5,5.637975547996359,1.4138639947547944,106291.79213171071,1.3994092125840611,106333.46340721461,False,False
420.5,0.005,0.0015289204423719841,0.55,1.414442508014399,106291.90175347058,5.5,5.638037747563291,1.414442508014399,106291.90175347058,1.4103121671364671,106065.87273537902,False,False
421.0,0.005,0.001527365359633293,0.55,1.4150212804544602,106292.01140901631,5.5,5.638099965610019,1.4150212804544602,106292.01140901631,1.4165035868178801,,False,True
421.5,0.005,0.0015258098197152997,0.55,1.4156003121511742,106292.12109836527,5.5,5.638162202145695,1.4156003121511742,106292.12109836527,1.4137427122916382,105980.100318136,False,False
422.0,0.005,0.0015242538223842353,0.55,1.4161796031807767,106292.23082153482,5.5,5.638224457179559,1.4161796031807767,106292.23082153482,1.3984399162323828,106063.7187893226,False,False
422.5,0.005,0.0015226973674063351,0.55,1.4167591536195423,106292.34057854244,5.5,5.638286730720852,1.4167591536195423,106292.34057854244,1.4121212907019423,106408.24941917999,False,False
423.0,0.005,0.0015211404545478469,0.55,1.4173389635437843,106292.45036940566,5.5,5.638349022778885,1.4173389635437843,106292.45036940566,1.425323339948846,106126.19090754198,False,False
423.5,0.005,0.0015195830835750223,0.55,1.4179190330298552,106292.56019414197,5.5,5.638411333362992,1.4179190330298552,106292.56019414197,1.4234776881497684,106157.2679719509,False,False
424.0,0.005,0.001518025254254119,0.55,1.4184993621541462,106292.67005276904,5.5,5.638473662482483,1.4184993621541462,106292.67005276904,1.4177118835388678,106793.35351102127,False,False
424.5,0.005,0.001516466966351406,0.55,1.4190799509930876,106292.77994530452,5.5,5.63853601014677,1.4190799509930876,106292.77994530452,1.4102062522421055,106550.67458026043,False,False
425.0,0.005,0.0015149082196331553,0.55,1.4196607996231487,106292.88987176608,5.5,5.638598376365255,1.4196607996231487,106292.88987176608,1.4259729633326708,106533.73761779812,False,False
425.5,0.005,0.0015133490138656482,0.55,1.4202419081208377,106292.99983217144,5.5,5.638660761147357,1.4202419081208377,106292.99983217144,1.4144526183087383,106451.64484283091,False,False
426.0,0.005,0.0015117893488151687,0.55,1.4208232765627018,106293.10982653836,5.5,5.63872316450251,1.4208232765627018,106293.10982653836,1.4091307925379617,106438.37029505562,False,False
426.5,0.005,0.0015102292242480094,0.55,1.4214049050253272,106293.21985488464,5.5,5.6387855864401795,1.4214049050253272,106293.21985488464,1.4133830426737093,106730.19532455677,False,False
427.0,0.005,0.0015086686399304685,0.55,1.4219867935853387,106293.32991722807,5.5,5.638848026969842,1.4219867935853387,106293.32991722807,1.4364702465030803,106287.46612143551,False,False
427.5,0.005,0.0015071075956288491,0.55,1.4225689423194006,106293.4400135865,5.5,5.6389104861009836,1.4225689423194006,106293.4400135865,1.4247707427014176,106850.09425105643,False,False
428.0,0.005,0.0015055460911094604,0.55,1.4231513513042156,106293.55014397777,5.5,5.6389729638431145,1.4231513513042156,106293.55014397777,1.4347438218346926,106008.12964358908,False,False
428.5,0.005,0.0015039841261386168,0.55,1.4237340206165259,106293.66030841976,5.5,5.639035460205738,1.4237340206165259,106293.66030841976,1.4189406574834322,106217.14900210338,False,False
429.0,0.005,0.0015024217004826368,0.55,1.4243169503331121,106293.77050693035,5.5,5.639097975198378,1.4243169503331121,106293.77050693035,1.4336984437249636,105880.19159851759,False,False
429.5,0.005,0.0015008588139078462,0.55,1.4249001405307942,106293.88073952749,5.5,5.639160508830567,1.4249001405307942,106293.88073952749,1.4188851000946134,106190.74883361961,False,False
430.0,0.005,0.0014992954661805754,0.55,1.4254835912864308,106293.99100622906,5.5,5.639223061111872,1.4254835912864308,106293.99100622906,1.4239093175961024,106449.52373611538,False,False
430.5,0.005,0.0014977316570671576,0.55,1.4260673026769195,106294.101307053,5.5,5.639285632051809,1.4260673026769195,106294.101307053,1.4509308052764764,106729.47537382056,False,False
431.0,0.005,0.0014961673863339328,0.55,1.4266512747791973,106294.2116420173,5.5,5.639348221659948,1.4266512747791973,106294.2116420173,1.4343227611021934,106095.21338055823,False,False
431.5,0.005,0.001494602653747246,0.55,1.4272355076702394,106294.32201113987,5.5,5.639410829945864,1.4272355076702394,106294.32201113987,1.4222238039169626,106295.9133532196,False,False
432.0,0.005,0.001493037459073445,0.55,1.4278200014270606,106294.43241443872,5.5,5.6394734569191085,1.4278200014270606,106294.43241443872,1.4269718110367933,106186.66929448824,False,False
432.5,0.005,0.0014914718020788845,0.55,1.4284047561267141,106294.54285193176,5.5,5.639536102589274,1.4284047561267141,106294.54285193176,1.4316669903355705,106072.96286969629,False,False
433.0,0.005,0.0014899056825299188,0.55,1.4289897718462925,106294.65332363703,5.5,5.6395987669659,1.4289897718462925,106294.65332363703,1.4410943477414515,105937.83948757283,False,False
433.5,0.005,0.0014883391001929125,0.55,1.429575048662927,106294.76382957255,5.5,5.639661450058593,1.429575048662927,106294.76382957255,1.4246837177462255,106312.96217916309,False,False
434.0,0.005,0.0014867720548342332,0.55,1.430160586653788,106294.87436975627,5.5,5.639724151876961,1.430160586653788,106294.87436975627,1.4127473958077432,105775.25486962573,False,False
434.5,0.005,0.00148520454622025,0.55,1.4307463858960847,106294.9849442062,5.5,5.639786872430567,1.4307463858960847,106294.9849442062,1.4279499677648217,106328.14788945355,False,False
435.0,0.005,0.0014836365741173366,0.55,1.4313324464670651,106295.09555294036,5.5,5.639849611728992,1.4313324464670651,106295.09555294036,1.4314863010387027,106301.38113358668,False,False
435.5,0.005,0.001482068138291873,0.55,1.4319187684440164,106295.2061959768,5.5,5.639912369781847,1.4319187684440164,106295.2061959768,1.4330141481313687,106097.88110629964,False,False
436.0,0.005,0.001480499238510244,0.55,1.4325053519042648,106295.31687333353,5.5,5.639975146598746,1.4325053519042648,106295.31687333353,1.4456722532660913,105992.04580236055,False,False
436.5,0.005,0.0014789298745388352,0.55,1.4330921969251749,106295.42758502859,5.5,5.640037942189273,1.4330921969251749,106295.42758502859,1.436259067708234,105880.13540054587,False,False
437.0,0.005,0.0014773600461440379,0.55,1.4336793035841509,106295.53833107998,5.5,5.640100756563042,1.4336793035841509,106295.53833107998,1.4418084733005108,106856.9368543733,False,False
437.5,0.005,0.0014757897530922456,0.55,1.4342666719586354,106295.64911150577,5.5,5.640163589729634,1.4342666719586354,106295.64911150577,1.4232555350193874,105893.05749224912,False,False
438.0,0.005,0.0014742189951498586,0.55,1.4348543021261104,106295.75992632397,5.5,5.64022644169868,1.4348543021261104,106295.75992632397,1.443533317010356,106763.070634189,False,False
438.5,0.005,0.0014726477720832776,0.55,1.4354421941640965,106295.87077555263,5.5,5.6402893124797595,1.4354421941640965,106295.87077555263,1.4564043924806593,106475.92020351288,False,False
439.0,0.005,0.0014710760836589094,0.55,1.4360303481501533,106295.98165920984,5.5,5.640352202082491,1.4360303481501533,106295.98165920984,1.443759441052655,106186.77536872437,False,False
439.5,0.005,0.0014695039296431657,0.55,1.4366187641618795,106296.09257731361,5.5,5.640415110516508,1.4366187641618795,106296.09257731361,1.4391543213612867,105948.9695241971,False,False
440.0,0.005,0.0014679313098024582,0.55,1.4372074422769123,106296.20352988201,5.5,5.640478037791399,1.4372074422769123,106296.20352988201,1.4387473241609898,106608.95157894,False,False
440.5,0.005,0.0014663582239032033,0.55,1.4377963825729285,106296.31451693311,5.5,5.640540983916781,1.4377963825729285,106296.31451693311,1.4556678049631886,106815.20987595574,False,False
441.0,0.005,0.0014647846717118235,0.55,1.4383855851276433,106296.42553848494,5.5,5.640603948902273,1.4383855851276433,106296.42553848494,1.4291137702937347,106016.21821584199,False,False
441.5,0.005,0.0014632106529947418,0.55,1.4389750500188108,106296.53659455561,5.5,5.640666932757474,1.4389750500188108,106296.53659455561,1.4378640264392704,106206.91303279148,False,False
442.0,0.005,0.0014616361675183866,0.55,1.4395647773242244,106296.64768516313,5.5,5.640729935492029,1.4395647773242244,106296.64768516313,1.4441668532536065,106612.13481460125,False,False
442.5,0.005,0.0014600612150491874,0.55,1.440154767121716,106296.75881032557,5.5,5.640792957115519,1.440154767121716,106296.75881032557,1.4475947781998482,106397.49381833362,False,False
443.0,0.005,0.0014584857953535786,0.55,1.4407450194891571,106296.86997006106,5.5,5.640855997637561,1.4407450194891571,106296.86997006106,1.4363717404320733,106896.8582569079,False,False
443.5,0.005,0.0014569099081979992,0.55,1.4413355345044574,106296.98116438762,5.5,5.640919057067809,1.4413355345044574,106296.98116438762,1.4444087484517298,106125.93782954621,False,False
444.0,0.005,0.0014553335533488896,0.55,1.4419263122455659,106297.09239332331,5.5,5.6409821354158485,1.4419263122455659,106297.09239332331,1.4391470974320546,106459.77975583417,False,False
444.5,0.005,0.0014537567305726927,0.55,1.4425173527904704,106297.20365688627,5.5,5.6410452326912965,1.4425173527904704,106297.20365688627,1.4437220641184831,105921.92526590377,False,False
445.0,0.005,0.0014521794396358584,0.55,1.4431086562171977,106297.31495509452,5.5,5.641108348903796,1.4431086562171977,106297.31495509452,1.4417877408134587,106926.08247424423,False,False
445.5,0.005,0.001450601680304835,0.55,1.4437002226038136,106297.42628796614,5.5,5.641171484062948,1.4437002226038136,106297.42628796614,1.432284285825258,106078.32404427967,False,False
446.0,0.005,0.001449023452346076,0.55,1.4442920520284226,106297.53765551926,5.5,5.641234638178357,1.4442920520284226,106297.53765551926,1.4440809161781882,105635.1475467307,False,False
446.5,0.005,0.0014474447555260404,0.55,1.4448841445691682,106297.6490577719,5.5,5.641297811259683,1.4448841445691682,106297.6490577719,1.4536556597897865,106259.919851394,False,False
447.0,0.005,0.0014458655896111851,0.55,1.4454765003042331,106297.76049474221,5.5,5.641361003316498,1.4454765003042331,106297.76049474221,1.4358063173888165,106255.93130840821,False,False
447.5,0.005,0.0014442859543679755,0.55,1.4460691193118385,106297.8719664482,5.5,5.641424214358475,1.4460691193118385,106297.8719664482,1.4436582018240902,106872.54342021674,False,False
448.0,0.005,0.0014427058495628752,0.55,1.4466620016702447,106297.98347290803,5.5,5.641487444395185,1.4466620016702447,106297.98347290803,1.453309802314816,106196.33757929291,False,False
448.5,0.005,0.0014411252749623542,0.55,1.447255147457751,106298.09501413976,5.5,5.641550693436283,1.447255147457751,106298.09501413976,1.4365564963902793,106294.30189089713,False,False
449.0,0.005,0.001439544230332884,0.55,1.4478485567526955,106298.20659016146,5.5,5.641613961491381,1.4478485567526955,106298.20659016146,1.449674940127777,106476.2382517353,False,False
449.5,0.005,0.0014379627154409368,0.55,1.4484422296334554,106298.31820099126,5.5,5.641677248570083,1.4484422296334554,106298.31820099126,1.437840931443921,106774.1994059241,False,False
450.0,0.005,0.0014363807300529932,0.55,1.4490361661784465,106298.42984664722,5.5,5.641740554682042,1.4490361661784465,106298.42984664722,1.4603824711867843,106279.46096232338,False,False
450.5,0.005,0.0014347982739355302,0.55,1.4496303664661239,106298.54152714748,5.5,5.64180387983686,1.4496303664661239,106298.54152714748,1.4727585802849226,106610.38489522385,False,False
451.0,0.005,0.0014332153468550328,0.55,1.4502248305749814,106298.65324251007,5.5,5.6418672240441685,1.4502248305749814,106298.65324251007,1.470447383417439,106454.07861892837,False,False
451.5,0.005,0.0014316319485779838,0.55,1.4508195585835517,106298.76499275315,5.5,5.641930587313573,1.4508195585835517,106298.76499275315,1.4486277518058204,106209.89439232455,False,False
452.0,0.005,0.0014300480788708731,0.55,1.4514145505704066,106298.87677789478,5.5,5.6419939696547114,1.4514145505704066,106298.87677789478,1.458816541857813,106322.1431104921,False,False
452.5,0.005,0.0014284637375001903,0.55,1.4520098066141565,106298.98859795308,5.5,5.642057371077202,1.4520098066141565,106298.98859795308,1.453219783899158,106307.5907616101,False,False
453.0,0.005,0.0014268789242324288,0.55,1.4526053267934511,106299.10045294615,5.5,5.642120791590669,1.4526053267934511,106299.10045294615,1.453626385754144,106024.29306223089,False,False
453.5,0.005,0.0014252936388340848,0.55,1.4532011111869787,106299.21234289209,5.5,5.642184231204734,1.4532011111869787,106299.21234289209,1.468678681796357,106663.31656922592,False,False
454.0,0.005,0.0014237078810716557,0.55,1.4537971598734667,106299.32426780896,5.5,5.642247689929021,1.4537971598734667,106299.32426780896,1.4406053641116252,105883.63819200851,False,False
454.5,0.005,0.001422121650711641,0.55,1.4543934729316814,106299.43622771499,5.5,5.642311167773126,1.4543934729316814,106299.43622771499,1.4649464189063426,106650.78690448024,False,False
455.0,0.005,0.0014205349475205483,0.55,1.454990050440428,106299.54822262815,5.5,5.642374664746746,1.454990050440428,106299.54822262815,1.4545002904888706,106585.87402136553,False,False
455.5,0.005,0.0014189477712648777,0.55,1.4555868924785507,106299.66025256662,5.5,5.6424381808594175,1.4555868924785507,106299.66025256662,1.469672298684592,106271.74547514267,False,False
456.0,0.005,0.0014173601217111404,0.55,1.4561839991249321,106299.77231754852,5.5,5.64250171612082,1.4561839991249321,106299.77231754852,1.4580563328139267,106070.1390133064,False,False
456.5,0.005,0.0014157719986258458,0.55,1.4567813704584944,106299.88441759191,5.5,5.642565270540563,1.4567813704584944,106299.88441759191,1.4500546505132326,106231.95689189334,False,False
457.0,0.005,0.0014141834017755049,0.55,1.4573790065581984,106299.99655271493,5.5,5.642628844128259,1.4573790065581984,106299.99655271493,1.4601504103257121,106441.82895011349,False,False
457.5,0.005,0.0014125943309266338,0.55,1.457976907503044,106300.10872293572,5.5,5.642692436893541,1.457976907503044,106300.10872293572,1.4653365784533408,106523.0262547449,False,False
458.0,0.005,0.0014110047858457496,0.55,1.4585750733720697,106300.22092827236,5.5,5.642756048846044,1.4585750733720697,106300.22092827236,1.4589327101131817,106386.29661733432,False,False
458.5,0.005,0.0014094147662993702,0.55,1.4591735042443532,106300.33316874302,5.5,5.642819679995377,1.4591735042443532,106300.33316874302,1.4640538870099191,106597.97406958527,False,False
459.0,0.005,0.0014078242720540184,0.55,1.4597722001990108,106300.44544436573,5.5,5.6428833303511885,1.4597722001990108,106300.44544436573,1.454555448441991,106133.21507275749,False,False
459.5,0.005,0.001406233302876215,0.55,1.4603711613151982,106300.5577551587,5.5,5.642946999923061,1.4603711613151982,106300.5577551587,1.4390323223067474,106370.93067470871,False,False
460.0,0.005,0.0014046418585324885,0.55,1.4609703876721094,106300.67010113997,5.5,5.643010688720668,1.4609703876721094,106300.67010113997,1.4699706235098429,105830.16635787913,False,False
460.5,0.005,0.0014030499387893622,0.55,1.4615698793489778,106300.78248232775,5.5,5.643074396753583,1.4615698793489778,106300.78248232775,1.4685614767108206,106529.87047997897,False,False
461.0,0.005,0.0014014575434133695,0.55,1.4621696364250756,106300.8948987401,5.5,5.643138124031485,1.4621696364250756,106300.8948987401,1.463651420271219,106346.84777432556,False,False
461.5,0.005,0.0013998646721710385,0.55,1.4627696589797137,106301.00735039516,5.5,5.643201870563963,1.4627696589797137,106301.00735039516,1.4634537646018169,106176.33509724274,False,False
462.0,0.005,0.0013982713248289042,0.55,1.463369947092242,106301.11983731105,5.5,5.6432656363606535,1.463369947092242,106301.11983731105,1.4737329047857894,106649.58256292682,False,False
462.5,0.005,0.0013966775011535005,0.55,1.4639705008420498,106301.23235950594,5.5,5.643329421431177,1.4639705008420498,106301.23235950594,1.4593994335872842,106508.69020414489,False,False
463.0,0.005,0.0013950832009113658,0.55,1.4645713203085646,106301.3449169979,5.5,5.643393225785178,1.4645713203085646,106301.3449169979,1.4575059796549794,105456.42664447468,False,False
463.5,0.005,0.0013934884238690365,0.55,1.4651724055712532,106301.45750980513,5.5,5.64345704943225,1.4651724055712532,106301.45750980513,1.4632869068762933,106313.42248428534,False,False
464.0,0.005,0.0013918931697930559,0.55,1.465773756709621,106301.5701379457,5.5,5.643520892382062,1.465773756709621,106301.5701379457,1.4776647285951363,105865.06293892737,False,False
464.5,0.005,0.0013902974384499634,0.55,1.4663753738032126,106301.68280143777,5.5,5.6435847546442055,1.4663753738032126,106301.68280143777,1.4525042447605678,106621.68076377828,False,False
465.0,0.005,0.0013887012296063042,0.55,1.4669772569316115,106301.79550029946,5.5,5.643648636228314,1.4669772569316115,106301.79550029946,1.4788955568577515,107048.5179471709,False,False
465.5,0.005,0.001387104543028623,0.55,1.46757940617444,106301.90823454894,5.5,5.643712537144014,1.46757940617444,106301.90823454894,1.4611868776323849,106146.34818133434,False,False
466.0,0.005,0.0013855073784834692,0.55,1.4681818216113596,106302.02100420433,5.5,5.643776457400953,1.4681818216113596,106302.02100420433,1.4571743866141194,106324.39474995491,False,False
466.5,0.005,0.0013839097357373892,0.55,1.4687845033220701,106302.13380928377,5.5,5.643840397008736,1.4687845033220701,106302.13380928377,1.4813851216834932,106226.82373711119,False,False
467.0,0.005,0.0013823116145569333,0.55,1.4693874513863106,106302.24664980538,5.5,5.643904355976997,1.4693874513863106,106302.24664980538,1.4684185504383487,106407.49058347144,False,False
467.5,0.005,0.001380713014708654,0.55,1.469990665883859,106302.35952578734,5.5,5.643968334315356,1.469990665883859,106302.35952578734,1.4569883222400097,106495.72423046998,False,False
468.0,0.005,0.0013791139359591044,0.55,1.4705941468945325,106302.47243724775,5.5,5.644032332033452,1.4705941468945325,106302.47243724775,1.4670068163039682,106688.63061820983,False,False
468.5,0.005,0.0013775143780748393,0.55,1.4711978944981867,106302.58538420478,5.5,5.644096349140897,1.4711978944981867,106302.58538420478,1.4805084188070572,106006.35898385545,False,False
469.0,0.005,0.001375914340822414,0.55,1.4718019087747163,106302.6983666766,5.5,5.644160385647328,1.4718019087747163,106302.6983666766,1.483722650700934,106774.18881022368,False,False
469.5,0.005,0.001374313823968387,0.55,1.4724061898040548,106302.8113846813,5.5,5.644224441562389,1.4724061898040548,106302.8113846813,1.4681352029848442,106023.35722786823,False,False
470.0,0.005,0.0013727128272793157,0.55,1.473010737666175,106302.92443823708,5.5,5.644288516895674,1.473010737666175,106302.92443823708,1.4770739452571477,106386.05104804809,False,False
470.5,0.005,0.001371111350521761,0.55,1.473615552441088,106303.03752736209,5.5,5.644352611656834,1.473615552441088,106303.03752736209,1.4807563987650325,106650.6105192351,False,False
471.0,0.005,0.0013695093934622854,0.55,1.4742206342088444,106303.15065207446,5.5,5.644416725855503,1.4742206342088444,106303.15065207446,1.467774369271681,106517.11027359386,False,False
471.5,0.005,0.0013679069558674504,0.55,1.4748259830495332,106303.26381239231,5.5,5.6444808595013,1.4748259830495332,106303.26381239231,1.4783763438011976,106021.69133009581,False,False
472.0,0.005,0.0013663040375038174,0.55,1.4754315990432825,106303.37700833386,5.5,5.644545012603832,1.4754315990432825,106303.37700833386,1.4751128198957268,106092.7999232865,False,False
472.5,0.005,0.0013647006381379547,0.55,1.4760374822702595,106303.49023991727,5.5,5.644609185172762,1.4760374822702595,106303.49023991727,,106164.79096909791,True,False
473.0,0.005,0.0013630967575364284,0.55,1.4766436328106702,106303.60350716063,5.5,5.644673377217723,1.4766436328106702,106303.60350716063,1.471722153456881,106288.25272282286,False,False
473.5,0.005,0.001361492395465802,0.55,1.4772500507447592,106303.71681008216,5.5,5.644737588748306,1.4772500507447592,106303.71681008216,1.4779203955634312,106647.80278457778,False,False
474.0,0.005,0.001359887551692647,0.55,1.4778567361528105,106303.83014869998,5.5,5.644801819774172,1.4778567361528105,106303.83014869998,1.4781552710223969,105916.28671744945,False,False
474.5,0.005,0.0013582822259835307,0.55,1.4784636891151466,106303.94352303229,5.5,5.644866070304937,1.4784636891151466,106303.94352303229,1.4728087895819033,106443.9539744161,False,False
475.0,0.005,0.001356676418105024,0.55,1.479070909712129,106304.05693309722,5.5,5.6449303403502356,1.479070909712129,106304.05693309722,1.4748114586281276,106487.04866274908,False,False
475.5,0.005,0.0013550701278236977,0.55,1.4796783980241583,106304.17037891295,5.5,5.644994629919697,1.4796783980241583,106304.17037891295,1.4908117704075616,106471.65699556026,False,False
476.0,0.005,0.0013534633549061232,0.55,1.480286154131674,106304.28386049764,5.5,5.64505893902295,1.480286154131674,106304.28386049764,1.482424425483444,106444.17576083505,False,False
476.5,0.005,0.0013518560991188737,0.55,1.4808941781151543,106304.39737786948,5.5,5.645123267669618,1.4808941781151543,106304.39737786948,1.4897451217810371,106759.89281426545,False,False
477.0,0.005,0.0013502483602285235,0.55,1.4815024700551163,106304.5109310466,5.5,5.645187615869348,1.4815024700551163,106304.5109310466,1.4935206923744904,106450.85343405648,False,False
477.5,0.005,0.001348640138001646,0.55,1.482111030032116,106304.6245200472,5.5,5.645251983631757,1.482111030032116,106304.6245200472,1.4879994526285116,106561.7122934152,False,False
478.0,0.005,0.0013470314322048167,0.55,1.4827198581267487,106304.73814488946,5.5,5.645316370966476,1.4827198581267487,106304.73814488946,1.505428721260573,106473.80209636767,False,False
478.5,0.005,0.001345422242604611,0.55,1.483328954419648,106304.85180559155,5.5,5.645380777883148,1.483328954419648,106304.85180559155,1.4750759141020091,106842.78565541003,False,False
479.0,0.005,0.0013438125689676076,0.55,1.4839383189914868,106304.9655021716,5.5,5.645445204391405,1.4839383189914868,106304.9655021716,,105735.02408030274,True,False
479.5,0.005,0.0013422024110603802,0.55,1.4845479519229767,106305.07923464783,5.5,5.645509650500852,1.4845479519229767,106305.07923464783,1.4813665121926658,106689.7118077836,False,False
480.0,0.005,0.001340591768649509,0.55,1.4851578532948684,106305.19300303841,5.5,5.645574116221138,1.4851578532948684,106305.19300303841,1.5037156859285812,106226.88377076238,False,False
480.5,0.005,0.0013389806415015722,0.55,1.4857680231879515,106305.30680736154,5.5,5.645638601561902,1.4857680231879515,106305.30680736154,1.5027724244018759,106221.09174923063,False,False
481.0,0.005,0.001337369029383149,0.55,1.4863784616830544,106305.42064763536,5.5,5.645703106532779,1.4863784616830544,106305.42064763536,1.466836349862987,106014.57762466744,False,False
481.5,0.005,0.0013357569320608176,0.55,1.4869891688610444,106305.53452387807,5.5,5.645767631143376,1.4869891688610444,106305.53452387807,1.4773005064359255,105744.92588347603,False,False
482.0,0.005,0.0013341443493011587,0.55,1.4876001448028275,106305.64843610786,5.5,5.645832175403345,1.4876001448028275,106305.64843610786,1.494243273910771,106191.0799818406,False,False
482.5,0.005,0.001332531280870753,0.55,1.4882113895893492,106305.76238434295,5.5,5.645896739322312,1.4882113895893492,106305.76238434295,1.496110061688194,106099.57439148762,False,False
483.0,0.005,0.0013309177265361826,0.55,1.4888229033015932,106305.87636860144,5.5,5.645961322909931,1.4888229033015932,106305.87636860144,1.496188545463186,106454.12856243966,False,False
483.5,0.005,0.0013293036860640252,0.55,1.4894346860205825,106305.9903889016,5.5,5.646025926175794,1.4894346860205825,106305.9903889016,1.488726032738849,105864.31164702037,False,False
484.0,0.005,0.001327689159220865,0.55,1.490046737827379,106306.10444526155,5.5,5.6460905491295685,1.490046737827379,106306.10444526155,1.4945979460730137,106735.58839912478,False,False
484.5,0.005,0.0013260741457732817,0.55,1.4906590588030835,106306.21853769956,5.5,5.646155191780854,1.4906590588030835,106306.21853769956,1.4971892731609466,106387.79869066387,False,False
485.0,0.005,0.0013244586454878604,0.55,1.4912716490288356,106306.33266623378,5.5,5.646219854139333,1.4912716490288356,106306.33266623378,1.4904929363334622,106231.96185877454,False,False
485.5,0.005,0.0013228426581311814,0.55,1.4918845085858137,106306.4468308824,5.5,5.646284536214607,1.4918845085858137,106306.4468308824,1.50215752826943,106093.61982612663,False,False
486.0,0.005,0.0013212261834698279,0.55,1.4924976375552355,106306.5610316636,5.5,5.64634923801631,1.4924976375552355,106306.5610316636,,106070.39891502786,True,False
486.5,0.005,0.0013196092212703805,0.55,1.493111036018357,106306.67526859565,5.5,5.646413959554068,1.493111036018357,106306.67526859565,1.499448971214057,105967.64911920945,False,False
487.0,0.005,0.001317991771299426,0.55,1.4937247040564738,106306.78954169666,5.5,5.6464787008375525,1.4937247040564738,106306.78954169666,1.4833841779336165,106143.48132422451,False,False
487.5,0.005,0.0013163738333235432,0.55,1.49433864175092,106306.90385098488,5.5,5.646543461876359,1.49433864175092,106306.90385098488,1.5039254198306138,106308.71897545323,False,False
488.0,0.005,0.0013147554071093169,0.55,1.4949528491830684,106307.01819647852,5.5,5.646608242680132,1.4949528491830684,106307.01819647852,1.4926660049341565,106253.80916164543,False,False
488.5,0.005,0.0013131364924233312,0.55,1.4955673264343312,106307.13257819574,5.5,5.6466730432585255,1.4955673264343312,106307.13257819574,1.4866794537234909,105882.7862160543,False,False
489.0,0.005,0.0013115170890321663,0.55,1.4961820735861593,106307.24699615479,5.5,5.6467378636211505,1.4961820735861593,106307.24699615479,1.4999210951536017,106227.49852384168,False,False
489.5,0.005,0.0013098971967024076,0.55,1.4967970907200423,106307.3614503739,5.5,5.646802703777658,1.4967970907200423,106307.3614503739,1.4876837557415847,106039.40657577277,False,False
490.0,0.005,0.0013082768152006383,0.55,1.4974123779175088,106307.47594087118,5.5,5.646867563737698,1.4974123779175088,106307.47594087118,1.488284698941955,106355.4405963898,False,False
490.5,0.005,0.0013066559442934374,0.55,1.4980279352601267,106307.59046766491,5.5,5.646932443510864,1.4980279352601267,106307.59046766491,1.4823549917005958,106866.98603022614,False,False
491.0,0.005,0.0013050345837473905,0.55,1.4986437628295022,106307.70503077332,5.5,5.646997343106814,1.4986437628295022,106307.70503077332,1.498376685281521,106495.2118390073,False,False
491.5,0.005,0.0013034127333290803,0.55,1.4992598607072807,106307.81963021455,5.5,5.647062262535204,1.4992598607072807,106307.81963021455,1.504228095924189,106213.8836485679,False,False
492.0,0.005,0.0013017903928050868,0.55,1.4998762289751464,106307.93426600688,5.5,5.647127201805635,1.4998762289751464,106307.93426600688,1.5101064888364588,105820.46931396452,False,False
492.5,0.005,0.0013001675619419932,0.55,1.5004928677148228,106308.04893816852,5.5,5.6471921609277675,1.5004928677148228,106308.04893816852,1.4990755890969327,105883.63164556488,False,False
493.0,0.005,0.0012985442405063815,0.55,1.5011097770080717,106308.16364671766,5.5,5.647257139911244,1.5011097770080717,106308.16364671766,1.5115883290925483,105802.14664907494,False,False
493.5,0.005,0.0012969204282648323,0.55,1.5017269569366942,106308.27839167252,5.5,5.6473221387656825,1.5017269569366942,106308.27839167252,1.5019065666880422,106526.06893069277,False,False
494.0,0.005,0.0012952961249839258,0.55,1.5023444075825303,106308.39317305136,5.5,5.647387157500724,1.5023444075825303,106308.39317305136,1.5014115227727347,106078.87236803815,False,False
494.5,0.005,0.001293671330430245,0.55,1.5029621290274586,106308.50799087237,5.5,5.647452196126027,1.5029621290274586,106308.50799087237,1.5086977585060366,106327.28806860965,False,False
495.0,0.005,0.001292046044370368,0.55,1.5035801213533968,106308.62284515376,5.5,5.647517254651214,1.5035801213533968,106308.62284515376,1.5141640491146544,106122.01859039105,False,False
495.5,0.005,0.0012904202665708741,0.55,1.5041983846423017,106308.73773591378,5.5,5.647582333085908,1.5041983846423017,106308.73773591378,1.5007840400977157,106336.09669847583,False,False
496.0,0.005,0.0012887939967983428,0.55,1.5048169189761686,106308.85266317066,5.5,5.647647431439764,1.5048169189761686,106308.85266317066,1.502379302756609,106729.3558024375,False,False
496.5,0.005,0.0012871672348193546,0.55,1.505435724437032,106308.96762694264,5.5,5.647712549722431,1.505435724437032,106308.96762694264,1.5038274103900335,106103.48384730743,False,False
497.0,0.005,0.0012855399804004854,0.55,1.5060548011069652,106309.08262724789,5.5,5.6477776879435435,1.5060548011069652,106309.08262724789,1.5068824923768835,106206.79602547945,False,False
497.5,0.005,0.0012839122333083127,0.55,1.5066741490680804,106309.1976641047,5.5,5.647842846112707,1.5066741490680804,106309.1976641047,1.4976700669720289,106067.29449070562,False,False
498.0,0.005,0.0012822839933094138,0.55,1.507293768402529,106309.31273753129,5.5,5.647908024239598,1.507293768402529,106309.31273753129,1.5175738290031917,106571.68520858709,False,False
498.5,0.005,0.001280655260170366,0.55,1.5079136591925006,106309.4278475459,5.5,5.647973222333855,1.5079136591925006,106309.4278475459,1.5039095628747172,106001.71269057163,False,False
499.0,0.005,0.0012790260336577439,0.55,1.5085338215202244,106309.54299416677,5.5,5.648038440405108,1.5085338215202244,106309.54299416677,1.513158256088003,105969.64802081409,False,False
499.5,0.005,0.001277396313538122,0.55,1.509154255467968,106309.65817741207,5.5,5.648103678463005,1.509154255467968,106309.65817741207,1.5008995297457288,105893.35928774059,False,False
500.0,0.005,0.0012757660995780726,0.55,1.5097749611180382,106309.77339730016,5.5,5.648168936517148,1.5097749611180382,106309.77339730016,1.5133630006461272,105887.23134304308,False,False
500.5,0.005,0.0012741353915441728,0.55,1.5103959385527808,106309.88865384918,5.5,5.648234214577244,1.5103959385527808,106309.88865384918,1.5143118687102841,106451.15695545058,False,False
501.0,0.005,0.001272504189202991,0.55,1.5110171878545802,106310.00394707744,5.5,5.648299512652878,1.5110171878545802,106310.00394707744,1.5068103737866068,107080.74145312398,False,False
501.5,0.005,0.0012708724923211016,0.55,1.51163870910586,106310.11927700315,5.5,5.648364830753727,1.51163870910586,106310.11927700315,1.5318476034358315,106011.50638208106,False,False
502.0,0.005,0.0012692403006650734,0.55,1.5122605023890825,106310.23464364454,5.5,5.648430168889418,1.5122605023890825,106310.23464364454,1.5159709020015015,106595.69839063643,False,False
502.5,0.005,0.0012676076140014758,0.55,1.512882567786749,106310.35004701992,5.5,5.648495527069579,1.512882567786749,106310.35004701992,1.5306518570165228,106385.68215952163,False,False
503.0,0.005,0.00126597443209688,0.55,1.5135049053813996,106310.46548714749,5.5,5.64856090530389,1.5135049053813996,106310.46548714749,1.5230962946203808,105979.8587172719,False,False
503.5,0.005,0.001264340754717851,0.55,1.5141275152556133,106310.58096404548,5.5,5.648626303601961,1.5141275152556133,106310.58096404548,1.5075047671850526,106227.57109903739,False,False
504.0,0.005,0.001262706581630955,0.55,1.5147503974920082,106310.6964777322,5.5,5.6486917219734245,1.5147503974920082,106310.6964777322,1.5109285293354293,106240.82147503096,False,False
504.5,0.005,0.0012610719126027593,0.55,1.5153735521732412,106310.81202822589,5.5,5.648757160427954,1.5153735521732412,106310.81202822589,1.5197345728468135,106103.60146073879,False,False
505.0,0.005,0.0012594367473998283,0.55,1.5159969793820078,106310.9276155448,5.5,5.648822618975187,1.5159969793820078,106310.9276155448,1.5166087047003953,106890.10967765856,False,False
505.5,0.005,0.0012578010857887249,0.55,1.516620679201043,106311.04323970717,5.5,5.6488880976247655,1.516620679201043,106311.04323970717,1.5171152906186323,105739.20706881002,False,False
506.0,0.005,0.0012561649275360095,0.55,1.5172446517131204,106311.15890073129,5.5,5.648953596386316,1.5172446517131204,106311.15890073129,1.514382602169375,106425.46983518741,False,False
506.5,0.005,0.0012545282724082457,0.55,1.5178688970010523,106311.2745986354,5.5,5.649019115269502,1.5178688970010523,106311.2745986354,,106410.73194282551,True,False
507.0,0.005,0.001252891120171992,0.55,1.5184934151476903,106311.39033343777,5.5,5.649084654283962,1.5184934151476903,106311.39033343777,1.5162390887134833,106137.50547397324,False,False
507.5,0.005,0.0012512534705938065,0.55,1.5191182062359248,106311.50610515664,5.5,5.649150213439338,1.5191182062359248,106311.50610515664,1.4969369915966972,106356.35696476926,False,False
508.0,0.005,0.0012496153234402454,0.55,1.5197432703486846,106311.62191381032,5.5,5.649215792745266,1.5197432703486846,106311.62191381032,1.523461466036534,106574.90340441909,False,False
508.5,0.005,0.0012479766784778664,0.55,1.5203686075689382,106311.73775941705,5.5,5.649281392211406,1.5203686075689382,106311.73775941705,1.513108029694661,106357.55830004896,False,False
509.0,0.005,0.0012463375354732223,0.55,1.5209942179796927,106311.85364199511,5.5,5.6493470118474,1.5209942179796927,106311.85364199511,1.5138400507179712,106437.05123875731,False,False
509.5,0.005,0.0012446978941928672,0.55,1.5216201016639939,106311.96956156276,5.5,5.64941265166289,1.5216201016639939,106311.96956156276,1.519427063707694,106519.84314154439,False,False
510.0,0.005,0.0012430577544033513,0.55,1.5222462587049266,106312.08551813831,5.5,5.649478311667516,1.5222462587049266,106312.08551813831,1.5249729821678852,105702.46872101334,False,False
510.5,0.005,0.0012414171158712272,0.55,1.5228726891856148,106312.20151174,5.5,5.649543991870952,1.5228726891856148,106312.20151174,1.5085526274082552,106755.7149493815,False,False
511.0,0.005,0.0012397759783630406,0.55,1.523499393189221,106312.3175423861,5.5,5.649609692282822,1.523499393189221,106312.3175423861,1.506013381293687,106995.80873341841,False,False
511.5,0.005,0.0012381343416453393,0.55,1.5241263707989468,106312.43361009493,5.5,5.649675412912765,1.5241263707989468,106312.43361009493,1.5134657120839485,106606.67212620983,False,False
512.0,0.005,0.0012364922054846701,0.55,1.5247536220980327,106312.54971488469,5.5,5.649741153770458,1.5247536220980327,106312.54971488469,1.5043363468560453,106616.6491047035,False,False
512.5,0.005,0.0012348495696475738,0.55,1.525381147169758,106312.66585677373,5.5,5.649806914865501,1.525381147169758,106312.66585677373,1.515712651070865,105890.19176357872,False,False
513.0,0.005,0.0012332064339005946,0.55,1.5260089460974413,106312.78203578034,5.5,5.649872696207579,1.5260089460974413,106312.78203578034,1.541917776402671,106277.2535252263,False,False
513.5,0.005,0.0012315627980102742,0.55,1.5266370189644396,106312.89825192277,5.5,5.6499384978063425,1.5266370189644396,106312.89825192277,1.5160711597994692,106069.28510813056,False,False
514.0,0.005,0.0012299186617431485,0.55,1.527265365854149,106313.01450521931,5.5,5.650004319671423,1.527265365854149,106313.01450521931,1.533779417603151,106136.85622711729,False,False
514.5,0.005,0.0012282740248657567,0.55,1.5278939868500048,106313.13079568825,5.5,5.65007016181247,1.5278939868500048,106313.13079568825,1.5141776387673533,106603.24186837822,False,False
515.0,0.005,0.0012266288871446327,0.55,1.5285228820354806,106313.24712334787,5.5,5.650136024239134,1.5285228820354806,106313.24712334787,1.5315140835612056,106072.07694717577,False,False
515.5,0.005,0.0012249832483463103,0.55,1.5291520514940895,106313.36348821649,5.5,5.650201906961058,1.5291520514940895,106313.36348821649,1.5259547133719626,106274.33310040792,False,False
516.0,0.005,0.0012233371082373214,0.55,1.5297814953093833,106313.47989031242,5.5,5.650267809987907,1.5297814953093833,106313.47989031242,1.5291833674540407,105740.90567389791,False,False
516.5,0.005,0.001221690466584197,0.55,1.5304112135649526,106313.5963296539,5.5,5.650333733329339,1.5304112135649526,106313.5963296539,1.5360989895086279,106266.06672908223,False,False
517.0,0.005,0.0012200433231534624,0.55,1.531041206344427,106313.71280625924,5.5,5.650399676994978,1.531041206344427,106313.71280625924,1.5486036075975889,106340.71783422492,False,False
517.5,0.005,0.0012183956777116443,0.55,1.531671473731475,106313.82932014675,5.5,5.650465640994477,1.531671473731475,106313.82932014675,1.5336185372298077,106102.39225770513,False,False
518.0,0.005,0.0012167475300252672,0.55,1.532302015809804,106313.94587133473,5.5,5.650531625337493,1.532302015809804,106313.94587133473,1.5335456053237648,106097.9798315034,False,False
518.5,0.005,0.0012150988798608532,0.55,1.5329328326631604,106314.0624598415,5.5,5.650597630033681,1.5329328326631604,106314.0624598415,1.5231991554883373,106879.98932563658,False,False
519.0,0.005,0.0012134497269849218,0.55,1.5335639243753296,106314.17908568536,5.5,5.6506636550927025,1.5335639243753296,106314.17908568536,1.539397320928653,105951.25579991388,False,False
519.5,0.005,0.0012118000711639917,0.55,1.5341952910301355,106314.29574888457,5.5,5.6507297005242005,1.5341952910301355,106314.29574888457,1.5317345677246827,105999.11063601446,False,False
520.0,0.005,0.001210149912164576,0.55,1.5348269327114414,106314.41244945751,5.5,5.650795766337804,1.5348269327114414,106314.41244945751,1.5431470031405257,106071.70930686704,False,False
520.5,0.005,0.001208499249753192,0.55,1.5354588495031491,106314.52918742239,5.5,5.6508618525432075,1.5354588495031491,106314.52918742239,1.5350217849982994,106674.17489420687,False,False
521.0,0.005,0.0012068480836963471,0.55,1.5360910414891997,106314.64596279761,5.5,5.65092795915001,1.5360910414891997,106314.64596279761,1.5534995985272981,106945.10869594413,False,False
521.5,0.005,0.0012051964137605533,0.55,1.5367235087535729,106314.76277560147,5.5,5.6509940861679135,1.5367235087535729,106314.76277560147,1.5168943437221982,106414.41553112528,False,False
522.0,0.005,0.001203544239712317,0.55,1.5373562513802874,106314.87962585222,5.5,5.651060233606558,1.5373562513802874,106314.87962585222,1.5343902577787367,106099.68422107007,False,False
522.5,0.005,0.0012018915613181416,0.55,1.537989269453401,106314.99651356823,5.5,5.651126401475568,1.537989269453401,106314.99651356823,1.5468040858414136,106186.67680522619,False,False
523.0,0.005,0.0012002383783445306,0.55,1.5386225630570103,106315.11343876783,5.5,5.651192589784626,1.5386225630570103,106315.11343876783,1.5351156410861604,106634.55713401297,False,False
523.5,0.005,0.0011985846905579849,0.55,1.5392561322752507,106315.23040146929,5.5,5.6512587985433935,1.5392561322752507,106315.23040146929,1.5313344015851962,106041.91003779545,False,False
524.0,0.005,0.0011969304977250007,0.55,1.5398899771922965,106315.347401691,5.5,5.651325027761496,1.5398899771922965,106315.347401691,1.5372311711349007,106751.23138985768,False,False
524.5,0.005,0.0011952757996120747,0.55,1.540524097892361,106315.46443945123,5.5,5.651391277448627,1.540524097892361,106315.46443945123,1.5267248104162878,106740.43789471604,False,False
525.0,0.005,0.0011936205959856988,0.55,1.5411584944596968,106315.58151476829,5.5,5.651457547614408,1.5411584944596968,106315.58151476829,1.5423480321765946,106336.64391931039,False,False
525.5,0.005,0.001191964886612362,0.55,1.5417931669785947,106315.69862766052,5.5,5.651523838268494,1.5417931669785947,106315.69862766052,1.5661977853803268,106509.53761845331,False,False
526.0,0.005,0.0011903086712585541,0.55,1.542428115533385,106315.81577814631,5.5,5.651590149420542,1.542428115533385,106315.81577814631,1.5538784305156523,106540.73956249574,False,False
526.5,0.005,0.001188651949690762,0.55,1.5430633402084366,106315.93296624393,5.5,5.6516564810802485,1.5430633402084366,106315.93296624393,1.5319732491432838,106782.1960010918,False,False
527.0,0.005,0.0011869947216754657,0.55,1.5436988410881574,106316.05019197169,5.5,5.651722833257231,1.5436988410881574,106316.05019197169,1.5349654302648745,106000.61466737071,False,False
527.5,0.005,0.001185336986979146,0.55,1.5443346182569941,106316.167455348,5.5,5.651789205961138,1.5443346182569941,106316.167455348,1.5402873401667696,106670.5288505028,False,False
528.0,0.005,0.001183678745368282,0.55,1.5449706717994327,106316.28475639112,5.5,5.651855599201663,1.5449706717994327,106316.28475639112,1.5550148330767721,106203.71635589952,False,False
528.5,0.005,0.0011820199966093468,0.55,1.5456070017999979,106316.40209511945,5.5,5.651922012988429,1.5456070017999979,106316.40209511945,1.537392131708306,106086.0738000468,False,False
529.0,0.005,0.0011803607404688146,0.55,1.5462436083432531,106316.51947155129,5.5,5.651988447331125,1.5462436083432531,106316.51947155129,1.5393412941537779,106347.32120110976,False,False
529.5,0.005,0.001178700976713153,0.55,1.546880491513801,106316.636885705,5.5,5.652054902239386,1.546880491513801,106316.636885705,1.5557279858489501,106252.33359972898,False,False
530.0,0.005,0.0011770407051088308,0.55,1.547517651396283,106316.75433759893,5.5,5.652121377722879,1.547517651396283,106316.75433759893,1.5561641771010344,106020.50644408529,False,False
530.5,0.005,0.0011753799254223113,0.55,1.5481550880753792,106316.87182725137,5.5,5.652187873791279,1.5481550880753792,106316.87182725137,1.5444169414714848,105837.67269881086,False,False
531.0,0.005,0.0011737186374200536,0.55,1.5487928016358092,106316.9893546807,5.5,5.652254390454196,1.5487928016358092,106316.9893546807,1.5376151674920813,106034.36088531013,False,False
531.5,0.005,0.0011720568408685184,0.55,1.5494307921623311,106317.10691990526,5.5,5.652320927721327,1.5494307921623311,106317.10691990526,1.533933343929704,106752.81408760409,False,False
532.0,0.005,0.0011703945355341597,0.55,1.5500690597397422,106317.22452294345,5.5,5.652387485602315,1.5500690597397422,106317.22452294345,1.5430791584706411,106905.9953739776,False,False
532.5,0.005,0.0011687317211834323,0.55,1.5507076044528783,106317.34216381359,5.5,5.652454064106852,1.5507076044528783,106317.34216381359,1.528402315430163,106512.37709762083,False,False
533.0,0.005,0.0011670683975827853,0.55,1.5513464263866144,106317.459842534,5.5,5.652520663244584,1.5513464263866144,106317.459842534,1.5588446252057135,106673.23748200748,False,False
533.5,0.005,0.001165404564498663,0.55,1.5519855256258646,106317.57755912306,5.5,5.6525872830251425,1.5519855256258646,106317.57755912306,1.545685218627819,106162.52766944595,False,False
534.0,0.005,0.001163740221697511,0.55,1.5526249022555816,106317.69531359914,5.5,5.65265392345822,1.5526249022555816,106317.69531359914,1.557437838898033,106294.5498110746,False,False
534.5,0.005,0.0011620753689457694,0.55,1.5532645563607572,106317.81310598059,5.5,5.652720584553465,1.5532645563607572,106317.81310598059,1.5719478052367706,106402.64252566459,False,False
535.0,0.005,0.001160410006009876,0.55,1.5539044880264223,106317.93093628579,5.5,5.652787266320551,1.5539044880264223,106317.93093628579,1.565634445097751,105993.54406081403,False,False
535.5,0.005,0.0011587441326562655,0.55,1.5545446973376462,106318.04880453306,5.5,5.6528539687691435,1.5545446973376462,106318.04880453306,1.5430333489581762,106021.06555447495,False,False
536.0,0.005,0.0011570777486513682,0.55,1.5551851843795377,106318.16671074081,5.5,5.6529206919088795,1.5551851843795377,106318.16671074081,1.5638776742443046,106347.31990275237,False,False
536.5,0.005,0.0011554108537616139,0.55,1.5558259492372442,106318.28465492737,5.5,5.652987435749456,1.5558259492372442,106318.28465492737,1.5674045195124084,106222.19347685504,False,False
537.0,0.005,0.0011537434477534253,0.55,1.556466991995952,106318.40263711111,5.5,5.6530542003005015,1.556466991995952,106318.40263711111,1.549003426814991,105999.33560324935,False,False
537.5,0.005,0.0011520755303932248,0.55,1.5571083127408865,106318.52065731042,5.5,5.653120985571697,1.5571083127408865,106318.52065731042,1.5475753435101665,106434.48029609231,False,False
538.0,0.005,0.0011504071014474316,0.55,1.557749911557312,106318.6387155437,5.5,5.653187791572707,1.557749911557312,106318.6387155437,1.5566529925839265,106239.6549254008,False,False
538.5,0.005,0.0011487381606824613,0.55,1.5583917885305314,106318.75681182924,5.5,5.653254618313212,1.5583917885305314,106318.75681182924,1.5423775550353696,106625.1629970871,False,False
539.0,0.005,0.0011470687078647239,0.55,1.5590339437458873,106318.8749461855,5.5,5.653321465802837,1.5590339437458873,106318.8749461855,1.5737412932389028,106317.32061564016,False,False
539.5,0.005,0.0011453987427606299,0.55,1.5596763772887605,106318.99311863082,5.5,5.653388334051291,1.5596763772887605,106318.99311863082,1.5356227393584556,106228.90118089494,False,False
540.0,0.005,0.0011437282651365827,0.55,1.560319089244571,106319.11132918355,5.5,5.653455223068214,1.560319089244571,106319.11132918355,1.5492510150871506,106357.41328458782,False,False
540.5,0.005,0.001142057274758984,0.55,1.560962079698778,106319.22957786213,5.5,5.653522132863258,1.560962079698778,106319.22957786213,1.5582664280586862,106267.63454166247,False,False
541.0,0.005,0.001140385771394233,0.55,1.5616053487368788,106319.34786468493,5.5,5.653589063446127,1.5616053487368788,106319.34786468493,1.559334477823572,106118.9340503775,False,False
541.5,0.005,0.0011387137548087242,0.55,1.5622488964444108,106319.4661896703,5.5,5.65365601482647,1.5622488964444108,106319.4661896703,1.5639101381758371,106198.87936394569,False,False
542.0,0.005,0.0011370412247688486,0.55,1.5628927229069494,106319.58455283668,5.5,5.653722987013951,1.5628927229069494,106319.58455283668,1.5656072085936976,106544.41026543292,False,False
542.5,0.005,0.0011353681810409937,0.55,1.5635368282101092,106319.70295420238,5.5,5.653789980018247,1.5635368282101092,106319.70295420238,1.5614007080638548,106513.65796924208,False,False
543.0,0.005,0.001133694623391543,0.55,1.564181212439544,106319.82139378588,5.5,5.653856993848999,1.564181212439544,106319.82139378588,1.5755500756272434,106705.68973659512,False,False
543.5,0.005,0.0011320205515868785,0.55,1.564825875680946,106319.93987160551,5.5,5.653924028515916,1.564825875680946,106319.93987160551,1.5434321139845741,105812.04168862161,False,False
544.0,0.005,0.0011303459653933757,0.55,1.5654708180200472,106320.0583876797,5.5,5.653991084028635,1.5654708180200472,106320.0583876797,1.5654691728808776,106202.1311840027,False,False
544.5,0.005,0.0011286708645774086,0.55,1.5661160395426177,106320.17694202682,5.5,5.65405816039684,1.5661160395426177,106320.17694202682,1.5589701954254638,106195.80433851205,False,False
545.0,0.005,0.0011269952489053458,0.55,1.5667615403344668,106320.29553466529,5.5,5.6541252576301915,1.5667615403344668,106320.29553466529,1.5680866746859017,106371.82728835763,False,False
545.5,0.005,0.0011253191181435536,0.55,1.567407320481443,106320.41416561349,5.5,5.654192375738364,1.567407320481443,106320.41416561349,1.5696149188609057,106184.76698824353,False,False
546.0,0.005,0.001123642472058394,0.55,1.5680533800694332,106320.53283488986,5.5,5.654259514731025,1.5680533800694332,106320.53283488986,1.5589350913044853,106166.57793259124,False,False
546.5,0.005,0.001121965310416225,0.55,1.568699719184364,106320.65154251273,5.5,5.654326674617864,1.568699719184364,106320.65154251273,1.562290229219009,106555.54401954976,False,False
547.0,0.005,0.0011202876329834,0.55,1.5693463379122,106320.7702885006,5.5,5.6543938554085065,1.5693463379122,106320.7702885006,1.5772722051447183,106374.19654310143,False,False
547.5,0.005,0.0011186094395262715,0.55,1.5699932363389455,106320.88907287183,5.5,5.654461057112679,1.5699932363389455,106320.88907287183,1.5734837990254553,105970.97986612793,False,False
548.0,0.005,0.001116930729811185,0.55,1.5706404145506436,106321.0078956448,5.5,5.654528279740025,1.5706404145506436,106321.0078956448,1.5638379301846188,106721.35979199133,False,False
548.5,0.005,0.0011152515036044822,0.55,1.571287872633376,106321.12675683797,5.5,5.6545955233002045,1.571287872633376,106321.12675683797,1.5916867822267955,106620.15237193056,False,False
549.0,0.005,0.0011135717606725031,0.55,1.571935610673264,106321.24565646976,5.5,5.654662787802913,1.571935610673264,106321.24565646976,1.5950273871582148,106149.05776241915,False,False
549.5,0.005,0.0011118915007815831,0.55,1.5725836287564672,106321.36459455857,5.5,5.654730073257829,1.5725836287564672,106321.36459455857,1.5579590039668636,106570.74871918438,False,False
550.0,0.005,0.0011102107236980517,0.55,1.5732319269691841,106321.4835711228,5.5,5.654797379674614,1.5732319269691841,106321.4835711228,1.5762498765721875,106100.93459913688,False,False
550.5,0.005,0.001108529429188235,0.55,1.5738805053976528,106321.60258618089,5.5,5.654864707062926,1.5738805053976528,106321.60258618089,1.5989704497539767,106659.31210932002,False,False
551.0,0.005,0.0011068476170184574,0.55,1.5745293641281497,106321.72163975121,5.5,5.654932055432469,1.5745293641281497,106321.72163975121,1.5823683504199986,106256.37226772476,False,False
551.5,0.005,0.0011051652869550346,0.55,1.5751785032469905,106321.84073185227,5.5,5.654999424792875,1.5751785032469905,106321.84073185227,1.577389104676116,106080.98801322546,False,False
552.0,0.005,0.0011034824387642843,0.55,1.5758279228405299,106321.95986250244,5.5,5.655066815153868,1.5758279228405299,106321.95986250244,1.5737473545069356,106210.02854375742,False,False
552.5,0.005,0.0011017990722125145,0.55,1.5764776229951611,106322.07903172013,5.5,5.655134226525096,1.5764776229951611,106322.07903172013,1.571065680136394,106092.32992057504,False,False
553.0,0.005,0.001100115187066031,0.55,1.5771276037973168,106322.19823952384,5.5,5.655201658916227,1.5771276037973168,106322.19823952384,1.5750024567711194,106379.84013832164,False,False
553.5,0.005,0.0010984307830911374,0.55,1.5777778653334682,106322.31748593193,5.5,5.655269112336972,1.5777778653334682,106322.31748593193,1.5722705712093867,106374.84905605328,False,False
554.0,0.005,0.001096745860054129,0.55,1.5784284076901258,106322.4367709629,5.5,5.655336586796964,1.5784284076901258,106322.4367709629,1.585877491275706,106333.17766054635,False,False
554.5,0.005,0.0010950604177213015,0.55,1.5790792309538388,106322.5560946351,5.5,5.655404082305929,1.5790792309538388,106322.5560946351,1.5750976944269244,106155.5714609366,False,False
555.0,0.005,0.0010933744558589411,0.55,1.5797303352111958,106322.67545696704,5.5,5.655471598873489,1.5797303352111958,106322.67545696704,1.5753188200910953,105224.350913905,False,False
555.5,0.005,0.001091687974233334,0.55,1.5803817205488235,106322.79485797715,5.5,5.655539136509365,1.5803817205488235,106322.79485797715,1.5683601136805327,,False,True
556.0,0.005,0.0010900009726107606,0.55,1.5810333870533884,106322.91429768383,5.5,5.655606695223224,1.5810333870533884,106322.91429768383,1.5805374883095853,105754.04398430276,False,False
556.5,0.005,0.0010883134507574947,0.55,1.5816853348115953,106323.03377610557,5.5,5.655674275024733,1.5816853348115953,106323.03377610557,1.5727441180772053,106396.29028157628,False,False
557.0,0.005,0.0010866254084398099,0.55,1.5823375639101886,106323.15329326078,5.5,5.655741875923588,1.5823375639101886,106323.15329326078,1.5805300622228977,106662.39141517745,False,False
557.5,0.005,0.0010849368454239714,0.55,1.5829900744359513,106323.27284916793,5.5,5.655809497929452,1.5829900744359513,106323.27284916793,1.5934082299631667,106405.43854074334,False,False
558.0,0.005,0.0010832477614762428,0.55,1.5836428664757052,106323.39244384549,5.5,5.655877141052018,1.5836428664757052,106323.39244384549,1.5873021153388165,106206.56146536021,False,False
558.5,0.005,0.0010815581563628815,0.55,1.5842959401163115,106323.51207731185,5.5,5.655944805300977,1.5842959401163115,106323.51207731185,1.5893431930641657,106269.54879615473,False,False
559.0,0.005,0.00107986802985014,0.55,1.5849492954446698,106323.63174958547,5.5,5.656012490685984,1.5849492954446698,106323.63174958547,1.5885102044422479,106283.71296151141,False,False
559.5,0.005,0.0010781773817042661,0.55,1.585602932547719,106323.75146068486,5.5,5.6560801972167125,1.585602932547719,106323.75146068486,1.586194689849634,106158.97897289135,False,False
560.0,0.005,0.001076486211691506,0.55,1.5862568515124371,106323.87121062844,5.5,5.656147924902873,1.5862568515124371,106323.87121062844,1.5849835692057208,106148.73436256073,False,False
560.5,0.005,0.0010747945195780978,0.55,1.5869110524258407,106323.99099943468,5.5,5.65621567375414,1.5869110524258407,106323.99099943468,1.583832990266824,106046.82221005416,False,False
561.0,0.005,0.0010731023051302763,0.55,1.5875655353749858,106324.11082712203,5.5,5.656283443780198,1.5875655353749858,106324.11082712203,1.5951567054633164,106680.55950112116,False,False
561.5,0.005,0.0010714095681142715,0.55,1.5882203004469668,106324.23069370899,5.5,5.656351234990715,1.5882203004469668,106324.23069370899,1.5773779023540844,106319.56471175255,False,False
562.0,0.005,0.0010697163082963096,0.55,1.5888753477289175,106324.35059921395,5.5,5.656419047395404,1.5888753477289175,106324.35059921395,1.602282573591173,106611.23201792208,False,False
562.5,0.005,0.0010680225254426085,0.55,1.5895306773080105,106324.47054365544,5.5,5.656486881003907,1.5895306773080105,106324.47054365544,1.5898714579348587,106249.45523089197,False,False
563.0,0.005,0.0010663282193193854,0.55,1.5901862892714573,106324.5905270519,5.5,5.656554735825933,1.5901862892714573,106324.5905270519,1.5826992853656836,106346.24085207122,False,False
563.5,0.005,0.0010646333896928506,0.55,1.5908421837065085,106324.71054942181,5.5,5.656622611871164,1.5908421837065085,106324.71054942181,1.5859507229161085,106273.59575547675,False,False
564.0,0.005,0.001062938036329211,0.55,1.5914983607004536,106324.83061078365,5.5,5.656690509149286,1.5914983607004536,106324.83061078365,1.5847284566885724,106463.68142729183,False,False
564.5,0.005,0.0010612421589946662,0.55,1.592154820340621,106324.95071115594,5.5,5.656758427669984,1.592154820340621,106324.95071115594,1.5937568853309014,106572.94140700206,False,False
565.0,0.005,0.0010595457574554146,0.55,1.5928115627143784,106325.07085055704,5.5,5.656826367442967,1.5928115627143784,106325.07085055704,1.5856331322694954,106396.98223694605,False,False
565.5,0.005,0.0010578488314776434,0.55,1.5934685879091322,106325.19102900552,5.5,5.656894328477866,1.5934685879091322,106325.19102900552,1.6048898998969696,106123.04617941492,False,False
566.0,0.005,0.001056151380827542,0.55,1.5941258960123275,106325.31124651985,5.5,5.656962310784415,1.5941258960123275,106325.31124651985,1.586309506086185,106091.32509843494,False,False
566.5,0.005,0.0010544534052712897,0.55,1.594783487111449,106325.4315031185,5.5,5.657030314372289,1.594783487111449,106325.4315031185,1.5720582678073072,106823.18266448873,False,False
567.0,0.005,0.0010527549045750643,0.55,1.59544136129402,106325.55179881994,5.5,5.6570983392511724,1.59544136129402,106325.55179881994,1.588131376366761,106241.54049615569,False,False
567.5,0.005,0.001051055878505035,0.55,1.5960995186476024,106325.67213364269,5.5,5.657166385430752,1.5960995186476024,106325.67213364269,1.5760143069146058,106238.34148856564,False,False
568.0,0.005,0.001049356326827368,0.55,1.5967579592597978,106325.79250760519,5.5,5.6572344529207195,1.5967579592597978,106325.79250760519,1.5963592707540712,106765.2947299744,False,False
568.5,0.005,0.0010476562493082241,0.55,1.5974166832182464,106325.91292072601,5.5,5.6573025417307505,1.5974166832182464,106325.91292072601,1.6080082630019594,106652.27126710844,False,False
569.0,0.005,0.0010459556457137606,0.55,1.5980756906106275,106326.03337302357,5.5,5.657370651870574,1.5980756906106275,106326.03337302357,1.6045532886132843,106486.18475440258,False,False
569.5,0.005,0.0010442545158101252,0.55,1.5987349815246592,106326.15386451644,5.5,5.657438783349835,1.5987349815246592,106326.15386451644,1.5853590864751868,106206.3349038921,False,False
570.0,0.005,0.0010425528593634651,0.55,1.5993945560480987,106326.27439522304,5.5,5.657506936178269,1.5993945560480987,106326.27439522304,1.5917720032324187,107032.2336728243,False,False
570.5,0.005,0.0010408506761399186,0.55,1.600054414268742,106326.39496516188,5.5,5.657575110365522,1.600054414268742,106326.39496516188,1.617840749624409,106444.28710144486,False,False
571.0,0.005,0.0010391479659056205,0.55,1.6007145562744245,106326.5155743515,5.5,5.657643305921291,1.6007145562744245,106326.5155743515,1.6038996703617678,106490.61121794295,False,False
571.5,0.005,0.001037444728426701,0.55,1.60137498215302,106326.6362228104,5.5,5.6577115228553,1.60137498215302,106326.6362228104,1.6014161690793607,106275.30438331072,False,False
572.0,0.005,0.0010357409634692831,0.55,1.602035691992442,106326.75691055703,5.5,5.657779761177218,1.602035691992442,106326.75691055703,1.6125963176043774,105902.4646776337,False,False
572.5,0.005,0.0010340366707994844,0.55,1.602696685880642,106326.87763761,5.5,5.657848020896725,1.602696685880642,106326.87763761,1.6272240971349436,105926.44901810287,False,False
573.0,0.005,0.0010323318501834218,0.55,1.6033579639056115,106326.99840398773,5.5,5.657916302023564,1.6033579639056115,106326.99840398773,1.616323696681409,106449.0918615087,False,False
573.5,0.005,0.001030626501387199,0.55,1.6040195261553802,106327.11920970879,5.5,5.657984604567379,1.6040195261553802,106327.11920970879,1.605413678703086,106444.6680387452,False,False
574.0,0.005,0.0010289206241769209,0.55,1.6046813727180174,106327.24005479162,5.5,5.658052928537897,1.6046813727180174,106327.24005479162,1.6082282544778657,106255.24055760013,False,False
574.5,0.005,0.0010272142183186813,0.55,1.6053435036816308,106327.36093925482,5.5,5.658121273944768,1.6053435036816308,106327.36093925482,1.611514301592613,105975.8558014183,False,False
575.0,0.005,0.0010255072835785744,0.55,1.6060059191343676,106327.48186311686,5.5,5.658189640797741,1.6060059191343676,106327.48186311686,1.5998789341692663,105894.9845043488,False,False
575.5,0.005,0.0010237998197226835,0.55,1.606668619164414,106327.60282639627,5.5,5.658258029106476,1.606668619164414,106327.60282639627,1.5960814244372394,106229.2476270989,False,False
576.0,0.005,0.0010220918265170906,0.55,1.6073316038599945,106327.7238291116,5.5,5.658326438880679,1.6073316038599945,106327.7238291116,1.6078560946948883,105890.88544951683,False,False
576.5,0.005,0.0010203833037278694,0.55,1.6079948733093732,106327.84487128133,5.5,5.658394870130062,1.6079948733093732,106327.84487128133,1.5985227610147419,106597.51947206569,False,False
577.0,0.005,0.0010186742511210886,0.55,1.608658427600853,106327.96595292402,5.5,5.6584633228643,1.608658427600853,106327.96595292402,1.6080438034105025,106673.76538746404,False,False
577.5,0.005,0.0010169646684628111,0.55,1.609322266822776,106328.08707405816,5.5,5.6585317970931035,1.609322266822776,106328.08707405816,1.610283497222697,107176.79732298615,False,False
578.0,0.005,0.0010152545555190946,0.55,1.6099863910635228,106328.20823470234,5.5,5.658600292826153,1.6099863910635228,106328.20823470234,1.6333967642823521,106591.70347022258,False,False
578.5,0.005,0.0010135439120559908,0.55,1.6106508004115134,106328.32943487502,5.5,5.658668810073176,1.6106508004115134,106328.32943487502,1.6021403004649477,106150.47455341578,False,False
579.0,0.005,0.0010118327378395452,0.55,1.6113154949552069,106328.45067459482,5.5,5.658737348843833,1.6113154949552069,106328.45067459482,1.6100976056354974,106066.95117882329,False,False
579.5,0.005,0.0010101210326357991,0.55,1.6119804747831008,106328.57195388024,5.5,5.658805909147868,1.6119804747831008,106328.57195388024,1.6103374458872555,105293.05352720236,False,False
580.0,0.005,0.0010084087962107867,0.55,1.6126457399837324,106328.69327274978,5.5,5.658874490994964,1.6126457399837324,106328.69327274978,1.6170188453174856,106150.22653119921,False,False
580.5,0.005,0.001006696028330535,0.55,1.6133112906456772,106328.814631222,5.5,5.6589430943947985,1.6133112906456772,106328.814631222,1.6237785339615134,106275.72246804017,False,False
581.0,0.005,0.0010049827287610675,0.55,1.6139771268575505,106328.9360293155,5.5,5.659011719357085,1.6139771268575505,106328.9360293155,1.6090722918412839,106619.27820642601,False,False
581.5,0.005,0.0010032688972684014,0.55,1.6146432487080058,106329.0574670488,5.5,5.659080365891549,1.6146432487080058,106329.0574670488,1.6064297284069555,106512.5375130049,False,False
582.0,0.005,0.0010015545336185478,0.55,1.615309656285736,106329.1789444404,5.5,5.659149034007879,1.615309656285736,106329.1789444404,1.5989025501264196,106505.68386655433,False,False
582.5,0.005,0.0009998396375775096,0.55,1.6159763496794732,106329.30046150889,5.5,5.659217723715757,1.6159763496794732,106329.30046150889,1.6067143047114447,106393.38874247354,False,False
583.0,0.005,0.0009981242089112875,0.55,1.616643328977988,106329.42201827282,5.5,5.659286435024903,1.616643328977988,106329.42201827282,1.622007737323754,106527.69502740257,False,False
583.5,0.005,0.0009964082473858733,0.55,1.6173105942700903,106329.54361475073,5.5,5.659355167945022,1.6173105942700903,106329.54361475073,1.6177670646883222,106763.82361518992,False,False
584.0,0.005,0.0009946917527672544,0.55,1.6179781456446292,106329.66525096119,5.5,5.659423922485809,1.6179781456446292,106329.66525096119,1.6078238056955676,106010.20218430739,False,False
584.5,0.005,0.0009929747248214108,0.55,1.6186459831904922,106329.78692692275,5.5,5.659492698656975,1.6186459831904922,106329.78692692275,1.6149183084256438,106192.596811504,False,False
585.0,0.005,0.0009912571633143173,0.55,1.6193141069966066,106329.90864265402,5.5,5.659561496468221,1.6193141069966066,106329.90864265402,1.6196288364745093,105913.34917320972,False,False
585.5,0.005,0.0009895390680119433,0.55,1.619982517151938,106330.03039817349,5.5,5.659630315929275,1.619982517151938,106330.03039817349,1.6250193064680272,106815.6284911438,False,False
586.0,0.005,0.0009878204386802494,0.55,1.6206512137454914,106330.15219349974,5.5,5.659699157049811,1.6206512137454914,106330.15219349974,1.6147172702171062,106719.21293046816,False,False
586.5,0.005,0.0009861012750851921,0.55,1.6213201968663105,106330.27402865133,5.5,5.659768019839537,1.6213201968663105,106330.27402865133,1.6188157962897318,106555.95927769557,False,False
587.0,0.005,0.000984381576992721,0.55,1.6219894666034784,106330.3959036469,5.5,5.659836904308154,1.6219894666034784,106330.3959036469,1.6038051192700764,105970.83047778979,False,False
587.5,0.005,0.0009826613441687815,0.55,1.6226590230461169,106330.51781850497,5.5,5.659905810465416,1.6226590230461169,106330.51781850497,1.6111451650237374,106382.40125955365,False,False
588.0,0.005,0.0009809405763793095,0.55,1.623328866283387,106330.6397732441,5.5,5.659974738320996,1.623328866283387,106330.6397732441,1.6395060228651754,106260.24796531713,False,False
588.5,0.005,0.0009792192733902353,0.55,1.6239989964044885,106330.76176788288,5.5,5.660043687884593,1.6239989964044885,106330.76176788288,1.6021175896775401,106355.00988245921,False,False
589.0,0.005,0.0009774974349674847,0.55,1.6246694134986606,106330.8838024399,5.5,5.660112659165933,1.6246694134986606,106330.8838024399,1.6212913879723203,106274.4483635563,False,False
589.5,0.005,0.0009757750608769759,0.55,1.6253401176551812,106331.00587693373,5.5,5.660181652174722,1.6253401176551812,106331.00587693373,1.6275320999486238,106486.99172436653,False,False
590.0,0.005,0.0009740521508846202,0.55,1.626011108963367,106331.12799138295,5.5,5.660250666920671,1.626011108963367,106331.12799138295,1.6222676165100967,106212.67603069037,False,False
590.5,0.005,0.0009723287047563231,0.55,1.6266823875125744,106331.25014580616,5.5,5.660319703413482,1.6266823875125744,106331.25014580616,1.6186008122789204,106587.62129763335,False,False
591.0,0.005,0.0009706047222579846,0.55,1.6273539533921981,106331.37234022195,5.5,5.660388761662879,1.6273539533921981,106331.37234022195,1.6267431680683249,106403.7907976979,False,False
591.5,0.005,0.0009688802031554964,0.55,1.6280258066916722,106331.4945746489,5.5,5.660457841678574,1.6280258066916722,106331.4945746489,1.6279761526766494,106243.57172298232,False,False
592.0,0.005,0.000967155147214745,0.55,1.6286979475004697,106331.61684910557,5.5,5.660526943470274,1.6286979475004697,106331.61684910557,1.6278767734511508,106298.06083902829,False,False
592.5,0.005,0.0009654295542016087,0.55,1.6293703759081029,106331.7391636106,5.5,5.66059606704768,1.6293703759081029,106331.7391636106,1.6105932546965818,106199.56294033257,False,False
593.0,0.005,0.0009637034238819618,0.55,1.6300430920041225,106331.86151818254,5.5,5.660665212420521,1.6300430920041225,106331.86151818254,1.6285690557245684,106576.02673236169,False,False
593.5,0.005,0.0009619767560216692,0.55,1.6307160958781188,106331.98391284006,5.5,5.660734379598489,1.6307160958781188,106331.98391284006,1.6221649689752033,106250.54456734934,False,False
594.0,0.005,0.0009602495503865924,0.55,1.631389387619721,106332.10634760167,5.5,5.660803568591336,1.631389387619721,106332.10634760167,1.6259120288715856,106420.57346673652,False,False
594.5,0.005,0.0009585218067425821,0.55,1.6320629673185971,106332.22882248607,5.5,5.660872779408728,1.6320629673185971,106332.22882248607,1.6343327149520117,106214.50744594367,False,False
595.0,0.005,0.0009567935248554875,0.55,1.6327368350644544,106332.35133751176,5.5,5.660942012060434,1.6327368350644544,106332.35133751176,1.63914412256926,105886.82077488748,False,False
595.5,0.005,0.0009550647044911453,0.55,1.6334109909470393,106332.47389269744,5.5,5.661011266556115,1.6334109909470393,106332.47389269744,1.642378764289458,106604.30521431017,False,False
596.0,0.005,0.0009533353454153907,0.55,1.6340854350561367,106332.59648806165,5.5,5.661080542905534,1.6340854350561367,106332.59648806165,1.6291213044863477,106015.15853421713,False,False
596.5,0.005,0.0009516054473940486,0.55,1.634760167481571,106332.71912362304,5.5,5.661149841118372,1.634760167481571,106332.71912362304,1.6440001952487722,106536.46741414705,False,False
597.0,0.005,0.0009498750101929385,0.55,1.6354351883132057,106332.8417994002,5.5,5.661219161204367,1.6354351883132057,106332.8417994002,1.6471724636394456,106458.88763216735,False,False
597.5,0.005,0.0009481440335778724,0.55,1.6361104976409426,106332.96451541179,5.5,5.661288503173217,1.6361104976409426,106332.96451541179,1.6474768768864032,105836.15448310749,False,False
598.0,0.005,0.0009464125173146581,0.55,1.6367860955547235,106333.0872716764,5.5,5.661357867034679,1.6367860955547235,106333.0872716764,1.6506837749428378,106049.68280205048,False,False
598.5,0.005,0.0009446804611690926,0.55,1.6374619821445286,106333.21006821262,5.5,5.661427252798445,1.6374619821445286,106333.21006821262,1.6360051570853396,106178.9798761354,False,False
599.0,0.005,0.0009429478649069673,0.55,1.6381381575003775,106333.33290503912,5.5,5.661496660474221,1.6381381575003775,106333.33290503912,1.6363968383496448,106087.11749236684,False,False
599.5,0.005,0.0009412147282940685,0.55,1.6388146217123285,106333.45578217448,5.5,5.661566090071753,1.6388146217123285,106333.45578217448,1.647065129506272,105978.8345614085,False,False
600.0,0.005,0.0009394810510961729,0.55,1.6394913748704791,106333.57869963736,5.5,5.661635541600738,1.6394913748704791,106333.57869963736,1.6258261317191989,106555.60740360698,False,False
