t_s,qin_m3s,qout_m3s,u,L_m,Vg_m3,n_mol,P_Pa,n_in_mols,n_out_mols,dP_liq_Pa,L_true_m,P_true_Pa,L_meas_m,P_meas_Pa,L_missing,P_missing
0.0,0.0,0.0,0.0,1.0,9.0,400.0,118243.55555555556,0.0,0.0,0.0,1.0,118243.55555555556,1.0030471707975444,118097.69731634585,False,False
0.5,0.004,0.002185214421051679,0.55,1.0003024642631582,8.999092607210525,396.7971460823036,117308.59068648661,4.0,10.405707835392823,25257.055555555562,1.0003024642631582,117308.59068648661,0.9899026232007532,117434.65869932898,False,False
1.0,0.004,0.002144498100865525,0.55,1.0006117145796807,8.998164856260958,393.74009703188113,116416.81054804173,4.0,10.114098100844895,24324.612784744957,1.0006117145796807,116416.81054804173,1.0081162265377452,116386.0915360584,False,False
1.5,0.004,0.002104936449062133,0.55,1.000927558504837,8.99721732448549,390.82614781797315,115567.41515146426,4.0,9.827898427815942,23435.411330064395,1.000927558504837,115567.41515146426,1.010333205668749,115372.24606534258,False,False
2.0,0.004,0.0020665591123005954,0.55,1.0012497986527868,8.99625060404164,388.0524842099732,114759.57247424083,4.0,9.54732721599984,22588.649598056843,1.0012497986527868,114759.57247424083,0.9817394467662485,114557.30873572348,False,False
2.5,0.004,0.002029394446456396,0.55,1.0015782329117109,8.995265301264867,385.41618008289254,113992.41761582604,4.0,9.272608254161357,21783.493920307097,1.0015782329117109,113992.41761582604,0.9885564378430877,113778.71649650222,False,False
3.0,0.004,0.0019934691820362913,0.55,1.0019126547147048,8.994262035855886,382.9141951667337,113265.05208498183,4.0,9.003969832317667,21019.077710960337,1.0019126547147048,113265.05208498183,1.0031910587463777,113001.19919638414,False,False
3.5,0.004,0.0019588080685053926,0.55,1.002252853369954,8.993241439890138,380.5433733520207,112576.54325223496,4.0,8.741643629425974,20294.500756320394,1.002252853369954,112576.54325223496,0.9990904274465181,113261.03311541778,False,False
4.0,0.004,0.0019254335019504778,0.55,1.0025986144529622,8.992204156641113,378.30044167644826,111925.92400474408,4.0,8.485863351144875,19608.82867006032,1.0025986144529622,111925.92400474408,1.0024306028779193,112015.17732609974,False,False
4.5,0.004,0.0018933651418813861,0.55,1.0029497202626485,8.991150839212054,376.18201012941597,111312.1926443864,4.0,8.23686309406452,18961.09255136011,1.0029497202626485,111312.1926443864,0.9944192809869127,111578.22036070783,False,False
5.0,0.004,0.0018626195243956734,0.55,1.003305950341916,8.990082148974253,374.1845724212061,110734.31307285171,4.0,7.994875416419758,18350.2888867965,1.003305950341916,110734.31307285171,1.0120999300905442,110587.58983241604,False,False
5.5,0.004,0.001833209680328941,0.55,1.0036670820618612,8.988998753814418,372.3045078706396,110191.21530964324,4.0,7.760129101132981,17775.37973977778,1.0036670820618612,110191.21530964324,1.0114450014161507,110135.42830648743,False,False
6.0,0.004,0.0018051447682956698,0.55,1.0040328912671452,8.987901326198564,370.53808456789875,109681.79638974204,4.0,7.532846605481673,17235.293273416075,1.0040328912671452,109681.79638974204,1.0046931982427574,109467.73019533094,False,False
6.5,0.004,0.0017784297335897673,0.55,1.0044031529782136,8.986790541065359,368.8814639663614,109204.9216868565,4.0,7.3132412030746705,16728.924653573133,1.0044031529782136,109204.9216868565,1.015675565047894,108409.40918638074,False,False
7.0,0.004,0.0017530650046480225,0.55,1.0047776421441055,8.985667073567683,367.33070704720035,108759.42670519133,4.0,7.101513838322192,16255.137377965331,1.0047776421441055,108759.42670519133,1.0094527355666258,108346.02392213697,False,False
7.5,0.004,0.0017290462390702052,0.55,1.0051561344375939,8.98453159668722,365.88178218163625,108344.11937707692,4.0,6.897849731128139,15812.765074209958,1.0051561344375939,108344.11937707692,0.9965632098087615,107800.9337730828,False,False
8.0,0.004,0.0017063641309330146,0.55,1.0055384070824385,8.983384778752685,364.53057478678244,107957.7828952125,4.0,6.702414789707682,15400.613804084793,1.0055384070824385,107957.7828952125,1.0092259149232634,107282.84776182701,False,False
8.5,0.004,0.001685004290250009,0.55,1.0059242397007302,8.98222728089781,363.27289883108335,107599.1790964253,4.0,6.515351911398185,15017.464902669411,1.0059242397007302,107599.1790964253,0.9963354136924402,107240.57140413587,False,False
9.0,0.004,0.0016649472038689917,0.55,1.006313415166752,8.981059754499743,362.10451019420805,107267.05239866738,4.0,6.336777273750588,14662.07836916984,1.006313415166752,107267.05239866738,1.0150979181798248,107664.53910248187,False,False
9.5,0.004,0.0016461682848622646,0.55,1.0067057204526084,8.979882838642174,361.02112182459456,106960.13427466172,4.0,6.166776739227004,14333.196811035343,1.0067057204526084,106960.13427466172,1.006206461342746,106946.80342435041,False,False
10.0,0.004,0.001628638014609212,0.55,1.0071009474501735,8.97869715764948,360.0184205674831,106677.1482247124,4.0,6.00540251422292,14029.54992465579,1.0071009474501735,106677.1482247124,1.0052523238147208,107064.31735340874,False,False
10.5,0.004,0.001612322178411325,0.55,1.0074988937537717,8.977503318738684,359.0920854602987,106416.81518861756,4.0,5.852670214368764,13749.859475025665,1.0074988937537717,106416.81518861756,1.0006895983097321,106540.10996168782,False,False
11.0,0.004,0.0015971821917913115,0.55,1.0078993633884732,8.97630190983458,358.23780721496445,106177.85931365054,4.0,5.708556490668407,13492.844714183388,1.0078993633884732,106177.85931365054,1.0201247767752135,106412.62696136508,False,False
11.5,0.004,0.0015831755108341116,0.55,1.0083021674700008,8.975093497589999,357.4513085334932,105959.0139737875,4.0,5.572997362942444,13257.22815526532,1.0083021674700008,105959.0139737875,1.0067568726493128,105688.74487519612,False,False
12.0,0.004,0.0015702561162840448,0.55,1.0087071247839534,8.97387862564814,356.72836483997696,105759.02791652869,4.0,5.44588738703253,13041.741597236101,1.0087071247839534,105759.02791652869,1.0044238465623223,105916.21320278649,False,False
12.5,0.004,0.0015583750578834626,0.55,1.0091140622743062,8.972657813177081,356.0648249648398,105576.67139955617,4.0,5.3270797502744065,12845.132276539687,1.0091140622743062,105576.67139955617,1.005592726769424,105795.28566977847,False,False
13.0,0.004,0.0015474810428702996,0.55,1.0095228154338278,8.971431553698515,355.45663129118554,105410.74217165599,4.0,5.216387347308433,12666.169007830476,1.0095228154338278,105410.74217165599,1.0148459072893614,105237.74798398589,False,False
13.5,0.004,0.001537521050844847,0.55,1.0099332285920204,8.970200314223938,354.89983887203033,105260.07115192807,4.0,5.113584838310434,12503.648168150965,1.0099332285920204,105260.07115192807,1.0135876692356611,105427.93326311292,False,False
14.0,0.004,0.0015284409564997,0.55,1.0103451550992704,8.968964534702188,354.39063305283474,105123.5276688172,4.0,5.018411638391142,12356.399378542636,1.0103451550992704,105123.5276688172,1.0144724812152301,105293.38399638965,False,False
14.5,0.004,0.0015201861420244876,0.55,1.010758457408933,8.967724627773201,353.9253451852405,105000.02413569232,4.0,4.9305757351885475,12223.290744612468,1.010758457408933,105000.02413569232,1.0150666674390119,104835.1583493533,False,False
15.0,0.004,0.0015127020822998753,0.55,1.011173007061883,8.966480978814351,353.50046609194374,104888.52006159672,4.0,4.849758186593519,12103.23353279671,1.011173007061883,104888.52006159672,1.0325894830705875,104551.68953191541,False,False
15.5,0.004,0.0015059348881482073,0.55,1.0115886845805249,8.965233946258426,353.11265703371595,104788.02532276725,4.0,4.775618116455607,11995.18618098223,1.0115886845805249,104788.02532276725,1.0075245344166788,104432.78682319776,False,False
16.0,0.004,0.0014998317957077396,0.55,1.0120053792812402,8.96398386215628,352.758758030694,104697.60265049647,4.0,4.707798006043846,11898.157569141958,1.0120053792812402,104697.60265049647,1.006882951990525,104723.5543130729,False,False
16.5,0.004,0.0014943415931970697,0.55,1.0124229890157075,8.962731032952878,352.4357934935574,104616.36932161963,4.0,4.64592907427324,11811.20950563309,1.0124229890157075,104616.36932161963,1.0042852617332287,104714.47228225642,False,False
17.0,0.004,0.0014894149796767836,0.55,1.012841419852428,8.961475740442715,352.14097521870616,104543.49806715878,4.0,4.589636549702559,11733.458415527102,1.012841419852428,104543.49806715878,1.019001214078183,104305.7403180214,False,False
17.5,0.004,0.0014850048536528368,0.55,1.0132605857101527,8.960218242869542,351.87170288876115,104478.21724057544,4.0,4.53854465989002,11664.076246598255,1.0132605857101527,104478.21724057544,1.0245503086373615,104486.19284297327,False,False
18.0,0.004,0.0014810665322965246,0.55,1.0136804079547699,8.95895877613569,351.6255622909978,104419.81030829837,4.0,4.492281195526702,11602.290634519546,1.0136804079547699,104419.81030829837,1.0125409333782212,104590.97141913993,False,False
18.5,0.004,0.001477557904530276,0.55,1.0141008149706816,8.957697555087956,351.40032151901886,104367.61474089975,4.0,4.450481543957865,11547.384390029221,1.0141008149706816,104367.61474089975,1.0056992502010562,104553.07195529934,False,False
19.0,0.004,0.0014744395231591745,0.55,1.0145217417168217,8.956434774849534,351.1939254563321,104321.02039326908,4.0,4.412792125373503,11498.694386532778,1.0145217417168217,104321.02039326908,1.0062769295599094,104786.58442930582,False,False
19.5,0.004,0.0014716746425870336,0.55,1.0149431292763906,8.955170612170829,351.00448885546183,104279.46746665121,4.0,4.378873201740615,11455.609936574796,1.0149431292763906,104279.46746665121,1.0214490571546377,104662.56171631062,False,False
20.0,0.004,0.001469229209464955,0.55,1.0153649244081464,8.95390522677556,350.8302883250043,104242.44414512647,4.0,4.348401060915124,11417.570750122399,1.0153649244081464,104242.44414512647,1.0227974661201809,103942.0567152995,False,False
20.5,0.004,0.001467071813939548,0.55,1.0157870791058232,8.95263876268253,350.66975352264575,104209.4839949047,4.0,4.321069604717033,11384.064567303802,1.0157870791058232,104209.4839949047,1.0212186217888752,104714.55985776611,False,False
21.0,0.004,0.0014651736090805193,0.55,1.0162095501709765,8.95137134948707,350.5214578279502,104180.16320767903,4.0,4.29659138939114,11354.624554028609,1.0162095501709765,104180.16320767903,1.0095544530980896,104020.87025631231,False,False
21.5,0.004,0.0014635082056672002,0.55,1.0166322988033654,8.950103103589903,350.38410873800575,104154.09776021312,4.0,4.274698179888935,11328.826541779714,1.0166322988033654,104154.09776021312,1.0189539120340325,104467.55960394944,False,False
22.0,0.004,0.0014620515488934884,0.55,1.017055290211883,8.94883412936435,350.2565381947943,104130.94055221662,4.0,4.255141086422864,11306.28618378498,1.017055290211883,104130.94055221662,1.0182221483032903,104151.33654003195,False,False
22.5,0.004,0.0014607817827961686,0.55,1.0174784932480836,8.94756452025575,350.137693017924,104110.3785741352,4.0,4.237690353740628,11286.656089648406,1.0174784932480836,104110.3785741352,1.0196653792153738,103986.73376059812,False,False
23.0,0.004,0.0014596791073940953,0.55,1.017901880063518,8.946294359809446,350.0266255820953,104092.13014632888,4.0,4.222134871657383,11269.622990084348,1.017901880063518,104092.13014632888,1.026616167843,103549.8210883964,False,False
23.5,0.004,0.001458725632702363,0.55,1.018325425791401,8.945023722625798,349.92248484675315,104075.94226164976,4.0,4.208281470684305,11254.904973238528,1.018325425791401,104075.94226164976,1.0205613812791479,104024.47290858485,False,False
24.0,0.004,0.0014579052329980456,0.55,1.018749108252568,8.943752675242296,349.82450781669786,104061.58805492178,4.0,4.195954060110581,11242.248824611359,1.018749108252568,104061.58805492178,1.025538243883287,103593.7730843301,False,False
24.5,0.004,0.0014572034039901916,0.55,1.0191729076852363,8.942481276944292,349.7320114874598,104048.86441541424,4.0,4.184992658476167,11231.427494085821,1.0191729076852363,104048.86441541424,1.0198486983801252,104339.05418616706,False,False
25.0,0.004,0.0014566071249031182,0.55,1.0195968064977525,8.941209580506742,349.6443853081205,104037.58975212705,4.0,4.1752523586785895,11222.237706147582,1.0195968064977525,104037.58975212705,1.0224880004846524,104492.62754926883,False,False
25.5,0.004,0.001456104726925647,0.55,1.0200207890432649,8.939937632870205,349.5610841768859,104027.60191654055,4.0,4.166602262469162,11214.497723108561,1.0200207890432649,104027.60191654055,1.0263336713016502,103788.52861975154,False,False
26.0,0.004,0.001455685769010239,0.55,1.0204448414150964,8.93866547575471,349.48162197081797,104018.75628334975,4.0,4.158924412135845,11208.04526597781,1.0204448414150964,104018.75628334975,1.0058732832165398,104109.34750610554,False,False
26.5,0.004,0.0014553409216208123,0.55,1.020868951261493,8.93739314621552,349.40556560035026,104010.92398649231,4.0,4.152112740935439,11202.735593489531,1.020868951261493,104010.92398649231,1.01767223909792,103793.30652988992,False,False
27.0,0.004,0.0014550618587188461,0.55,1.021293107618373,8.936120677144881,349.3325295711439,104003.99030537494,4.0,4.146072058412735,11198.439736586275,1.021293107618373,104003.99030537494,1.0165893810754452,103815.4448863339,False,False
27.5,0.004,0.0014548411580356788,0.55,1.0217173007587006,8.934848097723897,349.26217103006945,103997.85319448117,4.0,4.140717082148893,11195.042883250748,1.0217173007587006,103997.85319448117,1.0153285222762671,104230.20160564077,False,False
28.0,0.004,0.0014546722094952403,0.55,1.0221415220571182,8.933575433828645,349.1941852682302,103992.42194838345,4.0,4.135971523678504,11192.442906857594,1.0221415220571182,103992.42194838345,1.0193900995448513,103980.86046983043,False,False
28.5,0.004,0.0014545491315163955,0.55,1.0225657638685322,8.932302708394403,349.12830165161154,103987.6159934846,4.0,4.131767233237378,11190.549030056725,1.0225657638685322,103987.6159934846,1.0375151769808761,104509.5104060639,False,False
29.0,0.004,0.0014544666948295563,0.55,1.022990019419394,8.93102994174182,349.0642799488246,103983.36379747133,4.0,4.1280434055738064,11189.280615502348,1.022990019419394,103983.36379747133,1.0143317082624614,103838.69405386045,False,False
29.5,0.004,0.0014544202533797587,0.55,1.0234142827104973,8.929757151868507,349.0019070252353,103979.60188740534,4.0,4.124745847178532,11188.56607439995,1.0234142827104973,103979.60188740534,1.033097066256412,104279.40278714769,False,False
30.0,0.004,0.0014544056818520225,0.55,1.0238385484301886,8.928484354709434,348.94099387329305,103976.27396752386,4.0,4.121826303884503,11188.341883786823,1.0238385484301886,103976.27396752386,1.0070098507140306,104005.49799141119,False,False
30.5,0.004,0.0014544193193379872,0.55,1.0242628118769657,8.927211564369102,348.8813729499098,103973.33012812634,4.0,4.119241846766547,11188.551703608984,1.0242628118769657,103973.33012812634,1.020913961577108,104212.06353104961,False,False
31.0,0.004,0.0014544579186614366,0.55,1.024687068890522,8.925938793328434,348.82289579312567,103970.72613732716,4.0,4.116954313568295,11189.14558496242,1.024687068890522,103970.72613732716,1.0263145995415721,103836.57884012818,False,False
31.5,0.004,0.0014545186008896578,0.55,1.0251113157903737,8.92466605262888,348.7654308919127,103968.42280793189,4.0,4.114929802426018,11190.07926127078,1.0251113157903737,103968.42280793189,1.0309735391039665,103953.5551566664,False,False
32.0,0.004,0.0014545988145751737,0.55,1.0255355493212779,8.923393352036166,348.70886178471227,103966.38543220762,4.0,4.1131382144007835,11191.313514649917,1.0255355493212779,103966.38543220762,1.0326478151192064,103931.73576841794,False,False
32.5,0.004,0.0014546962992950815,0.55,1.0259597666047287,8.922120700185815,348.6530853641032,103964.5832778491,4.0,4.111552841218119,11192.813610223098,1.0259597666047287,103964.5832778491,1.033893238956728,103713.76614339536,False,False
33.0,0.004,0.001454809053081365,0.55,1.0263839650958817,8.920848104712356,348.5980103667957,103962.98913897459,4.0,4.110149994615069,11194.548791682631,1.0263839650958817,103962.98913897459,1.0228967143733974,104161.61359934912,False,False
33.5,0.004,0.001454935303363563,0.55,1.026808142545321,8.919575572364037,348.54355602990734,103961.57893650525,4.0,4.108908673776697,11196.4918319266,1.026808142545321,103961.57893650525,1.0221846246186754,104156.65363817876,False,False
34.0,0.004,0.0014550734810737699,0.55,1.0272322969651422,8.918303109104574,348.48965089616615,103960.33136278106,4.0,4.107810267482371,11198.618633119408,1.0272322969651422,103960.33136278106,1.0358120557777137,104138.39777125273,False,False
34.5,0.004,0.0014552221975923968,0.55,1.0276564265988768,8.91703072020337,348.4362317522869,103959.22756574088,4.0,4.106838287758451,11200.907871024894,1.0276564265988768,103959.22756574088,1.0257433833500607,104420.31726191616,False,False
35.0,0.004,0.0014553802242408217,0.55,1.0280805298948366,8.91575841031549,348.3832426862699,103958.25086843841,4.0,4.105978132034023,11203.34067893561,1.0280805298948366,103958.25086843841,1.0153236666614573,104393.0543088093,False,False
35.5,0.004,0.00145554647405351,0.55,1.0285046054824942,8.914486183552517,348.3306342507661,103957.38652007957,4.0,4.105216871007647,11205.900366966503,1.0285046054824942,103957.38652007957,1.0171717333424595,103844.90311312483,False,False
36.0,0.004,0.0014557199855872102,0.55,1.028928652151563,8.913214043545311,348.2783627209418,103956.62147514778,4.0,4.10454305964857,11208.572172895349,1.028928652151563,103956.62147514778,1.019734129291547,104068.53717067804,False,False
36.5,0.004,0.0014558999085481593,0.55,1.0293526688334718,8.911941993499585,348.2263894364577,103955.94419753447,4.0,4.103946568968193,11211.34304111359,1.0293526688334718,103955.94419753447,1.0343242762740095,103768.863990757,False,False
37.0,0.004,0.001456085491039936,0.55,1.0297766545849651,8.910670036245104,348.1746802182557,103955.34448691204,4.0,4.103418436404041,11214.20142660237,1.0297766545849651,103955.34448691204,1.0312009119456709,103962.35108174641,False,False
37.5,0.004,0.0014562760682545642,0.55,1.0302006085735893,8.909398174279232,348.12320485182806,103954.81332487632,4.0,4.102950732855207,11217.137121168775,1.0302006085735893,103954.81332487632,1.037105462114267,103774.88849014066,False,False
38.0,0.004,0.0014564710524476677,0.55,1.030624530064848,8.908126409805456,348.0719366295319,103954.34273865008,4.0,4.10253644459235,11220.141099467193,1.030624530064848,103954.34273865008,1.0263520036014826,104440.3638313909,False,False
38.5,0.004,0.001456669924055214,0.55,1.0310484184108388,8.906854744767482,348.0208519453123,103953.92568037614,4.0,4.10216936843916,11223.20538259582,1.0310484184108388,103953.92568037614,1.032633815321606,104063.03512547903,False,False
39.0,0.004,0.0014568722238244064,0.55,1.0314722730402015,8.905583180879395,347.9699299359219,103953.55592024297,4.0,4.101844018780734,11226.322917294918,1.0314722730402015,103953.55592024297,1.037728176979875,103888.14718181164,False,False
39.5,0.004,0.0014570775458449957,0.55,1.0318960934492274,8.904311719652318,347.91915216337105,103953.22795187903,4.0,4.101555545101763,11229.487468988693,1.0318960934492274,103953.22795187903,1.028802628052025,104311.31352343595,False,False
40.0,0.004,0.0014572855313796152,0.55,1.0323198791939974,8.903040362418007,347.86850233392516,103952.9369086228,4.0,4.101299658891776,11232.693527105414,1.0323198791939974,103952.9369086228,1.0368876315695714,103301.75228568417,False,False
40.5,0.004,0.0014574958634027467,0.55,1.0327436298834303,8.90176911034971,347.81796604948727,103952.67848943193,4.0,4.101072568875842,11235.936221281943,1.0327436298834303,103952.67848943193,1.0261243704727638,103348.44771097234,False,False
41.0,0.004,0.0014577082617679607,0.55,1.0331673451731356,8.900497964480593,347.7675305876668,103952.44889333217,4.0,4.100870923641018,11239.211247214911,1.0331673451731356,103952.44889333217,1.0295368067074848,104191.2004898981,False,False
41.5,0.004,0.0014579224789319552,0.55,1.0335910247599802,8.89922692572006,347.7171847072526,103952.24476142906,4.0,4.100691760828396,11242.514801058362,1.0335910247599802,103952.24476142906,1.0297736458199969,103970.38529586427,False,False
42.0,0.004,0.0014581382961718092,0.55,1.0340146683772848,8.897955994868145,347.6669184761776,103952.06312561761,4.0,4.100532462150004,11245.843521390152,1.0340146683772848,103952.06312561761,1.0220562719213944,104027.19701569584,False,False
42.5,0.004,0.0014583555202391462,0.55,1.0344382757905783,8.896685172628265,347.6167231193913,103951.90136322031,4.0,4.100390713572637,11249.194437881602,1.0344382757905783,103951.90136322031,1.039308000598434,103553.98253222475,False,False
43.0,0.004,0.0014585739804010556,0.55,1.0348618467938449,8.895414459618465,347.5665908843507,103951.75715687324,4.0,4.100264470081169,11252.564925900051,1.0348618467938449,103951.75715687324,1.0301678233918177,103944.78704361813,False,False
43.5,0.004,0.0014587935258234424,0.55,1.0352853812062077,8.894143856381376,347.51651492210027,103951.62845905566,4.0,4.100151924500936,11255.952666363713,1.0352853812062077,103951.62845905566,1.0354103223934845,104552.68128217607,False,False
44.0,0.004,0.0014590140232573795,0.55,1.035708878868998,8.892873363393006,347.4664891821426,103951.51346072902,4.0,4.100051479915372,11259.355610243623,1.035708878868998,103951.51346072902,1.0405163454580573,104198.77334666779,False,False
44.5,0.004,0.0014592353549936256,0.55,1.0361323396431659,8.891602981070502,347.4165083195084,103951.41056361083,4.0,4.099961725268391,11262.771947178164,1.0361323396431659,103951.41056361083,1.0405976514034654,104002.32252715368,False,False
45.0,0.004,0.0014594574170543493,0.55,1.0365557634069902,8.89033270977903,347.3665676126153,103951.31835566377,4.0,4.099881413786172,11266.200077725367,1.0365557634069902,103951.31835566377,1.043209614496718,103819.60218263228,False,False
45.5,0.004,0.0014596801175946843,0.55,1.0369791500540577,8.889062549837828,347.31666289066794,103951.2355894292,4.0,4.099809443894692,11269.638588832955,1.0369791500540577,103951.2355894292,1.0359942952089636,103832.86373386838,False,False
46.0,0.004,0.0014599033754898977,0.55,1.0374024994914761,8.88779250152557,347.2667904694947,103951.16116287553,4.0,4.099744842346517,11273.086232154958,1.0374024994914761,103951.16116287553,1.0331695163710346,103312.40179611553,False,False
46.5,0.004,0.0014601271190866775,0.55,1.037825811638295,8.886522565085116,347.21694709484365,103951.09410247042,4.0,4.0996867493021245,11276.541904885207,1.037825811638295,103951.09410247042,1.037028629529231,104028.38622874676,False,False
47.0,0.004,0.0014603512850995272,0.55,1.0382490864241118,8.885252740727665,347.16712989227346,103951.03354822005,4.0,4.099634405140378,11280.004632816346,1.0382490864241118,103951.03354822005,1.0213757420845315,104204.6784807646,False,False
47.5,0.004,0.0014605758176355205,0.55,1.0386723237878392,8.883983028636482,347.1173363228738,103950.97874044659,4.0,4.09958713879926,11283.473555367504,1.0386723237878392,103950.97874044659,1.0242011990636084,103478.2929422954,False,False
48.0,0.004,0.0014608006673324577,0.55,1.039095523676617,8.882713428970149,347.06756414413917,103950.92900810303,4.0,4.099544357469275,11286.947912351487,1.039095523676617,103950.92900810303,1.025868527553073,103752.50394041098,False,False
48.5,0.004,0.0014610257905973234,0.55,1.0395186860448509,8.881443941865447,347.01781137539734,103950.88375844686,4.0,4.0995055374836875,11290.427032280506,1.0395186860448509,103950.88375844686,1.0295462177688361,103603.64436877683,False,False
49.0,0.004,0.001461251148933388,0.55,1.039941810853362,8.880174567439914,346.9680762672639,103950.84246791483,4.0,4.099470216266961,11293.910322031845,1.039941810853362,103950.84246791483,1.0439395531205964,103661.2371094722,False,False
49.5,0.004,0.0014614767083456562,0.55,1.0403648980686377,8.878905305794087,346.91835727465445,103950.80467405962,4.0,4.099437985218818,11297.39725771559,1.0403648980686377,103950.80467405962,1.031310107515037,103966.84916210618,False,False
50.0,0.004,0.0014617024388155664,0.55,1.0407879476621684,8.877636157013495,346.86865303294167,103950.76996842482,4.0,4.099408483425574,11300.887376604955,1.0407879476621684,103950.76996842482,1.0370063221217745,103325.44932192827,False,False
50.5,0.004,0.0014619283138368909,0.55,1.0412109596098622,8.876367121170414,346.81896233689025,103950.73799024937,4.0,4.099381392102821,11304.380270005813,1.0412109596098622,103950.73799024937,1.0542032425877228,104135.01912175649,False,False
51.0,0.004,0.0014621543100057134,0.55,1.041633933891528,8.875098198325416,346.76928412204796,103950.70842090518,4.0,4.099356429684539,11307.875576956207,1.041633933891528,103950.70842090518,1.0380712941809136,104176.86494188529,False,False
51.5,0.004,0.0014623804066582155,0.55,1.0420568704904183,8.873829388528744,346.71961744830605,103950.68097898232,4.0,4.099333347483853,11311.372978659689,1.0420568704904183,103950.68097898232,1.0494320261750891,103875.35020257124,False,False
52.0,0.004,0.0014626065855506735,0.55,1.0424797693928265,8.872560691821521,346.66996148537675,103950.65541594698,4.0,4.099311925858634,11314.872193566669,1.0424797693928265,103950.65541594698,1.0331435925927277,103206.44286295162,False,False
52.5,0.004,0.0014628328305767914,0.55,1.0429026305877305,8.871292108236808,346.6203154999648,103950.63151230529,4.0,4.099291970823826,11318.372973029065,1.0429026305877305,103950.63151230529,1.040848255009054,103651.70592450458,False,False
53.0,0.004,0.0014630591275180019,0.55,1.0433254540664774,8.870023637800568,346.57067884443575,103950.609074214,4.0,4.099273311058177,11321.875097461083,1.0433254540664774,103950.609074214,1.0338252335173717,104320.4796544448,False,False
53.5,0.004,0.0014632854638228837,0.55,1.0437482398225069,8.86875528053248,346.52105094680593,103950.58793048655,4.0,4.099255795259618,11325.378372947314,1.0437482398225069,103950.58793048655,1.0403579090635013,103117.18964626799,False,False
54.0,0.004,0.0014635118284123498,0.55,1.0441709878511047,8.867487036446686,346.4714313019014,103950.56792994778,4.0,4.099239289809017,11328.882628246525,1.0441709878511047,103950.56792994778,1.0525740692256786,103846.31090628973,False,False
54.5,0.004,0.0014637382115075313,0.55,1.0445936981491868,8.86621890555244,346.4218194635485,103950.54893909763,4.0,4.0992236767058445,11332.387712144215,1.0445936981491868,103950.54893909763,1.0273204939172633,103596.54870555745,False,False
55.0,0.004,0.001463964604477806,0.55,1.0450163707151072,8.864950887854679,346.37221503767597,103950.53084004657,4.0,4.099208851745032,11335.893491114623,1.0450163707151072,103950.53084004657,1.049360607150566,104191.90193052203,False,False
55.5,0.004,0.0014641909997065113,0.55,1.0454390055484895,8.863682983354533,346.3226176762231,103950.51352869264,4.0,4.0991947229057155,11339.399847254494,1.0454390055484895,103950.51352869264,1.0478163615718121,103747.9793430496,False,False
56.0,0.004,0.0014644173904723944,0.55,1.0458616026500773,8.862415192049768,346.2730270717588,103950.49691311047,4.0,4.099181208928544,11342.906676458717,1.0458616026500773,103950.49691311047,1.0399201030931093,104071.68311933115,False,False
56.5,0.004,0.001464643770844865,0.55,1.0462841620216032,8.86114751393519,346.2234429527296,103950.48091212886,4.0,4.099168238058428,11346.413886808143,1.0462841620216032,103950.48091212886,1.0318235834777187,104120.11903787959,False,False
57.0,0.004,0.001464870135591519,0.55,1.0467066836656713,8.859879949002986,346.17386507926244,103950.46545407381,4.0,4.099155746934322,11349.921397145994,1.0467066836656713,103950.46545407381,1.04742797874281,104501.33320599282,False,False
57.5,0.004,0.0014650964800964378,0.55,1.0471291675856553,8.858612497243033,346.1242932394583,103950.45047565881,4.0,4.099143679608266,11353.429135820012,1.0471291675856553,103950.45047565881,1.0418342404950174,103889.56789255621,False,False
58.0,0.004,0.0014653228002880609,0.55,1.0475516137856073,8.857345158643177,346.07472724611875,103950.43592100417,4.0,4.099131986679181,11356.937039571802,1.0475516137856073,103950.43592100417,1.0498783758991543,104063.24923189095,False,False
58.5,0.004,0.0014655490925754645,0.55,1.047974022270178,8.856077933189466,346.025166933855,103950.42174077121,4.0,4.099120624527498,11360.44505255546,1.047974022270178,103950.42174077121,1.0481925437254125,103504.90509703298,False,False
59.0,0.004,0.001465775353792108,0.55,1.0483963930445461,8.854810820866362,345.97561215653536,103950.40789139757,4.0,4.0991095546393685,11363.953125471093,1.0483963930445461,103950.40789139757,1.0644141819577553,104307.53196038569,False,False
59.5,0.004,0.0014660015811461577,0.55,1.0488187261143551,8.853543821656935,345.92606278503047,103950.39433442133,4.0,4.099098743009789,11367.461214799516,1.0488187261143551,103950.39433442133,1.046425169839625,103722.24167999992,False,False
60.0,0.004,0.0014662277721765899,0.55,1.0492410214856591,8.852276935543022,345.8765187052229,103950.38103588477,4.0,4.0990881596150786,11370.969282125883,1.0492410214856591,103950.38103588477,1.0390060465594404,103782.15478665844,False,False
60.5,0.004,0.0014664539247144666,0.55,1.0496632791648735,8.851010162505379,345.8269798162492,103950.36796580738,4.0,4.099077777947441,11374.477293542937,1.0496632791648735,103950.36796580738,1.0514560355144367,103943.69362735262,False,False
61.0,0.004,0.001466680036848723,0.55,1.050085499158732,8.849743502523804,345.7774460289474,103950.35509772047,4.0,4.099067574603673,11377.985219123679,1.050085499158732,103950.35509772047,1.0522854659984497,103481.48979411852,False,False
61.5,0.004,0.0014669061068959491,0.55,1.0505076814742493,8.848476955577251,345.72791726448645,103950.34240825634,4.0,4.099057528921865,11381.493032455559,1.0505076814742493,103950.34240825634,1.0640995572266536,104018.97341693503,False,False
62.0,0.004,0.0014671321333737262,0.55,1.050929826118687,8.84721052164394,345.6783934531561,103950.32987678524,4.0,4.099047622660732,11385.000710229371,1.050929826118687,103950.32987678524,1.0592809385778328,104240.56975866274,False,False
62.5,0.004,0.0014673581149770632,0.55,1.0513519330995242,8.845944200701428,345.62887453329796,103950.31748509503,4.0,4.099037839716234,11388.50823187591,1.0513519330995242,103950.31748509503,1.0549206436910192,104038.19763214422,False,False
63.0,0.004,0.0014675840505576118,0.55,1.0517740024244313,8.844677992726705,345.5793604503622,103950.30521710805,4.0,4.099028165871539,11392.015579245413,1.0517740024244313,103950.30521710805,1.066407031336627,103473.63594785443,False,False
63.5,0.004,0.0014678099391052949,0.55,1.052196034101247,8.843411897696258,345.5298511560742,103950.29305863123,4.0,4.0990185885759916,11395.52273632417,1.052196034101247,103950.29305863123,1.0403084035580186,103913.15027033233,False,False
64.0,0.004,0.0014680357797320978,0.55,1.0526180281379585,8.842145915586125,345.4803466076992,103950.28099713549,4.0,4.099009096750075,11399.029688984478,1.0526180281379585,103950.28099713549,1.046220512810461,104172.88966802934,False,False
64.5,0.004,0.0014682615716577604,0.55,1.053039984542682,8.840880046371954,345.43084676739255,103950.2690215607,4.0,4.0989996806132005,11402.536424763854,1.053039984542682,103950.2690215607,1.0437742251286268,103386.87239177093,False,False
65.0,0.004,0.001468487314197128,0.55,1.0534619033236492,8.839614290029052,345.3813516016268,103950.25712214374,4.0,4.098990331531471,11406.042932669854,1.0534619033236492,103950.25712214374,1.0495638052920915,103627.82731799842,False,False
65.5,0.004,0.0014687130067490034,0.55,1.053883784489191,8.838348646532427,345.3318610806851,103950.24529026652,4.0,4.09898104188345,11409.549203007988,1.053883784489191,103950.24529026652,1.040116923013628,104213.20837149098,False,False
66.0,0.004,0.0014689386487862948,0.55,1.0543056280477268,8.83708311585682,345.2823751782143,103950.23351832182,4.0,4.098971804941546,11413.055227229645,1.0543056280477268,103950.23351832182,,104031.26214858101,True,False
66.5,0.004,0.0014691642398473174,0.55,1.0547274340077522,8.835817697976744,345.23289387083065,103950.22179959479,4.0,4.098962614767262,11416.560997797793,1.0547274340077522,103950.22179959479,1.0525052070367644,104073.81327423282,False,False
67.0,0.004,0.001469389779528117,0.55,1.0551492023778308,8.834552392866508,345.1834171377713,103950.21012815837,4.0,4.098953466118716,11420.066508068428,1.0551492023778308,103950.21012815837,1.0404411394328044,104508.05857044537,False,False
67.5,0.004,0.0014696152674756923,0.55,1.0555709331665848,8.833287200500246,345.1339449605868,103950.19849878098,4.0,4.098944354369013,11423.571752185917,1.0555709331665848,103950.19849878098,1.0454151423545093,104090.76433233285,False,False
68.0,0.004,0.0014698407033820117,0.55,1.0559926263826878,8.832022120851937,345.08447732286976,103950.18690684502,4.0,4.098935275434134,11427.076724990551,1.0559926263826878,103950.18690684502,1.0591277648571897,104147.55330997497,False,False
68.5,0.004,0.0014700660869787373,0.55,1.0564142820348579,8.830757153895426,345.03501421001505,103950.17534827472,4.0,4.098926225709376,11430.58142193706,1.0564142820348579,103950.17534827472,1.0647955477138016,104763.39900644022,False,False
69.0,0.004,0.0014702914180325507,0.55,1.0568359001318524,8.829492299604443,344.98555560900854,103950.16381947277,4.0,4.098917202013012,11434.085839022378,1.0568359001318524,103950.16381947277,1.0768032090487702,103886.02245204562,False,False
69.5,0.004,0.00147051669634105,0.55,1.0572574806824622,8.828227557952614,344.93610150824014,103950.15231726412,4.0,4.098908201536811,11437.589972722222,1.0572574806824622,103950.15231726412,1.0863961053425355,103710.78748817857,False,False
70.0,0.004,0.0014707419217291078,0.55,1.0576790236955074,8.826962928913478,344.88665189733905,103950.14083884646,4.0,4.09889922180216,11441.093819934827,1.0576790236955074,103950.14083884646,1.0618231180282673,104078.47975832061,False,False
70.5,0.004,0.0014709670940456709,0.55,1.058100529179833,8.8256984124605,344.8372067670283,103950.12938174648,4.0,4.098890260621448,11444.59737793145,1.058100529179833,103950.12938174648,1.0482051479795145,104081.82669056315,False,False
71.0,0.004,0.0014711922131609232,0.55,1.0585219971443063,8.824434008567081,344.7877661089964,103950.11794378128,4.0,4.098881316063865,11448.100644312513,1.0585219971443063,103950.11794378128,1.0372015343369931,103792.10332619742,False,False
71.5,0.004,0.0014714172789637946,0.55,1.0589434275978122,8.823169717206564,344.7383299157837,103950.10652302425,4.0,4.098872386425346,11451.60361696908,1.0589434275978122,103950.10652302425,1.0616205422212506,103640.38741715779,False,False
72.0,0.004,0.0014716422913597469,0.55,1.0593648205492523,8.821905538352244,344.68889818068277,103950.09511777513,4.0,4.0988634702018585,11455.10629404861,1.0593648205492523,103950.09511777513,1.0512354095961491,104643.04844440216,False,False
72.5,0.004,0.001471867250268841,0.55,1.0597861760075409,8.820641471977378,344.63947089764974,103950.08372653316,4.0,4.098854566066088,11458.608673925068,1.0597861760075409,103950.08372653316,1.055632603405744,104048.13676764957,False,False
73.0,0.004,0.0014720921556240002,0.55,1.0602074939816035,8.81937751805519,344.5900480612265,103950.07234797395,4.0,4.098845672846473,11462.110755172045,1.0602074939816035,103950.07234797395,1.0540865259910055,103730.38673355333,False,False
73.5,0.004,0.0014723170073695103,0.55,1.0606287744803753,8.818113676558873,344.540629666472,103950.06098092861,4.0,4.098836789509105,11465.612536539555,1.0606287744803753,103950.06098092861,1.0592208656162114,104224.84007161249,False,False
74.0,0.004,0.0014725418054596744,0.55,1.0610500175127986,8.816849947461604,344.4912157089013,103950.04962436545,4.0,4.098827915141487,11469.11401693322,1.0610500175127986,103950.04962436545,1.071709819820675,103917.30607889705,False,False
74.5,0.004,0.0014727665498576283,0.55,1.0614712230878223,8.815586330736533,344.44180618443215,103950.03827737404,4.0,4.0988190489382275,11472.61519539592,1.0614712230878223,103950.03827737404,1.0630417087622757,103874.1738434787,False,False
75.0,0.004,0.0014729912405343092,0.55,1.0618923912143998,8.8143228263568,344.39240108933785,103950.02693915085,4.0,4.098810190188596,11476.116071091848,1.0618923912143998,103950.02693915085,1.060306042844013,104118.7088007252,False,False
75.5,0.004,0.0014732158774675276,0.55,1.0623135219014885,8.813059434295536,344.3430004202052,103950.0156089866,4.0,4.098801338265302,11479.616643292122,1.0623135219014885,103950.0156089866,1.0519569843732304,103562.4509285171,False,False
76.0,0.004,0.0014734404606411523,0.55,1.0627346151580483,8.811796154525855,344.2936041738979,103950.00428625545,4.0,4.098792492614658,11483.116911362169,1.0627346151580483,103950.00428625545,1.0459877857110047,104055.7924474306,False,False
76.5,0.004,0.0014736649900444067,0.55,1.063155670993041,8.810532987020878,344.24421234752384,103949.99297040484,4.0,4.098783652748081,11486.61687475084,1.063155670993041,103949.99297040484,1.0582925919023076,104523.87941272436,False,False
77.0,0.004,0.001473889465671219,0.55,1.063576689415429,8.809269931753713,344.1948249384067,103949.98166094723,4.0,4.098774818234222,11490.116532980313,1.063576689415429,103949.98166094723,1.063038863907246,104089.83495960642,False,False
77.5,0.004,0.0014741138875196838,0.55,1.0639976704341758,8.808006988697473,344.1454419440605,103949.9703574522,4.0,4.098765988692485,11493.615885637788,1.0639976704341758,103949.9703574522,1.0816769695699746,103837.10672631716,False,False
78.0,0.004,0.0014743382555915535,0.55,1.064418614058244,8.806744157825268,344.09606336216706,103949.95905953983,4.0,4.098757163786856,11497.114932367575,1.064418614058244,103949.95905953983,1.0657213592729728,103797.82747541137,False,False
78.5,0.004,0.001474562569891812,0.55,1.0648395202965952,8.805481439110213,344.04668919055666,103949.94776687479,4.0,4.098748343220761,11500.6136728645,1.0648395202965952,103949.94776687479,1.0746669154068258,103826.84577487125,False,False
79.0,0.004,0.00147478683042829,0.55,1.0652603891581904,8.804218832525429,343.99731942719046,103949.93647916104,4.0,4.098739526732411,11504.112106867946,1.0652603891581904,103949.93647916104,1.0602674331727988,103873.74767574671,False,False
79.5,0.004,0.0014750110372113274,0.55,1.0656812206519886,8.802956338044034,343.9479540701451,103949.92519613725,4.0,4.098730714090726,11507.610234156613,1.0656812206519886,103949.92519613725,1.0538317829878183,103836.58323630977,False,False
80.0,0.004,0.0014752351902534721,0.55,1.0661020147869462,8.801693955639161,343.89859311759926,103949.91391757267,4.0,4.098721905091684,11511.108054543856,1.0661020147869462,103949.91391757267,1.0564508471646226,104224.80734989504,False,False
80.5,0.004,0.0014754592895692203,0.55,1.066522771572018,8.800431685283947,343.84923656782166,103949.90264326359,4.0,4.098713099555166,11514.605567873625,1.066522771572018,103949.90264326359,1.0592705109266605,103429.93991230089,False,False
81.0,0.004,0.0014756833351747803,0.55,1.0669434910161555,8.799169526951534,343.7998844191606,103949.89137303008,4.0,4.098704297322138,11518.10277401686,1.0669434910161555,103949.89137303008,1.0882281883405072,104208.49138815372,False,False
81.5,0.004,0.0014759073270878707,0.55,1.0673641731283074,8.797907480615077,343.75053667003453,103949.88010671332,4.0,4.098695498252162,11521.599672868297,1.0673641731283074,103949.88010671332,1.0591503063360637,103835.97414917055,False,False
82.0,0.004,0.0014761312653275396,0.55,1.0677848179174194,8.796645546247742,343.7011933189239,103949.86884417293,4.0,4.098686702221241,11525.096264343709,1.0677848179174194,103949.86884417293,1.076169709954783,104062.95317988154,False,False
82.5,0.004,0.0014763551499140002,0.55,1.0682054253924338,8.795383723822699,343.651854364364,103949.85758528499,4.0,4.098677909119814,11528.592548377334,1.0682054253924338,103949.85758528499,1.0591761536115636,103611.76121222474,False,False
83.0,0.004,0.0014765789808684974,0.55,1.068625995562289,8.794122013313133,343.6025198049384,103949.84632993996,4.0,4.098669118851134,11532.0885249198,1.068625995562289,103949.84632993996,1.0779417256910315,104348.43564999479,False,False
83.5,0.004,0.0014768027582131764,0.55,1.06904652843592,8.792860414692239,343.55318963927357,103949.83507804111,4.0,4.0986603313297065,11535.584193936105,1.06904652843592,103949.83507804111,1.0728960380969788,104323.52556609268,False,False
84.0,0.004,0.001477026481970982,0.55,1.0694670240222584,8.791598927933226,343.50386386603356,103949.82382950284,4.0,4.098651546480028,11539.079555404032,1.0694670240222584,103949.82382950284,1.0679006450456774,104237.70098722786,False,False
84.5,0.004,0.001477250152165548,0.55,1.0698874823302307,8.790337553009309,343.45454248391593,103949.8125842496,4.0,4.098642764235277,11542.574609312443,1.0698874823302307,103949.8125842496,1.0694798570688764,103495.38615151153,False,False
85.0,0.004,0.0014774737688211291,0.55,1.0703079033687606,8.789076289893718,343.4052254916477,103949.80134221441,4.0,4.098633984536482,11546.069355660222,1.0703079033687606,103949.80134221441,1.0637600264144667,104198.53766353423,False,False
85.5,0.004,0.0014776973319625083,0.55,1.070728287146767,8.787815138559699,343.355912887982,103949.79010333818,4.0,4.098625207331386,11549.563794454823,1.070728287146767,103949.79010333818,1.0751890091615877,104071.24662962889,False,False
86.0,0.004,0.001477920841614946,0.55,1.0711486336731644,8.786554098980506,343.3066046716951,103949.77886756853,4.0,4.098616432573844,11553.057925711495,1.0711486336731644,103949.77886756853,1.0665987988697565,103468.19749342876,False,False
86.5,0.004,0.0014781442978041113,0.55,1.0715689429568638,8.785293171129409,343.2573008415836,103949.76763485909,4.0,4.098607660222992,11556.55174945221,1.0715689429568638,103949.76763485909,1.0593128853191913,103942.47841972785,False,False
87.0,0.004,0.001478367700556033,0.55,1.0719892150067711,8.784032354979686,343.20800139646224,103949.75640516884,4.0,4.098598890242638,11560.045265704899,1.0719892150067711,103949.75640516884,1.059209839263575,104059.11675187881,False,False
87.5,0.004,0.0014785910498970587,0.55,1.0724094498317882,8.782771650504635,343.15870633516187,103949.74517846137,4.0,4.098590122600767,11563.5384745028,1.0724094498317882,103949.74517846137,1.0741353290090094,104116.5677606083,False,False
88.0,0.004,0.0014788143458538054,0.55,1.0728296474408126,8.781511057677562,343.1094156565274,103949.73395470447,4.0,4.098581357268968,11567.031375883731,1.0728296474408126,103949.73395470447,1.0886205600049168,104002.91236478912,False,False
88.5,0.004,0.0014790375884531364,0.55,1.073249807842737,8.78025057647179,343.06012935941635,103949.72273386946,4.0,4.098572594222115,11570.523969889684,1.073249807842737,103949.72273386946,1.0748497239784713,104037.09215892368,False,False
89.0,0.004,0.0014792607777221142,0.55,1.07366993104645,8.77899020686065,343.0108474426974,103949.71151593098,4.0,4.098563833437827,11574.016256566127,1.07366993104645,103949.71151593098,1.0724835477853512,104391.7949336069,False,False
89.5,0.004,0.001479483913687989,0.55,1.0740900170608352,8.777729948817495,342.96156990524923,103949.70030086636,4.0,4.0985550748963036,11577.508235961799,1.0740900170608352,103949.70030086636,1.0769482784568607,104317.51047383956,False,False
90.0,0.004,0.00147970699637816,0.55,1.0745100658947722,8.776469802315685,342.9122967459593,103949.68908865555,4.0,4.098546318579882,11580.999908128133,1.0745100658947722,103949.68908865555,1.0875700833118405,103089.57260252073,False,False
90.5,0.004,0.0014799300258201676,0.55,1.0749300775571355,8.775209767328594,342.8630279637228,103949.67787928073,4.0,4.098537564472907,11584.491273119105,1.0749300775571355,103949.67787928073,1.0771239025707742,103854.44631282943,False,False
91.0,0.004,0.0014801530020416703,0.55,1.0753500520567953,8.773949843829614,342.81376355744203,103949.66667272586,4.0,4.098528812561487,11587.982330990906,1.0753500520567953,103949.66667272586,1.071240779748458,103900.27136446266,False,False
91.5,0.004,0.001480375925070415,0.55,1.075769989402617,8.772690031792148,342.76450352602546,103949.65546897672,4.0,4.0985200628331055,11591.473081801445,1.075769989402617,103949.65546897672,1.0868328765032158,103424.02589715863,False,False
92.0,0.004,0.0014805987949342405,0.55,1.0761898896034612,8.771430331189617,342.7152478683871,103949.64426802057,4.0,4.098511315276685,11594.963525610443,1.0761898896034612,103949.64426802057,1.0804774539880773,103977.89918549026,False,False
92.5,0.004,0.0014808216116610543,0.55,1.0766097526681844,8.770170741995447,342.665996583446,103949.63306984608,4.0,4.0985025698822755,11598.453662479027,1.0766097526681844,103949.63306984608,1.0919673125881444,104324.26040156923,False,False
93.0,0.004,0.0014810443752788303,0.55,1.0770295786056379,8.768911264183085,342.61674967012544,103949.62187444296,4.0,4.098493826641064,11601.943492469736,1.0770295786056379,103949.62187444296,1.0788619229778569,103623.65151656579,False,False
93.5,0.004,0.0014812670858155822,0.55,1.0774493674246686,8.767651897725994,342.56750712735294,103949.61068180205,4.0,4.09848508554502,11605.433015646076,1.0774493674246686,103949.61068180205,1.0652046771074635,104050.53096340901,False,False
94.0,0.004,0.0014814897432993707,0.55,1.0778691191341188,8.766392642597644,342.51826895405947,103949.59949191508,4.0,4.098476346586999,11608.922232072648,1.0778691191341188,103949.59949191508,1.064187527141662,103674.85244872615,False,False
94.5,0.004,0.0014817123477582907,0.55,1.0782888337428258,8.765133498771522,342.4690351491792,103949.5883047746,4.0,4.098467609760572,11612.411141814933,1.0782888337428258,103949.5883047746,1.0947981130651383,103748.0146976707,False,False
95.0,0.004,0.0014819348992204616,0.55,1.0787085112596224,8.763874466221132,342.41980571164925,103949.57712037384,4.0,4.098458875059924,11615.899744939155,1.0787085112596224,103949.57712037384,1.0959451684674555,104392.79521062486,False,False
95.5,0.004,0.0014821573977140219,0.55,1.0791281516933366,8.76261554491999,342.37058064040934,103949.56593870664,4.0,4.098450142479786,11619.388041512202,1.0791281516933366,103949.56593870664,1.0773329595605106,103786.79859267309,False,False
96.0,0.004,0.0014823798432671246,0.55,1.079547755052792,8.761356734841623,342.32135993440164,103949.55475976747,4.0,4.098441412015365,11622.876031601529,1.079547755052792,103949.55475976747,1.0757158818414323,104088.21850647066,False,False
96.5,0.004,0.001482602235907937,0.55,1.0799673213468075,8.760098035959578,342.27214359257044,103949.54358355126,4.0,4.098432683662358,11626.363715275182,1.0799673213468075,103949.54358355126,1.0945817642692295,103388.17814873297,False,False
97.0,0.004,0.0014828245756646312,0.55,1.0803868505841967,8.75883944824741,342.22293161386204,103949.53241005332,4.0,4.098423957416811,11629.851092601617,1.0803868505841967,103949.53241005332,1.0693163937637618,104508.22767847178,False,False
97.5,0.004,0.001483046862565378,0.55,1.080806342773769,8.757580971678692,342.1737239972245,103949.52123926942,4.0,4.098415233275081,11633.338163649642,1.080806342773769,103949.52123926942,1.0718590725842108,104130.31697316137,False,False
98.0,0.004,0.0014832690966383535,0.55,1.0812257979243294,8.756322606227013,342.12452074160757,103949.51007119556,4.0,4.098406511233885,11636.824928488497,1.0812257979243294,103949.51007119556,1.0876590658712197,103894.76011840049,False,False
98.5,0.004,0.0014834912779117216,0.55,1.0816452160446774,8.755064351865968,342.0753218459625,103949.49890582812,4.0,4.098397791290102,11640.311387187581,1.0816452160446774,103949.49890582812,1.0776991648160816,104122.16285882809,False,False
99.0,0.004,0.0014837134064136473,0.55,1.0820645971436085,8.753806208569173,342.02612730924204,103949.48774316377,4.0,4.098389073440926,11643.797539816664,1.0820645971436085,103949.48774316377,1.0820133784764077,103526.54191447943,False,False
99.5,0.004,0.0014839354821722878,0.55,1.0824839412299132,8.75254817631026,341.97693713040013,103949.47658319928,4.0,4.09838035768377,11647.283386445752,1.0824839412299132,103949.47658319928,1.0808495122446682,104304.23580572508,False,False
100.0,0.004,0.0014841575052157827,0.55,1.0829032483123773,8.751290255062868,341.9277513083921,103949.46542593175,4.0,4.098371644016123,11650.768927144916,1.0829032483123773,103949.46542593175,1.0862789938003665,103852.26999328281,False,False
100.5,0.004,0.0014843794755722663,0.55,1.0833225183997819,8.750032444800654,341.8785698421742,103949.45427135837,4.0,4.0983629324357285,11654.254161984505,1.0833225183997819,103949.45427135837,1.097397337012919,103888.23341684384,False,False
101.0,0.004,0.0014846013932698552,0.55,1.0837417515009036,8.74877474549729,341.829392730704,103949.44311947655,4.0,4.098354222940416,11657.739091034946,1.0837417515009036,103949.44311947655,1.084647600569921,103801.94643498691,False,False
101.5,0.004,0.001484823258336655,0.55,1.0841609476245142,8.747517157126458,341.7802199729399,103949.43197028381,4.0,4.098345515528177,11661.223714366834,1.0841609476245142,103949.43197028381,1.0906003355572829,103775.23654946014,False,False
102.0,0.004,0.0014850450708007517,0.55,1.0845801067793808,8.746259679661858,341.73105156784135,103949.42082377782,4.0,4.098336810197082,11664.708032050823,1.0845801067793808,103949.42082377782,1.0640783857690705,104157.82200726634,False,False
102.5,0.004,0.0014852668306902176,0.55,1.0849992289742658,8.745002313077203,341.68188751436867,103949.4096799563,4.0,4.098328106945326,11668.19204415769,1.0849992289742658,103949.4096799563,1.0845120449549646,104026.18173498756,False,False
103.0,0.004,0.001485488538033103,0.55,1.085418314217927,8.743745057346219,341.6327278114831,103949.39853881713,4.0,4.098319405771139,11671.675750758213,1.085418314217927,103949.39853881713,1.0769860115149983,104144.92298123804,False,False
103.5,0.004,0.0014857101928574435,0.55,1.0858373625191173,8.742487912442648,341.58357245814665,103949.38740035825,4.0,4.098310706672887,11675.159151923312,1.0858373625191173,103949.38740035825,1.0736492319148812,103946.74899351258,False,False
104.0,0.004,0.0014859317951912536,0.55,1.0862563738865854,8.741230878340243,341.5344214533222,103949.37626457766,4.0,4.098302009648968,11678.642247723907,1.0862563738865854,103949.37626457766,1.077474850217298,104103.33620790081,False,False
104.5,0.004,0.0014861533450625274,0.55,1.086675348329075,8.739973955012776,341.4852747959733,103949.36513147343,4.0,4.098293314697841,11682.12503823095,1.086675348329075,103949.36513147343,1.083334113922067,103823.71050829592,False,False
105.0,0.004,0.0014863748424992383,0.55,1.0870942858553252,8.738717142434025,341.43613248506426,103949.35400104374,4.0,4.0982846218180065,11685.607523515422,1.0870942858553252,103949.35400104374,1.0962533112788853,104618.27355346661,False,False
105.5,0.004,0.0014865962875293417,0.55,1.0875131864740704,8.737460440577788,341.38699451956023,103949.34287328675,4.0,4.0982759310080565,11689.089703648371,1.0875131864740704,103949.34287328675,1.0742492592966748,103478.9637483576,False,False
106.0,0.004,0.001486817680180767,0.55,1.0879320501940402,8.73620384941788,341.3378608984269,103949.33174820067,4.0,4.098267242266563,11692.571578700783,1.0879320501940402,103949.33174820067,1.0882383651199843,104327.61294526956,False,False
106.5,0.004,0.0014870390204814233,0.55,1.0883508770239598,8.73494736892812,341.28873162063087,103949.32062578382,4.0,4.098258555592152,11696.053148743671,1.0883508770239598,103949.32062578382,1.083509182690624,104359.6928610001,False,False
107.0,0.004,0.0014872603084592011,0.55,1.08876966697255,8.73369099908235,341.2396066851391,103949.3095060345,4.0,4.098249870983519,11699.534413848107,1.08876966697255,103949.3095060345,1.0854929360289303,103693.66186424482,False,False
107.5,0.004,0.0014874815441419651,0.55,1.0891884200485262,8.73243473985442,341.1904860909194,103949.29838895104,4.0,4.0982411884393475,11703.0153740851,1.0891884200485262,103949.29838895104,1.0992159983015724,104618.08047211783,False,False
108.0,0.004,0.001487702727557558,0.55,1.0896071362606,8.7311785912182,341.14136983694027,103949.28727453185,4.0,4.098232507958356,11706.496029525671,1.0896071362606,103949.28727453185,1.0949882906306392,104247.93435941543,False,False
108.5,0.004,0.0014879238587338023,0.55,1.0900258156174776,8.729922553147567,341.09225792217063,103949.27616277526,4.0,4.098223829539306,11709.976380240858,1.0900258156174776,103949.27616277526,1.103399796691905,104240.61786482214,False,False
109.0,0.004,0.0014881449376984914,0.55,1.0904444581278612,8.728666625616416,341.04315034558016,103949.26505367972,4.0,4.098215153180916,11713.4564263016,1.0904444581278612,103949.26505367972,1.0888994013353621,103957.67170978748,False,False
109.5,0.004,0.0014883659644794006,0.55,1.090863063800448,8.727410808598655,340.9940471061392,103949.2539472437,4.0,4.098206478881973,11716.936167778886,1.090863063800448,103949.2539472437,1.083903637683741,103884.0860997781,False,False
110.0,0.004,0.0014885869391042849,0.55,1.0912816326439305,8.726155102068208,340.9449482028185,103949.24284346562,4.0,4.098197806641319,11720.415604743741,1.0912816326439305,103949.24284346562,1.0890430444751256,103886.42019535374,False,False
110.5,0.004,0.0014888078616008679,0.55,1.091700164666997,8.724899505999009,340.8958536345897,103949.23174234394,4.0,4.098189136457705,11723.894737267032,1.091700164666997,103949.23174234394,1.0941251325797092,104066.3909212398,False,False
111.0,0.004,0.001489028731996855,0.55,1.0921186598783308,8.723644020365008,340.8467634004247,103949.22064387718,4.0,4.098180468329964,11727.373565419693,1.0921186598783308,103949.22064387718,1.093884393462868,104369.57652638735,False,False
111.5,0.004,0.001489249550319929,0.55,1.0925371182866108,8.722388645140168,340.79767749929624,103949.20954806381,4.0,4.0981718022569495,11730.852089272645,1.0925371182866108,103949.20954806381,1.0816932375642772,,False,True
112.0,0.004,0.0014894703165977447,0.55,1.092955539900511,8.721133380298467,340.7485959301775,103949.19845490235,4.0,4.098163138237469,11734.330308896713,1.092955539900511,103949.19845490235,1.0938604377167898,103675.76536796115,False,False
112.5,0.004,0.0014896910308579375,0.55,1.0933739247287015,8.719878225813895,340.6995186920423,103949.18736439133,4.0,4.0981544762703885,11737.80822436276,1.0933739247287015,103949.18736439133,1.0956562080300907,104196.51548310682,False,False
113.0,0.004,0.001489911693128119,0.55,1.0937922727798468,8.71862318166046,340.65044578386505,103949.17627652924,4.0,4.098145816354574,11741.285835741606,1.0937922727798468,103949.17627652924,1.118967013155186,104225.52150044768,False,False
113.5,0.004,0.0014901323034358725,0.55,1.0942105840626075,8.717368247812178,340.60137720462063,103949.16519131463,4.0,4.098137158488856,11744.76314310399,1.0942105840626075,103949.16519131463,1.1129790301754243,104145.56304984898,False,False
114.0,0.004,0.0014903528618087625,0.55,1.0946288585856394,8.716113424243082,340.55231295328457,103949.15410874608,4.0,4.0981285026721235,11748.240146520688,1.0946288585856394,103949.15410874608,1.086096425080051,104172.80378070357,False,False
114.5,0.004,0.0014905733682743292,0.55,1.0950470963575938,8.714858710927219,340.50325302883294,103949.14302882207,4.0,4.098119848903264,11751.716846062433,1.0950470963575938,103949.14302882207,1.0921732627421021,103867.86458977473,False,False
115.0,0.004,0.0014907938228600856,0.55,1.095465297387117,8.713604107838648,340.4541974302424,103949.13195154122,4.0,4.098111197181119,11755.193241799869,1.095465297387117,103949.13195154122,1.080830877368747,103670.43520140204,False,False
115.5,0.004,0.0014910142255935258,0.55,1.0958834616828514,8.712349614951446,340.4051461564901,103949.12087690204,4.0,4.098102547504612,11758.669333803693,1.0958834616828514,103949.12087690204,1.0899763915432166,103688.66284770981,False,False
116.0,0.004,0.0014912345765021161,0.55,1.0963015892534345,8.711095232239696,340.3560992065538,103949.10980490311,4.0,4.098093899872609,11762.145122144502,1.0963015892534345,103949.10980490311,1.0994576392893378,103458.47083036575,False,False
116.5,0.004,0.0014914548756133003,0.55,1.096719680107499,8.709840959677503,340.3070565794118,103949.09873554301,4.0,4.098085254283996,11765.620606892877,1.096719680107499,103949.09873554301,1.1087782163163813,104020.1833190068,False,False
117.0,0.004,0.0014916751229545003,0.55,1.0971377342536732,8.70858679723898,340.2580182740429,103949.08766882031,4.0,4.098076610737685,11769.095788119392,1.0971377342536732,103949.08766882031,1.089846895876237,103924.05303385234,False,False
117.5,0.004,0.0014918953185531123,0.55,1.097555751700581,8.707332744898256,340.2089842894266,103949.07660473356,4.0,4.098067969232575,11772.570665894567,1.097555751700581,103949.07660473356,1.091014287299903,103817.08029337465,False,False
118.0,0.004,0.0014921154624365075,0.55,1.0979737324568415,8.706078802629476,340.1599546245428,103949.06554328134,4.0,4.098059329767544,11776.045240288859,1.0979737324568415,103949.06554328134,1.0765008421594549,103062.37989597782,False,False
118.5,0.004,0.001492335554632035,0.55,1.0983916765310695,8.704824970406792,340.11092927837205,103949.05448446228,4.0,4.098050692341489,11779.51951137271,1.0983916765310695,103949.05448446228,1.0967650173256205,103574.85924355403,False,False
119.0,0.004,0.001492555595167024,0.55,1.098809583931875,8.703571248204375,340.0619082498954,103949.04342827493,4.0,4.098042056953367,11782.9934792166,1.098809583931875,103949.04342827493,1.0881854398132793,104285.29562369589,False,False
119.5,0.004,0.0014927755840687738,0.55,1.0992274546678635,8.702317635996408,340.0128915380944,103949.0323747179,4.0,4.098033423602055,11786.467143890874,1.0992274546678635,103949.0323747179,1.0939330603942028,103749.64457469896,False,False
120.0,0.004,0.0014929955213645635,0.55,1.099645288747636,8.701064133757093,339.96387914195117,103949.02132378976,4.0,4.098024792286474,11789.940505465887,1.099645288747636,103949.02132378976,1.09087668096596,104057.1988270868,False,False
120.5,0.004,0.0014932154070816455,0.55,1.100063086179789,8.699810741460633,339.91487106044843,103949.01027548911,4.0,4.098016163005513,11793.413564011918,1.100063086179789,103949.01027548911,1.0991204606372635,103531.80464649653,False,False
121.0,0.004,0.0014934352412472528,0.55,1.1004808469729146,8.698557459081256,339.86586729256936,103948.99922981454,4.0,4.098007535758118,11796.886319599284,1.1004808469729146,103948.99922981454,1.0829035630593482,104380.6108745223,False,False
121.5,0.004,0.0014936550238885905,0.55,1.1008985711355999,8.697304286593202,339.81686783729776,103948.9881867646,4.0,4.097998910543174,11800.358772298185,1.1008985711355999,103948.9881867646,1.08622811868169,103905.7798887482,False,False
122.0,0.004,0.001493874755032841,0.55,1.1013162586764278,8.696051223970716,339.76787269361796,103948.97714633802,4.0,4.097990287359582,11803.830922178802,1.1013162586764278,103948.97714633802,1.1226087297967107,104035.98926528307,False,False
122.5,0.004,0.0014940944347071705,0.55,1.1017339096039767,8.69479827118807,339.7188818605148,103948.96610853326,4.0,4.0979816662063415,11807.302769311409,1.1017339096039767,103948.96610853326,1.0888596837912363,104646.70004609777,False,False
123.0,0.004,0.0014943140629387081,0.55,1.1021515239268203,8.69354542821954,339.66989533697364,103948.95507334902,4.0,4.097973047082287,11810.774313766022,1.1021515239268203,103948.95507334902,1.091183668142274,104403.88710352583,False,False
123.5,0.004,0.0014945336397545715,0.55,1.1025691016535277,8.692292695039416,339.62091312198044,103948.94404078386,4.0,4.097964429986394,11814.245555612808,1.1025691016535277,103948.94404078386,1.1209382369367409,103856.97435439774,False,False
124.0,0.004,0.001494753165181848,0.55,1.102986642792664,8.691040071622009,339.57193521452166,103948.93301083636,4.0,4.097955814917564,11817.716494921797,1.102986642792664,103948.93301083636,1.1320373144850682,103770.96695537526,False,False
124.5,0.004,0.0014949726392476023,0.55,1.1034041473527894,8.689787557941631,339.5229616135843,103948.9219835052,4.0,4.097947201874706,11821.187131762994,1.1034041473527894,103948.9219835052,1.091688481064536,103851.25848004935,False,False
125.0,0.004,0.0014951920619788804,0.55,1.1038216153424596,8.688535153972621,339.4739923181559,103948.91095878893,4.0,4.0979385908567885,11824.65746620644,1.1038216153424596,103948.91095878893,1.1001391257745794,104101.88043333188,False,False
125.5,0.004,0.0014954114334026969,0.55,1.1042390467702259,8.687282859689322,339.4250273272246,103948.8999366862,4.0,4.097929981862687,11828.127498322025,1.1042390467702259,103948.8999366862,1.107654602279631,103917.33269641093,False,False
126.0,0.004,0.0014956307535460515,0.55,1.104656441644635,8.686030675066096,339.3760666397789,103948.8889171956,4.0,4.0979213748913805,11831.597228179726,1.104656441644635,103948.8889171956,1.121943418088691,103830.31567369455,False,False
126.5,0.004,0.0014958500224359142,0.55,1.105073799974229,8.684778600077312,339.327110254808,103948.87790031575,4.0,4.097912769941768,11835.066655849385,1.105073799974229,103948.87790031575,1.0952052291899468,104389.03227552847,False,False
127.0,0.004,0.0014960692400992348,0.55,1.1054911217675458,8.683526634697362,339.27815817130164,103948.86688604525,4.0,4.0979041670127945,11838.535781400864,1.1054911217675458,103948.86688604525,1.1030383433081248,103914.6039185119,False,False
127.5,0.004,0.0014962884065629358,0.55,1.1059084070331187,8.682274778900645,339.22921038824995,103948.85587438272,4.0,4.097895566103359,11842.004604903927,1.1059084070331187,103948.85587438272,1.1136817827937362,104638.73260229391,False,False
128.0,0.004,0.0014965075218539216,0.55,1.1063256557794763,8.681023032661571,339.18026690464376,103948.84486532683,4.0,4.097886967212417,11845.473126428376,1.1063256557794763,103948.84486532683,1.1106733165241425,103976.06763445248,False,False
128.5,0.004,0.0014967265859990738,0.55,1.1067428680151432,8.679771395954571,339.1313277194743,103948.83385887613,4.0,4.097878370338937,11848.94134604399,1.1067428680151432,103948.83385887613,1.1029813073028423,104484.42937714355,False,False
129.0,0.004,0.0014969455990252432,0.55,1.107160043748639,8.678519868754083,339.08239283173344,103948.82285502928,4.0,4.097869775481794,11852.409263820397,1.107160043748639,103948.82285502928,1.1058218141034786,104056.01868184247,False,False
129.5,0.004,0.0014971645609592658,0.55,1.1075771829884793,8.677268451034562,339.0334622404135,103948.81185378491,4.0,4.097861182639965,11855.87687982731,1.1075771829884793,103948.81185378491,1.0938282249047795,104237.70002575974,False,False
130.0,0.004,0.0014973834718279499,0.55,1.1079942857431746,8.676017142770476,338.9845359445073,103948.80085514158,4.0,4.0978525918123765,11859.344194134343,1.1079942857431746,103948.80085514158,1.105612548303428,103731.41753968627,False,False
130.5,0.004,0.0014976023316580786,0.55,1.1084113520212315,8.674765943936306,338.9356139430083,103948.78985909797,4.0,4.0978440029979355,11862.811206811046,1.1084113520212315,103948.78985909797,1.105747477121142,103692.66209232176,False,False
131.0,0.004,0.0014978211404764177,0.55,1.1088283818311522,8.673514854506543,338.8866962349105,103948.77886565273,4.0,4.0978354161956085,11866.277917927015,1.1088283818311522,103948.77886565273,1.1111500807274148,104086.69065215722,False,False
131.5,0.004,0.0014980398983097081,0.55,1.109245375181434,8.672263874455698,338.8377828192083,103948.76787480443,4.0,4.097826831404355,11869.744327551789,1.109245375181434,103948.76787480443,1.1036921029932438,104245.33384754403,False,False
132.0,0.004,0.001498258605184664,0.55,1.1096623320805699,8.67101300375829,338.7888736948968,103948.75688655171,4.0,4.097818248623081,11873.210435754814,1.1096623320805699,103948.75688655171,1.1143777173060212,103960.83383715185,False,False
132.5,0.004,0.0014984772611279795,0.55,1.1100792525370484,8.669762242388854,338.73996886097143,103948.74590089322,4.0,4.097809667850734,11876.676242605541,1.1100792525370484,103948.74590089322,1.1202064107152467,103562.82790036811,False,False
133.0,0.004,0.001498695866166326,0.55,1.110496136559354,8.668511590321938,338.6910683164283,103948.73491782759,4.0,4.097801089086269,11880.141748173399,1.110496136559354,103948.73491782759,1.1120504298360387,103540.65740794079,False,False
133.5,0.004,0.001498914420326351,0.55,1.1109129841559662,8.6672610475321,338.642172060264,103948.72393735344,4.0,4.097792512328629,11883.606952527763,1.1109129841559662,103948.72393735344,1.1144305482399581,103520.58301669756,False,False
134.0,0.004,0.0014991329236346787,0.55,1.1113297953353605,8.666010613993919,338.5932800914756,103948.71295946938,4.0,4.097783937576749,11887.071855737964,1.1113297953353605,103948.71295946938,1.111861348811139,103418.42632558757,False,False
134.5,0.004,0.0014993513761179095,0.55,1.1117465701060074,8.664760289681977,338.54439240906083,103948.70198417414,4.0,4.0977753648295625,11890.536457873286,1.1117465701060074,103948.70198417414,1.1117474140369215,103981.54759200827,False,False
135.0,0.004,0.0014995697778026275,0.55,1.1121633084763736,8.66351007457088,338.4955090120178,103948.69101146622,4.0,4.0977667940860805,11894.000759003085,1.1121633084763736,103948.69101146622,1.104947728140945,104286.20418797863,False,False
135.5,0.004,0.0014997881287153799,0.55,1.112580010454921,8.662259968635237,338.4466298993452,103948.68004134437,4.0,4.097758225345145,11897.464759196459,1.112580010454921,103948.68004134437,1.115744953071654,103944.65530526693,False,False
136.0,0.004,0.001500006428882708,0.55,1.1129966760501073,8.661009971849678,338.3977550700423,103948.66907380716,4.0,4.097749658605803,11900.92845852273,1.1129966760501073,103948.66907380716,1.1120238100659725,103270.5446466058,False,False
136.5,0.004,0.0015002246783311164,0.55,1.1134133052703854,8.659760084188843,338.34888452310884,103948.65810885328,4.0,4.097741093866942,11904.391857050983,1.1134133052703854,103948.65810885328,1.1343449883596914,103891.42997075291,False,False
137.0,0.004,0.0015004428770870961,0.55,1.1138298981242043,8.658510305627388,338.30001825754505,103948.64714648131,4.0,4.097732531127552,11907.854954850392,1.1138298981242043,103948.64714648131,1.1295634471489566,103899.80744749152,False,False
137.5,0.004,0.0015006610251771075,0.55,1.1142464546200082,8.657260636139975,338.2511562723518,103948.63618668998,4.0,4.097723970386532,11911.317751989985,1.1142464546200082,103948.63618668998,1.118104920145573,104577.43581175762,False,False
138.0,0.004,0.0015008791226275987,0.55,1.1146629747662369,8.65601107570129,338.2022985665304,103948.62522947784,4.0,4.097715411642918,11914.78024853892,1.1146629747662369,103948.62522947784,1.1070324026692893,103511.48385560197,False,False
138.5,0.004,0.0015010971694649818,0.55,1.115079458571326,8.654761624286023,338.1534451390826,103948.61427484358,4.0,4.0977068548955735,11918.242444566105,1.115079458571326,103948.61427484358,1.1039553438514917,103831.41099406382,False,False
139.0,0.004,0.0015013151657156565,0.55,1.1154959060437066,8.653512281868881,338.1045959890108,103948.60332278581,4.0,4.097698300143499,11921.704340140583,1.1154959060437066,103948.60332278581,,104460.35912694919,True,False
139.5,0.004,0.0015015331114059947,0.55,1.1159123171918057,8.652263048424583,338.055751115318,103948.59237330327,4.0,4.097689747385617,11925.16593533126,1.1159123171918057,103948.59237330327,1.118539809443277,104083.58587570723,False,False
140.0,0.004,0.0015017510065623524,0.55,1.1163286920240454,8.651013923927863,338.00691051700755,103948.58142639454,4.0,4.097681196620952,11928.627230207141,1.1163286920240454,103948.58142639454,1.1211301260579616,104117.57534844946,False,False
140.5,0.004,0.001501968851211054,0.55,1.1167450305488436,8.649764908353468,337.95807419308335,103948.57048205823,4.0,4.097672647848413,11932.088224837038,1.1167450305488436,103948.57048205823,1.0992991706791015,103982.9458131654,False,False
141.0,0.004,0.0015021866453784037,0.55,1.1171613327746137,8.648516001676159,337.9092421425499,103948.55954029303,4.0,4.097664101066934,11935.548919289764,1.1171613327746137,103948.55954029303,1.1264357175901956,104047.5426018902,False,False
141.5,0.004,0.0015024043890906858,0.55,1.1175775987097654,8.647267203870705,337.8604143644121,103948.54860109759,4.0,4.097655556275493,11939.009313634151,1.1175775987097654,103948.54860109759,1.122121802091909,104181.83146018114,False,False
142.0,0.004,0.0015026220823741614,0.55,1.1179938283627031,8.64601851491189,337.8115908576756,103948.53766447058,4.0,4.097647013473044,11942.469407938966,1.1179938283627031,103948.53766447058,1.1068895215185584,103705.69176880275,False,False
142.5,0.004,0.0015028397252550708,0.55,1.1184100217418274,8.644769934774517,337.7627716213463,103948.52673041067,4.0,4.097638472658579,11945.929202272982,1.1184100217418274,103948.52673041067,1.113694773667328,104211.94430408312,False,False
143.0,0.004,0.0015030573177596289,0.55,1.118826178855534,8.643521463433398,337.7139566544308,103948.51579891644,4.0,4.097629933831052,11949.388696704895,1.118826178855534,103948.51579891644,1.1214633508990992,103536.61489385078,False,False
143.5,0.004,0.0015032748599140258,0.55,1.1192422997122151,8.642273100863354,337.66514595593605,103948.50486998663,4.0,4.097621396989385,11952.847891303314,1.1192422997122151,103948.50486998663,1.1197669676957775,104047.01526183609,False,False
144.0,0.004,0.001503492351744436,0.55,1.1196583843202577,8.641024847039226,337.6163395248698,103948.49394361983,4.0,4.097612862132591,11956.306786136936,1.1196583843202577,103948.49394361983,1.116736672462222,104002.11623260572,False,False
144.5,0.004,0.001503709793277005,0.55,1.1200744326880447,8.639776701935865,337.56753736023995,103948.48301981474,4.0,4.097604329259589,11959.765381274301,1.1200744326880447,103948.48301981474,1.119039550007385,103763.5950933571,False,False
145.0,0.004,0.0015039271845378606,0.55,1.120490444823955,8.638528665528135,337.51873946105525,103948.47209857,4.0,4.097595798369372,11963.223676784,1.120490444823955,103948.47209857,1.1179706710418862,103941.6665159723,False,False
145.5,0.004,0.0015041445255531052,0.55,1.1209064207363628,8.637280737790912,337.4699458263248,103948.46117988427,4.0,4.0975872694608935,11966.681672734545,1.1209064207363628,103948.46117988427,1.1224320458573875,103761.6991340846,False,False
146.0,0.004,0.0015043618163488204,0.55,1.121322360433638,8.636032918699087,337.4211564550583,103948.45026375623,4.0,4.097578742533121,11970.139369194429,1.121322360433638,103948.45026375623,1.1360372801635696,103626.9398656977,False,False
146.5,0.004,0.0015045790569510663,0.55,1.1217382639241462,8.634785208227562,337.37237134626577,103948.43935018452,4.0,4.097570217585032,11973.596766232116,1.1217382639241462,103948.43935018452,1.0960716795148333,103842.35492770042,False,False
147.0,0.004,0.0015047962473858784,0.55,1.1221541312162486,8.633537606351254,337.32359049895797,103948.42843916784,4.0,4.097561694615583,11977.053863916011,1.1221541312162486,103948.42843916784,1.1197856285711518,103617.23184855634,False,False
147.5,0.004,0.0015050133876792727,0.55,1.122569962318302,8.632290113045094,337.2748139121461,103948.4175307048,4.0,4.097553173623762,11980.510662314528,1.122569962318302,103948.4175307048,1.1243350865320265,104045.25676993278,False,False
148.0,0.004,0.0015052304778572386,0.55,1.1229857572386592,8.631042728284022,337.2260415848418,103948.40662479412,4.0,4.097544654608503,11983.96716149596,1.1229857572386592,103948.40662479412,1.1259456971355302,103603.38097654842,False,False
148.5,0.004,0.0015054475179457493,0.55,1.1234015159856683,8.629795452042995,337.1772735160574,103948.39572143444,4.0,4.097536137568818,11987.423361528683,1.1234015159856683,103948.39572143444,1.1196823701724554,104161.98882833176,False,False
149.0,0.004,0.0015056645079707506,0.55,1.1238172385676732,8.62854828429698,337.1285097048056,103948.38482062444,4.0,4.097527622503651,11990.879262480936,1.1238172385676732,103948.38482062444,1.1062500207428874,103593.9411002458,False,False
149.5,0.004,0.0015058814479581696,0.55,1.1242329249930136,8.62730122502096,337.0797501500996,103948.37392236275,4.0,4.097519109411992,11994.334864420987,1.1242329249930136,103948.37392236275,1.1275128798301548,103778.48544768845,False,False
150.0,0.004,0.0015060983379339068,0.55,1.1246485752700246,8.626054274189926,337.0309948509532,103948.36302664812,4.0,4.097510598292772,11997.790167416993,1.1246485752700246,103948.36302664812,1.1419220774116665,103760.98200418356,False,False
150.5,0.004,0.0015063151779238487,0.55,1.1250641894070372,8.624807431778889,336.9822438063807,103948.35213347914,4.0,4.097502089145039,12001.245171537219,1.1250641894070372,103948.35213347914,1.1097255753578759,104345.89615214159,False,False
151.0,0.004,0.0015065319679538505,0.55,1.1254797674123782,8.623560697762866,336.9334970153969,103948.34124285454,4.0,4.097493581967703,12004.699876849723,1.1254797674123782,103948.34124285454,1.1341180475493602,104047.42822653952,False,False
151.5,0.004,0.001506748708049752,0.55,1.12589530929437,8.62231407211689,336.884754477017,103948.33035477296,4.0,4.097485076759776,12008.154283422657,1.12589530929437,103948.33035477296,1.122610057063141,103884.81021400965,False,False
152.0,0.004,0.001506965398237367,0.55,1.1263108150613304,8.621067554816008,336.8360161902569,103948.3194692331,4.0,4.097476573520212,12011.608391324064,1.1263108150613304,103948.3194692331,1.125697571603042,104097.93530155403,False,False
152.5,0.004,0.001507182038542491,0.55,1.1267262847215733,8.61982114583528,336.78728215413287,103948.3085862336,4.0,4.097468072248013,12015.062200622006,1.1267262847215733,103948.3085862336,1.1161972996145337,103316.1508820347,False,False
153.0,0.004,0.0015073986289908922,0.55,1.1271417182834083,8.618574845149775,336.7385523676618,103948.29770577319,4.0,4.097459572942123,12018.51571138444,1.1271417182834083,103948.29770577319,1.1237971565598495,103935.35762888091,False,False
153.5,0.004,0.001507615169608324,0.55,1.1275571157551403,8.617328652734578,336.689826829861,103948.2868278505,4.0,4.097451075601565,12021.968923679391,1.1275571157551403,103948.2868278505,1.14055756170213,104547.54108119193,False,False
154.0,0.004,0.001507831660420511,0.55,1.12797247714507,8.616082568564789,336.6411055397483,103948.27595246426,4.0,4.097442580225284,12025.421837574742,1.12797247714507,103948.27595246426,1.1337990295649472,103987.97990438507,False,False
154.5,0.004,0.0015080481014531615,0.55,1.1283878024614946,8.614836592615516,336.59238849634215,103948.26507961309,4.0,4.0974340868122905,12028.874453138427,1.1283878024614946,103948.26507961309,1.145710918515594,103968.63903036389,False,False
155.0,0.004,0.001508264492731956,0.55,1.1288030917127059,8.613590724861883,336.5436756986614,103948.2542092957,4.0,4.097425595361529,12032.326770438263,1.1288030917127059,103948.2542092957,1.1405772106024827,104112.69272318836,False,False
155.5,0.004,0.0015084808342825586,0.55,1.1292183449069921,8.612344965279023,336.4949671457254,103948.24334151084,4.0,4.097417105872002,12035.778789542099,1.1292183449069921,103948.24334151084,1.133609211696288,104216.92491450514,False,False
156.0,0.004,0.001508697126130613,0.55,1.129633562052637,8.61109931384209,336.446262836554,103948.23247625708,4.0,4.097408618342741,12039.230510517793,1.129633562052637,103948.23247625708,1.1470729073143149,103348.99246839012,False,False
156.5,0.004,0.001508913368301731,0.55,1.13004874315792,8.60985377052624,336.39756277016767,103948.22161353317,4.0,4.097400132772647,12042.681933432992,1.13004874315792,103948.22161353317,1.134438674745303,103443.52366899585,False,False
157.0,0.004,0.0015091295608215137,0.55,1.1304638882311164,8.60860833530665,336.3488669455873,103948.21075333779,4.0,4.097391649160754,12046.133058355485,1.1304638882311164,103948.21075333779,1.138743769999087,104011.29814066362,False,False
157.5,0.004,0.0015093457037155347,0.55,1.1308789972804971,8.607363008158508,336.3001753618343,103948.19989566965,4.0,4.09738316750604,12049.58388535295,1.1308789972804971,103948.19989566965,1.12791328774515,103733.7369271004,False,False
158.0,0.004,0.0015095617970093498,0.55,1.1312940703143288,8.606117789057013,336.25148801793057,103948.18904052739,4.0,4.097374687807517,12053.034414493073,1.1312940703143288,103948.18904052739,1.131959528472921,104341.79661919337,False,False
158.5,0.004,0.0015097778407284867,0.55,1.131709107340874,8.604872677977378,336.2028049128985,103948.17818790971,4.0,4.097366210064129,12056.484645843419,1.131709107340874,103948.17818790971,1.1247348691078713,103853.62587094415,False,False
159.0,0.004,0.0015099938348984568,0.55,1.132124108368391,8.603627674894827,336.1541260457611,103948.16733781532,4.0,4.097357734274876,12059.934579471588,1.132124108368391,103948.16733781532,1.1420199477143396,103367.80811710139,False,False
159.5,0.004,0.001510209779544749,0.55,1.1325390734051335,8.6023827797846,336.1054514155417,103948.15649024292,4.0,4.09734926043876,12063.38421544515,1.1325390734051335,103948.15649024292,1.1207560371739849,103567.75231518972,False,False
160.0,0.004,0.0015104256746928308,0.55,1.1329540024593514,8.601137992621947,336.0567810212643,103948.14564519118,4.0,4.097340788554781,12066.83355383163,1.1329540024593514,103948.14564519118,1.140777505883528,103123.24283930201,False,False
160.5,0.004,0.0015106415203681456,0.55,1.13336889553929,8.599893313382129,336.0081148619534,103948.13480265884,4.0,4.097332318621905,12070.282594698481,1.13336889553929,103948.13480265884,1.1314623849642385,103877.89714147396,False,False
161.0,0.004,0.0015108573165961202,0.55,1.1337837526531906,8.598648742040428,335.9594529366338,103948.12396264447,4.0,4.0973238506391665,12073.731338113208,1.1337837526531906,103948.12396264447,1.1454962235878638,103891.60872446516,False,False
161.5,0.004,0.0015110730634021493,0.55,1.1341985738092903,8.597404278572128,335.91079524433104,103948.11312514693,4.0,4.097315384605465,12077.179784143103,1.1341985738092903,103948.11312514693,1.141707263696603,103820.77431221236,False,False
162.0,0.004,0.0015112887608116233,0.55,1.1346133590158218,8.596159922952534,335.86214178407107,103948.10229016482,4.0,4.097306920519913,12080.627932855701,1.1346133590158218,103948.10229016482,1.15281982059229,104271.76600187375,False,False
162.5,0.004,0.0015115044088498952,0.55,1.1350281082810134,8.59491567515696,335.8134925548803,103948.09145769686,4.0,4.0972984583814345,12084.075784318255,1.1350281082810134,103948.09145769686,1.1423358551923999,104307.64740865187,False,False
163.0,0.004,0.0015117200075423038,0.55,1.1354428216130896,8.59367153516073,335.7648475557858,103948.08062774177,4.0,4.097289998189039,12087.523338598096,1.1354428216130896,103948.08062774177,1.1197224190565571,103896.96410073494,False,False
163.5,0.004,0.001511935556914167,0.55,1.1358574990202706,8.592427502939188,335.71620678581496,103948.06980029824,4.0,4.097281539941738,12090.970595762521,1.1358574990202706,103948.06980029824,1.1351879672912886,103307.66170005518,False,False
164.0,0.004,0.0015121510569907788,0.55,1.136272140510772,8.591183578467684,335.6675702439957,103948.05897536497,4.0,4.097273083638523,12094.417555878765,1.136272140510772,103948.05897536497,1.1245520685848238,104133.24344951265,False,False
164.5,0.004,0.001512366507797413,0.55,1.1366867460928058,8.589939761721583,335.61893792935655,103948.04815294062,4.0,4.097264629278392,12097.864219014042,1.1366867460928058,103948.04815294062,1.131503947669143,104114.65622149319,False,False
165.0,0.004,0.0015125819093593194,0.55,1.1371013157745793,8.588696052676262,335.57030984092637,103948.03733302398,4.0,4.097256176860314,12101.310585235486,1.1371013157745793,103948.03733302398,1.1522136001073464,104040.85480407106,False,False
165.5,0.004,0.0015127972617017334,0.55,1.1375158495642956,8.587452451307113,335.5216859777347,103948.0265156137,4.0,4.097247726383344,12104.756654610312,1.1375158495642956,103948.0265156137,1.1438911876732727,104242.47044040613,False,False
166.0,0.004,0.0015130125648498613,0.55,1.137930347470154,8.586208957589538,335.47306633881146,103948.01570070849,4.0,4.09723927784645,12108.202427205582,1.137930347470154,103948.01570070849,1.1309410431843667,103598.56727177018,False,False
166.5,0.004,0.001513227818828892,0.55,1.1383448095003492,8.584965571498952,335.4244509231871,103948.00488830707,4.0,4.097230831248631,12111.647903088373,1.1383448095003492,103948.00488830707,1.1282076358359452,104550.63150416261,False,False
167.0,0.004,0.0015134430236639928,0.55,1.1387592356630718,8.583722293010783,335.3758397298927,103947.99407840816,4.0,4.097222386588901,12115.093082325733,1.1387592356630718,103947.99407840816,1.1390870565918345,103660.16575246559,False,False
167.5,0.004,0.0015136581793803107,0.55,1.1391736259665084,8.582479122100475,335.32723275795956,103947.98327101041,4.0,4.0972139438662705,12118.53796498468,1.1391736259665084,103947.98327101041,1.1270080244726972,104172.75014917066,False,False
168.0,0.004,0.0015138732860029668,0.55,1.1395879804188411,8.581236058743476,335.2786300064197,103947.9724661126,4.0,4.097205503079705,12121.98255113214,1.1395879804188411,103947.9724661126,1.1328765776448753,103441.7681577886,False,False
168.5,0.004,0.0015140883435570685,0.55,1.1400022990282483,8.579993102915255,335.2300314743056,103947.96166371343,4.0,4.0971970642282525,12125.426840835102,1.1400022990282483,103947.96166371343,1.1431223937437607,103668.88225753242,False,False
169.0,0.004,0.001514303352067698,0.55,1.1404165818029037,8.578750254591288,335.1814371606501,103947.9508638116,4.0,4.097188627310922,12128.87083416048,1.1404165818029037,103947.9508638116,1.1519697021639708,104402.86145782919,False,False
169.5,0.004,0.0015145183115599144,0.55,1.140830828750977,8.577507513747069,335.1328470644867,103947.9400664058,4.0,4.097180192326694,12132.314531175107,1.140830828750977,103947.9400664058,1.1469184434732214,103869.67011950555,False,False
170.0,0.004,0.0015147332220587584,0.55,1.1412450398806337,8.5762648803581,335.0842611848494,103947.92927149477,4.0,4.097171759274579,12135.757931945825,1.1412450398806337,103947.92927149477,1.1183321447946528,104199.9060530346,False,False
170.5,0.004,0.0015149480835892485,0.55,1.1416592152000355,8.575022354399893,335.03567952077265,103947.91847907726,4.0,4.097163328153577,12139.20103653943,1.1416592152000355,103947.91847907726,1.1447028824903382,104019.00509569304,False,False
171.0,0.004,0.0015151628961763864,0.55,1.1420733547173394,8.573779935847982,334.98710207129125,103947.90768915192,4.0,4.0971548989627475,12142.643845022752,1.1420733547173394,103947.90768915192,1.1427936904496652,103916.42024235187,False,False
171.5,0.004,0.0015153776598451445,0.55,1.1424874584406985,8.572537624677905,334.9385288354407,103947.89690171754,4.0,4.097146471701042,12146.086357462456,1.1424874584406985,103947.89690171754,1.1466263612944254,104357.05199919734,False,False
172.0,0.004,0.0015155923746204827,0.55,1.1429015263782618,8.571295420865216,334.88995981225696,103947.88611677279,4.0,4.09713804636752,12149.528573925305,1.1429015263782618,103947.88611677279,1.159063623194774,103876.88846937721,False,False
172.5,0.004,0.0015158070405273335,0.55,1.143315558538174,8.570053324385478,334.8413950007764,103947.87533431641,4.0,4.097129622961159,12152.970494477924,1.143315558538174,103947.87533431641,1.1226831757701266,103413.65390204737,False,False
173.0,0.004,0.0015160216575906126,0.55,1.1437295549285755,8.568811335214274,334.79283440003593,103947.8645543471,4.0,4.097121201480992,12156.412119186978,1.1437295549285755,103947.8645543471,1.1378185206766644,103706.8925267616,False,False
173.5,0.004,0.0015162362258352112,0.55,1.144143515557603,8.567569453327192,334.7442780090729,103947.8537768636,4.0,4.097112781926009,12159.853448119035,1.144143515557603,103947.8537768636,1.1500525787855365,104113.21129547412,False,False
174.0,0.004,0.0015164507452860023,0.55,1.1445574404333887,8.566327678699833,334.6957258269253,103947.84300186468,4.0,4.097104364295233,12163.294481340674,1.1445574404333887,103947.84300186468,1.1287414964388494,104066.49573377342,False,False
174.5,0.004,0.0015166652159678408,0.55,1.1449713295640607,8.565086011307818,334.64717785263144,103947.83222934899,4.0,4.0970959485877225,12166.735218918488,1.1449713295640607,103947.83222934899,1.1597308200445957,103477.71475427836,False,False
175.0,0.004,0.001516879637905553,0.55,1.145385182957743,8.563844451126771,334.59863408523023,103947.82145931527,4.0,4.097087534802441,12170.17566091891,1.145385182957743,103947.82145931527,1.1490687490847495,103730.51870349281,False,False
175.5,0.004,0.001517094011123949,0.55,1.1457990006225558,8.562602998132332,334.550094523761,103947.81069176226,4.0,4.097079122938402,12173.615807408407,1.1457990006225558,103947.81069176226,1.1542648404809899,103773.2942870016,False,False
176.0,0.004,0.0015173083356478192,0.55,1.1462127825666144,8.561361652300157,334.5015591672637,103947.7999266887,4.0,4.09707071299465,12177.055658453446,1.1462127825666144,103947.7999266887,1.1405033459513965,103838.15904845444,False,False
176.5,0.004,0.0015175226115019317,0.55,1.1466265287980308,8.560120413605908,334.45302801477857,103947.7891640933,4.0,4.097062304970199,12180.49521412042,1.1466265287980308,103947.7891640933,1.154764165697693,103535.01508751283,False,False
177.0,0.004,0.0015177368387110323,0.55,1.1470402393249124,8.558879282025263,334.40450106534655,103947.77840397484,4.0,4.097053898864046,12183.934474475675,1.1470402393249124,103947.77840397484,1.1577249548848028,103759.267071539,False,False
177.5,0.004,0.0015179510172998525,0.55,1.1474539141553624,8.557638257533913,334.3559783180089,103947.76764633197,4.0,4.097045494675274,12187.373439585619,1.1474539141553624,103947.76764633197,1.149782694356734,103729.18450075411,False,False
178.0,0.004,0.001518165147293092,0.55,1.1478675532974802,8.556397340107559,334.3074597718075,103947.75689116349,4.0,4.097037092402823,12190.812109516455,1.1478675532974802,103947.75689116349,1.1502115622244673,104179.21686909207,False,False
178.5,0.004,0.001518379228715441,0.55,1.148281156759361,8.555156529721916,334.2589454257846,103947.74613846808,4.0,4.097028692045776,12194.250484334527,1.148281156759361,103947.74613846808,1.1509845891521782,104190.48253176516,False,False
179.0,0.004,0.0015185932615915604,0.55,1.1486947245490957,8.553915826352712,334.210435278983,103947.73538824453,4.0,4.0970202936031095,12197.68856410601,1.1486947245490957,103947.73538824453,1.1400612719017018,103903.99225081789,False,False
179.5,0.004,0.001518807245946098,0.55,1.1491082566747715,8.552675229975685,334.16192933044607,103947.72464049153,4.0,4.097011897073891,12201.126348897165,1.1491082566747715,103947.72464049153,1.147632969872368,103830.11270173032,False,False
180.0,0.004,0.0015190211818036747,0.55,1.1495217531444708,8.551434740566588,334.1134275792175,103947.71389520784,4.0,4.09700350245711,12204.563838774116,1.1495217531444708,103947.71389520784,1.1479965278199473,103989.69118881958,False,False
180.5,0.004,0.0015192350691888936,0.55,1.1499352139662726,8.550194358101182,334.0649300243416,103947.70315239222,4.0,4.0969951097518,12208.001033803008,1.1499352139662726,103947.70315239222,1.1537691526098075,103702.73062015555,False,False
181.0,0.004,0.0015194489081263398,0.55,1.1503486391482516,8.548954082555245,334.0164366648631,103947.69241204337,4.0,4.0969867189570195,12211.437934049984,1.1503486391482516,103947.69241204337,1.1603468816173546,103603.64278739314,False,False
181.5,0.004,0.0015196626986405718,0.55,1.150762028698478,8.547713913904566,333.9679474998272,103947.68167416,4.0,4.096978330071757,12214.874539581064,1.150762028698478,103947.68167416,1.140176667878694,103665.6153114823,False,False
182.0,0.004,0.0015198764407561302,0.55,1.1511753826250188,8.546473852124944,333.91946252827967,103947.67093874095,4.0,4.096969943095023,12218.310850462265,1.1511753826250188,103947.67093874095,1.149925292321823,103757.22698954951,False,False
182.5,0.004,0.0015200901344975405,0.55,1.151588700935936,8.545233897192192,333.8709817492667,103947.66020578491,4.0,4.0969615580259084,12221.74686675967,1.151588700935936,103947.66020578491,1.1664032564125257,103598.61806584723,False,False
183.0,0.004,0.0015203037798893007,0.55,1.1520019836392879,8.543994049082137,333.822505161835,103947.64947529061,4.0,4.0969531748634145,12225.182588539212,1.1520019836392879,103947.64947529061,1.144566101351162,103996.26734300947,False,False
183.5,0.004,0.0015205173769558902,0.55,1.1524152307431286,8.542754307770615,333.77403276503173,103947.6387472568,4.0,4.096944793606564,12228.618015866816,1.1524152307431286,103947.6387472568,1.1441927305702253,104166.55344939191,False,False
184.0,0.004,0.001520730925721768,0.55,1.1528284422555082,8.541514673233475,333.72556455790453,103947.6280216822,4.0,4.09693641425438,12232.05314880838,1.1528284422555082,103947.6280216822,1.15485150417382,103471.49853144273,False,False
184.5,0.004,0.0015209444262113722,0.55,1.153241618184473,8.540275145446582,333.67710053950157,103947.6172985656,4.0,4.096928036805884,12235.48798742976,1.153241618184473,103947.6172985656,1.1616854700893262,103955.15591193041,False,False
185.0,0.004,0.0015211578784491235,0.55,1.1536547585380648,8.539035724385805,333.6286407088715,103947.60657790581,4.0,4.0969196612601335,12238.922531796828,1.1536547585380648,103947.60657790581,1.1537690190936714,103881.6258393259,False,False
185.5,0.004,0.0015213712824594255,0.55,1.1540678633243215,8.537796410027035,333.5801850650634,103947.59585970143,4.0,4.09691128761622,12242.356781975464,1.1540678633243215,103947.59585970143,1.1673574692286914,104050.04846536246,False,False
186.0,0.004,0.0015215846382666458,0.55,1.154480932551277,8.536557202346168,333.53173360712685,103947.58514395128,4.0,4.096902915873052,12245.79073803128,1.154480932551277,103947.58514395128,1.1630488723769423,103943.7035135202,False,False
186.5,0.004,0.001521797945895148,0.55,1.1548939662269613,8.535318101319117,333.483286334112,103947.57443065412,4.0,4.096894546029733,12249.224400030102,1.1548939662269613,103947.57443065412,1.163312166895862,103511.49464667463,False,False
187.0,0.004,0.001522011205369269,0.55,1.1553069643593998,8.534079106921801,333.4348432450694,103947.5637198087,4.0,4.096886178085296,12252.657768037632,1.1553069643593998,103947.5637198087,1.1608481293726407,103568.84693015156,False,False
187.5,0.004,0.0015222244167133277,0.55,1.1557199269566143,8.532840219130158,333.38640433905,103947.55301141378,4.0,4.096877812038787,12256.090842119562,1.1557199269566143,103947.55301141378,1.1789964579600751,103956.38008408927,False,False
188.0,0.004,0.001522437579951619,0.55,1.1561328540266225,8.531601437920132,333.33796961510535,103947.5423054681,4.0,4.096869447889229,12259.523622341509,1.1561328540266225,103947.5423054681,1.154081237137962,104256.17658139176,False,False
188.5,0.004,0.0015226506951084209,0.55,1.1565457455774377,8.530362763267686,333.28953907228754,103947.53160197043,4.0,4.096861085635666,12262.956108769093,1.1565457455774377,103947.53160197043,1.1365105226567727,103283.27539065754,False,False
189.0,0.004,0.0015228637622079907,0.55,1.1569586016170696,8.52912419514879,333.241112709649,103947.52090091948,4.0,4.096852725277145,12266.388301467898,1.1569586016170696,103947.52090091948,1.173001145232241,104051.23887485995,False,False
189.5,0.004,0.0015230767812745613,0.55,1.1573714221535238,8.527885733539428,333.19269052624264,103947.51020231405,4.0,4.096844366812666,12269.820200503416,1.1573714221535238,103947.51020231405,1.1527944278439557,104304.39680390034,False,False
190.0,0.004,0.0015232897523323528,0.55,1.1577842071948017,8.526647378415595,333.144272521122,103947.49950615288,4.0,4.096836010241308,12273.251805941209,1.1577842071948017,103947.49950615288,1.158863011638232,103901.591743291,False,False
190.5,0.004,0.0015235026754055595,0.55,1.1581969567489008,8.525409129753298,333.095858693341,103947.48881243473,4.0,4.096827655562094,12276.68311784673,1.1581969567489008,103947.48881243473,1.171292463597506,104112.54956124266,False,False
191.0,0.004,0.0015237155505183596,0.55,1.1586096708238143,8.524170987528557,333.04744904195394,103947.47812115836,4.0,4.0968193027740805,12280.114136285443,1.1586096708238143,103947.47812115836,1.142587075413225,103736.55739688902,False,False
191.5,0.004,0.0015239283776949067,0.55,1.1590223494275318,8.522932951717404,332.9990435660158,103947.46743232258,4.0,4.09681095187629,12283.544861322736,1.1590223494275318,103947.46743232258,1.1465058772864705,103911.65757253951,False,False
192.0,0.004,0.0015241411569593415,0.55,1.1594349925680385,8.521695022295884,332.9506422645819,103947.45674592607,4.0,4.096802602867814,12286.97529302405,1.1594349925680385,103947.45674592607,1.14342221319685,103461.18269043363,False,False
192.5,0.004,0.0015243538883357754,0.55,1.1598476002533158,8.520457199240052,332.9022451367081,103947.44606196761,4.0,4.09679425574764,12290.405431454661,1.1598476002533158,103947.44606196761,1.1519062373530615,103244.14306944195,False,False
193.0,0.004,0.0015245665718483046,0.55,1.160260172491341,8.519219482525976,332.8538521814507,103947.43538044604,4.0,4.096785910514815,12293.835276679883,1.160260172491341,103947.43538044604,1.164656538551511,104230.26512081362,False,False
193.5,0.004,0.0015247792075210103,0.55,1.1606727092900875,8.517981872129738,332.80546339786645,103947.42470136004,4.0,4.096777567168452,12297.264828765088,1.1606727092900875,103947.42470136004,1.165914587718215,103651.92622304271,False,False
194.0,0.004,0.0015249917953779437,0.55,1.1610852106575245,8.516744368027426,332.7570787850127,103947.41402470843,4.0,4.096769225707527,12300.694087775435,1.1610852106575245,103947.41402470843,1.16384795245081,103810.7556712074,False,False
194.5,0.004,0.001525204335443144,0.55,1.1614976766016172,8.515506970195148,332.7086983419471,103947.40335048993,4.0,4.096760886131133,12304.123053776197,1.1614976766016172,103947.40335048993,1.1473700177626935,103531.47067450886,False,False
195.0,0.004,0.001525416827740625,0.55,1.161910107130327,8.514269678609018,332.660322067728,103947.39267870336,4.0,4.096752548438279,12307.551726832511,1.161910107130327,103947.39267870336,1.1388090727640006,103524.4017677782,False,False
195.5,0.004,0.001525629272294387,0.55,1.1623225022516113,8.513032493245166,332.6119499614139,103947.3820093474,4.0,4.0967442126280575,12310.980107009587,1.1623225022516113,103947.3820093474,1.1628660381055151,103895.23069931901,False,False
196.0,0.004,0.0015258416691284013,0.55,1.1627348619734232,8.51179541407973,332.5635820220642,103947.37134242096,4.0,4.096735878699455,12314.408194372467,1.1627348619734232,103947.37134242096,1.15801710163704,103728.49818418027,False,False
196.5,0.004,0.0015260540182666313,0.55,1.1631471863037122,8.510558441088865,332.5152182487384,103947.36067792267,4.0,4.09672754665161,12317.835988986346,1.1631471863037122,103947.36067792267,1.1677410440208782,104060.75197732108,False,False
197.0,0.004,0.0015262663197330075,0.55,1.1635594752504232,8.50932157424873,332.46685864049664,103947.35001585139,4.0,4.096719216483487,12321.263490916172,1.1635594752504232,103947.35001585139,1.170579011512636,104083.11154154527,False,False
197.5,0.004,0.0015264785735514524,0.55,1.163971728821498,8.508084813535506,332.4185031963995,103947.33935620589,4.0,4.0967108881942,12324.690700227047,1.163971728821498,103947.33935620589,1.1653541431420846,104043.59425010327,False,False
198.0,0.004,0.0015266907797458625,0.55,1.1643839470248736,8.50684815892538,332.37015191550813,103947.32869898491,4.0,4.096702561782794,12328.117616983953,1.1643839470248736,103947.32869898491,1.1719852778786322,104018.90893626345,False,False
198.5,0.004,0.0015269029383401138,0.55,1.1647961298684835,8.50561161039455,332.32180479688395,103947.31804418724,4.0,4.096694237248303,12331.544241251822,1.1647961298684835,103947.31804418724,1.1670882436096341,104420.6485056668,False,False
199.0,0.004,0.001527115049358065,0.55,1.1652082773602572,8.504375167919228,332.27346183958906,103947.30739181166,4.0,4.096685914589783,12334.970573095588,1.1652082773602572,103947.30739181166,1.1705089244162719,103627.02926109819,False,False
199.5,0.004,0.0015273271128235554,0.55,1.1656203895081199,8.50313883147564,332.22512304268594,103947.29674185695,4.0,4.096677593806303,12338.396612580162,1.1656203895081199,103947.29674185695,1.158573656879421,103930.81628199607,False,False
200.0,0.004,0.0015275391287604034,0.55,1.166032466319993,8.50190260104002,332.17678840523746,103947.28609432185,4.0,4.09666927489692,12341.822359770404,1.166032466319993,103947.28609432185,1.1642363521816785,104287.09304047773,False,False
200.5,0.005,0.0015277510971924066,0.55,1.166611174470461,8.500166476588618,332.12845792630714,103953.38987506588,4.0,4.096660957860666,12345.247814731116,1.166611174470461,103953.38987506588,1.1685789354370306,104332.75181786729,False,False
201.0,0.005,0.0015284272122225468,0.55,1.1671897699350906,8.498430690194727,332.0777449283219,103958.74615371587,4.0,4.101425995970384,12356.177153387824,1.1671897699350906,103958.74615371587,1.1753950546892649,103532.2170589125,False,False
201.5,0.005,0.0015290567579029086,0.55,1.16776826047544,8.49669521857368,332.02494346545575,103963.44683047968,4.0,4.105602925732291,12366.35805031962,1.16776826047544,103963.44683047968,1.1638308487531943,103869.74019798292,False,False
202.0,0.005,0.0015296454751249505,0.55,1.1683466528962525,8.494960041311241,331.9703109122318,103967.57235828596,4.0,4.109265106447857,12375.882470454133,1.1683466528962525,103967.57235828596,1.1735583254535735,104375.00868704614,False,False
202.5,0.005,0.001530198384676613,0.55,1.168924953165473,8.493225140503581,331.91407265433037,103971.19320482714,4.0,4.112476515802877,12384.830923461366,1.168924953165473,103971.19320482714,1.1662665652463193,104123.61693638685,False,False
203.0,0.005,0.001530719880247572,0.55,1.1695031665187652,8.491490500443705,331.85642615220144,103974.37111933118,4.0,4.115293004257863,12393.273926797438,1.1695031665187652,103974.37111933118,1.1683277448454839,104032.95002877511,False,False
203.5,0.005,0.001531213808794297,0.55,1.1700812975506327,8.489756107348102,331.7975444676625,103977.1602321169,4.0,4.117763369077869,12401.273273347899,1.1700812975506327,103977.1602321169,1.1783764879708734,103911.8548240865,False,False
204.0,0.005,0.0015316835401267242,0.55,1.1706593502939449,8.488021949118165,331.7375793292713,103979.60801051329,4.0,4.119930276782386,12408.883131742856,1.1706593502939449,103979.60801051329,1.1507287465834033,103864.46773280096,False,False
204.5,0.005,0.0015321320272721998,0.55,1.1712373282893995,8.486288015131802,331.676663800478,103981.75609105706,4.0,4.121831057586546,12416.151002939345,1.1712373282893995,103981.75609105706,1.1582726050086518,104068.22180998416,False,False
205.0,0.005,0.00153256185892323,0.55,1.1718152346462456,8.484554296061264,331.6149146048455,103983.64100486264,4.0,4.123498391265017,12423.11855299822,1.1718152346462456,103983.64100486264,1.1569933806718173,103907.9287673673,False,False
205.5,0.005,0.0015329753050717073,0.55,1.1723930720954003,8.482820783713798,331.5524341545672,103985.29481055035,4.0,4.124960900556624,12429.82233896036,1.1723930720954003,103985.29481055035,1.1490569108969173,103972.52122423702,False,False
206.0,0.005,0.0015333743567641307,0.55,1.1729708430359396,8.48108747089218,331.48931232179035,103986.74564702983,4.0,4.126243665553721,12436.29444221784,1.1729708430359396,103986.74564702983,1.1661881986343878,104010.32525886435,False,False
206.5,0.005,0.001533760760773115,0.55,1.1735485495758107,8.479354351272569,331.4256279866151,103988.01821668155,4.0,4.127368670350511,12442.563021685017,1.1735485495758107,103988.01821668155,1.1810428885730881,103784.5967581335,False,False
207.0,0.005,0.0015341360498642906,0.55,1.1741261935675,8.477621419297499,331.3614503908907,103989.13420800163,4.0,4.12835519144876,12448.652797319448,1.1741261935675,103989.13420800163,1.1712773529036742,104148.77302016606,False,False
207.5,0.005,0.001534501569240386,0.55,1.1747037766392934,8.47588867008212,331.2968403229111,103990.11266552641,4.0,4.129220135959144,12454.585473064231,1.1747037766392934,103990.11266552641,1.1766816774587119,104864.38606005104,False,False
208.0,0.005,0.0015348584996624141,0.55,1.175281300222683,8.474156099331951,331.23185115469687,103990.97031378958,4.0,4.129978336428536,12460.380107033157,1.175281300222683,103990.97031378958,1.1861734751897908,103457.87432199177,False,False
208.5,0.005,0.0015352078776785757,0.55,1.1758587655764032,8.47242370327079,331.16652975063806,103991.72184115891,4.0,4.130642808117562,12466.053435696427,1.1758587655764032,103991.72184115891,1.1891356268990803,104088.92559841591,False,False
209.0,0.005,0.0015355506133326656,0.55,1.1764361738075144,8.470691478577457,331.1009172637823,103992.38014862526,4.0,4.131224973711435,12471.62015791775,1.1764361738075144,103992.38014862526,1.175744794460253,103764.3231220396,False,False
209.5,0.005,0.0015358875056737484,0.55,1.1770135258899022,8.468959422330293,331.03504983391167,103992.95656795002,4.0,4.131734859741328,12477.093183919222,1.1770135258899022,103992.95656795002,1.1905493847855961,104166.1773412058,False,False
210.0,0.005,0.0015362192563459264,0.55,1.1775908226805112,8.467227531958466,330.9689591997138,103993.46105300504,4.0,4.132181268395682,12482.483853582971,1.1775908226805112,103993.46105300504,1.1785120892648522,104007.4282950034,False,False
210.5,0.005,0.0015365464815003487,0.55,1.1781680649335944,8.465495805199216,330.9026732357659,103993.90234764556,4.0,4.132571927895783,12487.802127926483,1.1781680649335944,103993.90234764556,1.1697940826953197,104222.4587798583,False,False
211.0,0.005,0.0015368697222400308,0.55,1.178745253313221,8.463764240060337,330.836216423676,103994.28813302894,4.0,4.132913624179871,12493.056757094339,1.178745253313221,103994.28813302894,1.1728012497912337,104346.94010598157,False,False
211.5,0.005,0.001537189453780792,0.55,1.1793223884042576,8.462032834787227,330.7696102655398,103994.62515692196,4.0,4.1332123162723216,12498.255427781232,1.1793223884042576,103994.62515692196,1.1645170232786075,104052.35149225242,False,False
212.0,0.005,0.001537506093488095,0.55,1.1798994707220096,8.460301587833971,330.7028736468399,103994.91934721924,4.0,4.133473237399819,12503.404892630862,1.1798994707220096,103994.91934721924,1.171018132184673,104334.5350337435,False,False
212.5,0.005,0.0015378200079292448,0.55,1.180476500720688,8.458570497837936,330.63602315501646,103995.17591161562,4.0,4.133700983646876,12508.51108383472,1.180476500720688,103995.17591161562,1.1768963338399439,103291.88654347902,False,False
213.0,0.005,0.0015381315190627213,0.55,1.1810534788008442,8.456839563597468,330.56907335916145,103995.39942513249,4.0,4.133899591709981,12513.579212875075,1.1810534788008442,103995.39942513249,1.1890893289946303,104472.5351145073,False,False
213.5,0.005,0.001538440909671071,0.55,1.181630405315899,8.455108784052303,330.502037055607,103995.59390698693,4.0,4.134072607108871,12518.613858113331,1.181630405315899,103995.59390698693,,104108.11255255464,True,False
214.0,0.005,0.0015387484281304629,0.55,1.1822072805778774,8.453378158266368,330.434925483587,103995.76288810719,4.0,4.134223144040049,12523.619041713559,1.1822072805778774,103995.76288810719,1.168385465424107,104319.11589483074,False,False
214.5,0.005,0.001539054292598372,0.55,1.1827841048624443,8.451647685412667,330.36774851463355,103995.90947043797,4.0,4.134353937906864,12528.598297205817,1.1827841048624443,103995.90947043797,1.1867123795450436,103629.94674698552,False,False
215.0,0.005,0.001539358694690772,0.55,1.1833608784133292,8.449917364760012,330.30051481891826,103996.03637903664,4.0,4.134467391430605,12533.55472883346,1.1833608784133292,103996.03637903664,1.1729554390217538,103746.80541455504,False,False
215.5,0.005,0.001539661802711287,0.55,1.1839376014462106,8.448187195661369,330.2332320113521,103996.14600783975,4.0,4.134565615132319,12538.491063686184,1.1839376014462106,103996.14600783975,1.1886845723308426,104039.92749608318,False,False
216.0,0.005,0.001539963764487139,0.55,1.1845142741521295,8.44645717754361,330.16590677991326,103996.2404598704,4.0,4.134650462877655,12543.409697498977,1.1845142741521295,103996.2404598704,1.1832034076452522,103991.12909306916,False,False
216.5,0.005,0.0015402647098598833,0.55,1.1850908967004863,8.444727309898541,330.0985449983683,103996.32158256277,4.0,4.134723563089868,12548.312734887933,1.1850908967004863,103996.32158256277,1.166781838442011,104081.24215896576,False,False
217.0,0.005,0.00154056475287305,0.55,1.1856674692416742,8.442997592274978,330.0311518252877,103996.39099879832,4.0,4.134786346161278,12553.202024699774,1.1856674692416742,103996.39099879832,1.194950439157359,104321.74554707731,False,False
217.5,0.005,0.0015408639936936928,0.55,1.186243991909392,8.441268024271825,329.9637317910234,103996.45013417398,4.0,4.1348400685285585,12558.07919107002,1.186243991909392,103996.45013417398,1.1801939847813046,103466.88403958312,False,False
218.0,0.005,0.0015411625203002016,0.55,1.1868204648226752,8.439538605531975,329.89628887411413,103996.5002409607,4.0,4.134885833818569,12562.945660710446,1.1868204648226752,103996.5002409607,1.1814814624389396,104288.64596247589,False,False
218.5,0.005,0.0015414604099648862,0.55,1.187396888087681,8.437809335736958,329.8288265684028,103996.54241915424,4.0,4.134924611422615,12567.802686884574,1.187396888087681,103996.54241915424,1.1766993639747843,103999.02699214162,False,False
219.0,0.005,0.001541757730556303,0.55,1.187973261799255,8.436080214602235,329.7613479419965,103996.57763497085,4.0,4.134957252812554,12572.65137047337,1.187973261799255,103996.57763497085,1.1814304290323796,103935.44307663348,False,False
219.5,0.005,0.0015420545416832277,0.55,1.1885495860423079,8.434351241873077,329.6938556890598,103996.60673709815,4.0,4.13498450587344,12577.492678483935,1.1885495860423079,103996.60673709815,1.192828490449257,103555.27216678268,False,False
220.0,0.005,0.001542350895699557,0.55,1.1891258608930246,8.432622417320927,329.62635217531255,103996.63047097396,4.0,4.135007027494408,12582.327460311932,1.1891258608930246,103996.63047097396,1.1872334174836605,104147.54507148702,False,False
220.5,0.005,0.0015426468385870541,0.55,1.1897020864199268,8.43089374074022,329.55883947799765,103996.64949133171,4.0,4.135025394629804,12587.156462030449,1.1897020864199268,103996.64949133171,1.1929887064427516,103272.4171360224,False,False
221.0,0.005,0.001542942410730761,0.55,1.190278262684805,8.429165211945584,329.49131942098956,103996.66437322326,4.0,4.135040114016183,12591.980338944275,1.190278262684805,103996.66437322326,1.1938974812240934,104191.18257659487,False,False
221.5,0.005,0.0015432376476001487,0.55,1.1908543897435382,8.427436830769386,329.42379360563507,103996.67562170343,4.0,4.135051630708967,12596.799666620509,1.1908543897435382,103996.67562170343,1.20406100629882,103549.04387106153,False,False
222.0,0.005,0.001543532580347437,0.55,1.1914304676468137,8.42570859705956,329.3562634378442,103996.68368033899,4.0,4.135060335581808,12601.61495057992,1.1914304676468137,103996.68368033899,1.1880026061381699,104012.72105412422,False,False
222.5,0.005,0.0015438272363331768,0.55,1.1920064964407582,8.423980510677726,329.2887301518866,103996.68893868441,4.0,4.13506657191508,12606.426634811945,1.1920064964407582,103996.68893868441,1.177237918272301,103960.93828748603,False,False
223.0,0.005,0.0015441216395879088,0.55,1.1925824761674935,8.42225257149752,329.2211948312947,103996.69173884986,4.0,4.1350706411838045,12611.235109255675,1.1925824761674935,103996.69173884986,1.2032547003332132,104347.55318303802,False,False
223.5,0.005,0.001544415811217684,0.55,1.1931584068656238,8.420524779403129,329.1536584272235,103996.6923812713,4.0,4.135072808142448,12616.0407163725,1.1931584068656238,103996.6923812713,1.1898435251446513,103943.09583056714,False,False
224.0,0.005,0.0015447097697602443,0.55,1.1937342885706637,8.41879713428801,329.08612177457763,103996.69112978014,4.0,4.135073305291741,12620.84375692031,1.1937342885706637,103996.69112978014,1.2048802130164373,103788.44956143644,False,False
224.5,0.005,0.0015450035314978966,0.55,1.194310121315414,8.417069636053759,329.01858560617615,103996.68821605657,4.0,4.135072336802938,12625.644495026621,1.194310121315414,103996.68821605657,1.1981438924472387,103844.70740726522,False,False
225.0,0.005,0.0015452971107323017,0.55,1.1948859051302918,8.415342284609125,328.95105056519367,103996.68384354212,4.0,4.135070081965004,12630.443162645151,1.1948859051302918,103996.68384354212,1.1935745298282583,104378.54867416852,False,False
225.5,0.005,0.0015455905200258406,0.55,1.1954616400436209,8.413615079869137,328.8835172160872,103996.67819087644,4.0,4.135066698212931,12635.239963471062,1.1954616400436209,103996.67819087644,1.1989493989840838,104157.5672816307,False,False
226.0,0.005,0.0015458837704135867,0.55,1.1960373260818853,8.411888021754343,328.81598605419333,103996.67141491672,4.0,4.135062323787782,12640.03507638017,1.1960373260818853,103996.67141491672,1.2155474516831484,103880.98242045978,False,False
226.5,0.005,0.0015461768715895033,0.55,1.1966129632699538,8.410161110190138,328.74845751415654,103996.6636533898,4.0,4.1350570800736275,12644.828658450524,1.1966129632699538,103996.6636533898,1.2173827685604914,103925.72972740044,False,False
227.0,0.005,0.0015464698320699498,0.55,1.1971885516312755,8.408434345106173,328.6809319773315,103996.65502722186,4.0,4.135051073650084,12649.620847616308,1.1971885516312755,103996.65502722186,1.1978823629826032,103526.50190004622,False,False
227.5,0.005,0.001546762659337292,0.55,1.1977640911880525,8.406707726435842,328.6134097782838,103996.64564258486,4.0,4.13504439809537,12654.41176499925,1.1977640911880525,103996.64564258486,1.1993659971212232,104113.18790284032,False,False
228.0,0.005,0.0015470553599660152,0.55,1.1983395819613916,8.404981254115825,328.54589121049884,103996.63559269405,4.0,4.135037135570018,12659.201516956435,1.1983395819613916,103996.63559269405,1.2091019835360555,103468.6908803854,False,False
228.5,0.005,0.0015473479397334839,0.55,1.198915023971436,8.403254928085692,328.4783765313949,103996.62495938665,4.0,4.135029358207978,12663.99019687911,1.198915023971436,103996.62495938665,1.1904584136437624,104222.16389913729,False,False
229.0,0.005,0.0015476404037171945,0.55,1.199490417237483,8.40152874828755,328.4108659667257,103996.61381450885,4.0,4.135021129338346,12668.77788677247,1.199490417237483,103996.61381450885,1.2028211209636654,104035.20029225622,False,False
229.5,0.005,0.0015479327563802008,0.55,1.2000657617780863,8.399802714665741,328.34335971444636,103996.6022211335,4.0,4.135012504558678,12673.5646586436,1.2000657617780863,103996.6022211335,1.1998071332985478,104712.68776100567,False,False
230.0,0.005,0.001548225001646103,0.55,1.2006410576111453,8.398076827166564,328.27585794810767,103996.59023462985,4.0,4.135003532677373,12678.350575720066,1.2006410576111453,103996.59023462985,1.2037801397257208,103666.54956851256,False,False
230.5,0.005,0.0015485171429649074,0.55,1.2012163047539843,8.396351085738047,328.2083608198369,103996.57790360315,4.0,4.134994256541484,12683.135693520388,1.2012163047539843,103996.57790360315,1.1928826166944904,103965.77927629095,False,False
231.0,0.005,0.0015488091833708608,0.55,1.2017915032234225,8.394625490329732,328.14086846295504,103996.56527071961,4.0,4.13498471376378,12687.920060794244,1.2017915032234225,103996.56527071961,1.185895828290333,104536.05158099653,False,False
231.5,0.005,0.0015491011255332292,0.55,1.2023666530358337,8.3929000408925,328.07338099427443,103996.55237343092,4.0,4.134974937361232,12692.703720348121,1.2023666530358337,103996.55237343092,1.1816368186759207,104353.96926551835,False,False
232.0,0.005,0.0015493929718008708,0.55,1.2029417542072003,8.3911747373784,328.00589851611664,103996.53924461061,4.0,4.1349649563155815,12697.486709770224,1.2029417542072003,103996.53924461061,1.1917679130773042,103787.67562913665,False,False
232.5,0.005,0.001549684724241389,0.55,1.20351680675316,8.38944957974052,327.93842111808374,103996.52591311296,4.0,4.134954796065844,12702.269062067353,1.20351680675316,103996.52591311296,1.1989300539037668,104063.71614162499,False,False
233.0,0.005,0.0015499763846755087,0.55,1.2040918106890475,8.387724567932857,327.8709488786133,103996.51240426328,4.0,4.13494447894079,12707.050806224182,1.2040918106890475,103996.51240426328,1.20115989482256,103997.1122111878,False,False
233.5,0.005,0.0015502679547072273,0.55,1.2046667660299295,8.385999701910212,327.80348186634416,103996.49874028924,4.0,4.13493402453836,12711.831967693905,1.2046667660299295,103996.49874028924,1.2240390776542247,104081.08550050748,False,False
234.0,0.005,0.0015505594357503316,0.55,1.2052416727906379,8.384274981628087,327.73602014131444,103996.48494069895,4.0,4.134923450059404,12716.61256882981,1.2052416727906379,103996.48494069895,1.2163016064897108,103786.88080990351,False,False
234.5,0.005,0.0015508508290516423,0.55,1.205816530985796,8.382550407042611,327.6685637560143,103996.47102261314,4.0,4.134912770600281,12721.392629263686,1.205816530985796,103996.47102261314,,103969.67490180292,True,False
235.0,0.005,0.0015511421357114281,0.55,1.206391340629844,8.380825978110469,327.60111275630936,103996.4570010569,4.0,4.134901999409916,12726.172166238202,1.206391340629844,103996.4570010569,1.2098684251543537,103517.04128847389,False,False
235.5,0.005,0.001551433356701333,0.55,1.2069661017370605,8.379101694788819,327.5336671822516,103996.44288921579,4.0,4.134891148115529,12730.951194898855,1.2069661017370605,103996.44288921579,1.2028953193735572,104036.97992477621,False,False
236.0,0.005,0.0015517244928801104,0.55,1.2075408143215804,8.37737755703526,327.46622706879117,103996.42869866066,4.0,4.1348802269208536,12735.729728550268,1.2075408143215804,103996.42869866066,1.2046971759411795,104131.4349006872,False,False
236.5,0.005,0.0015520155450074332,0.55,1.2081154783974126,8.375653564807763,327.3987924464011,103996.41443954506,4.0,4.134869244780084,12740.50777888116,1.2081154783974126,103996.41443954506,1.2099687348915664,103928.18861575189,False,False
237.0,0.005,0.001552306513756016,0.55,1.2086900939784533,8.373929718064641,327.3313633416258,103996.40012077853,4.0,4.134858209550645,12745.285356161881,1.2086900939784533,103996.40012077853,1.2148818051482073,103511.8848536031,False,False
237.5,0.005,0.0015525973997222576,0.55,1.2092646610784996,8.372206016764501,327.26393977756214,103996.38575017876,4.0,4.134847128127304,12750.062469417866,1.2092646610784996,103996.38575017876,1.2058720762396595,104292.9453090342,False,False
238.0,0.005,0.001552888203435578,0.55,1.2098391797112604,8.370482460866219,327.1965217742822,103996.3713346051,4.0,4.134836006559879,12754.839126581826,1.2098391797112604,103996.3713346051,1.220477695038604,104105.72884600294,False,False
238.5,0.005,0.0015531789253666176,0.55,1.210413649890366,8.368759050328903,327.1291093492039,103996.35688007595,4.0,4.134824850156606,12759.615334627439,1.210413649890366,103996.35688007595,1.1989942676289418,103778.55235076566,False,False
239.0,0.005,0.0015534695659344378,0.55,1.2109880716293768,8.36703578511187,327.0617025174164,103996.34239187157,4.0,4.13481366357495,12764.391099686769,1.2109880716293768,103996.34239187157,1.2110514622529995,103912.16225782015,False,False
239.5,0.005,0.0015537601255128282,0.55,1.2115624449417914,8.365312665174626,326.9943012919658,103996.32787462449,4.0,4.134802450901137,12769.16642715313,1.2115624449417914,103996.32787462449,1.2375391822077497,103546.12705378994,False,False
240.0,0.005,0.0015540506044358555,0.55,1.2121367698410521,8.363589690476843,326.92690568410575,103996.31333239874,4.0,4.134791215720177,12773.94132177162,1.2121367698410521,103996.31333239874,1.2143675672673049,103688.69029406537,False,False
240.5,0.005,0.0015543410030027204,0.55,1.2127110463405517,8.361866860978346,326.85951570351716,103996.29876875953,4.0,4.13477996117713,12778.715787718354,1.2127110463405517,103996.29876875953,1.2270431914066133,103834.95536485239,False,False
241.0,0.005,0.0015546313214820303,0.55,1.213285274453638,8.360144176639086,326.79213135850165,103996.28418683432,4.0,4.134768690031039,12783.489828670221,1.213285274453638,103996.28418683432,1.21420047623537,104364.81043051837,False,False
241.5,0.005,0.0015549215601155459,0.55,1.2138594541936187,8.358421637419145,326.72475265615054,103996.26958936648,4.0,4.1347574047022,12788.263447865984,1.2138594541936187,103996.26958936648,1.2196672251469167,103804.41857210023,False,False
242.0,0.005,0.0015552117191214659,0.55,1.2144335855737651,8.356699243278705,326.65737960249373,103996.25497876234,4.0,4.13474610731366,12793.036648159969,1.2144335855737651,103996.25497876234,1.2138657536298383,104188.31907656098,False,False
242.5,0.005,0.0015555017986973146,0.55,1.2150076686073157,8.354976994178053,326.5900122026299,103996.24035713247,4.0,4.134734799727668,12797.809432069183,1.2150076686073157,103996.24035713247,1.2133035927956737,103834.745496274,False,False
243.0,0.005,0.0015557917990224681,0.55,1.2155817033074785,8.353254890077565,326.52265046084113,103996.22572632787,4.0,4.134723483577566,12802.581801814571,1.2155817033074785,103996.22572632787,1.2077868793402242,104070.60999458344,False,False
243.5,0.005,0.0015560817202603747,0.55,1.216155689687435,8.351532930937694,326.4552943806932,103996.2110879721,4.0,4.1347121602958525,12807.353759357284,1.216155689687435,103996.2110879721,1.2204587032770107,103953.79243732896,False,False
244.0,0.005,0.0015563715625605183,0.55,1.2167296277603417,8.349811116718975,326.3879439651237,103996.19644348872,4.0,4.134700831138988,12812.125306430777,1.2167296277603417,103996.19644348872,1.208214255868484,104258.11342351654,False,False
244.5,0.005,0.0015566613260601036,0.55,1.2173035175393316,8.348089447382005,326.3205992165194,103996.1817941262,4.0,4.134689497208685,12816.896444568329,1.2173035175393316,103996.1817941262,1.223959369902466,103835.73839266063,False,False
245.0,0.005,0.0015569510108855776,0.55,1.2178773590375174,8.346367922887449,326.2532601367838,103996.16714097919,4.0,4.134678159471141,12821.667175127915,1.2178773590375174,103996.16714097919,1.2287302290819764,103524.40866597845,False,False
245.5,0.005,0.0015572406171539337,0.55,1.2184511522679917,8.344646543196024,326.18592672739703,103996.15248500761,4.0,4.134666818773528,12826.437499313528,1.2184511522679917,103996.15248500761,1.222116466340364,103581.56777559852,False,False
246.0,0.005,0.0015575301449738792,0.55,1.2190248972438293,8.342925308268512,326.11859898946767,103996.13782705276,4.0,4.134655475858745,12831.207418194259,1.2190248972438293,103996.13782705276,1.2161624099082724,103836.57457886994,False,False
246.5,0.005,0.001557819594446821,0.55,1.2195985939780882,8.341204218065736,326.05127692377874,103996.1231678525,4.0,4.134644131377898,12835.976932720434,1.2195985939780882,103996.1231678525,1.2241382497711752,103621.40517664907,False,False
247.0,0.005,0.0015581089656677943,0.55,1.2201722424838102,8.33948327254857,325.98396053082774,103996.10850805332,4.0,4.134632785902027,12840.746043738782,1.2201722424838102,103996.10850805332,1.2170855119283461,104119.1721127572,False,False
247.5,0.005,0.0015583982587262042,0.55,1.2207458427740225,8.337762471677932,325.916649810862,103996.09384822205,4.0,4.134621439931505,12845.514752004574,1.2207458427740225,103996.09384822205,1.230101314028674,103856.36339876463,False,False
248.0,0.005,0.001558687473706535,0.55,1.221319394861738,8.336041815414786,325.84934476390947,103996.0791888554,4.0,4.134610093905002,12850.28305819324,1.221319394861738,103996.0791888554,1.2030053340195868,104708.46115386332,False,False
248.5,0.005,0.001558976610688939,0.55,1.2218928987599564,8.334321303720131,325.782045389806,103996.0645303886,4.0,4.1345987482069555,12855.050962909996,1.2218928987599564,103996.0645303886,1.21853682507877,103474.75015184746,False,False
249.0,0.005,0.0015592656697497656,0.55,1.2224663544816647,8.332600936555005,325.7147516882189,103996.04987320302,4.0,4.13458740317423,12859.818466698494,1.2224663544816647,103996.04987320302,1.2025582345304247,104057.13982681597,False,False
249.5,0.005,0.0015595546509620218,0.55,1.2230397620398377,8.330880713880486,325.6474636586679,103996.03521763279,4.0,4.134576059101992,12864.585570048386,1.2230397620398377,103996.03521763279,1.2080891537375655,103657.64931058108,False,False
250.0,0.005,0.0015598435543957804,0.55,1.2236131214474384,8.329160635657685,325.5801813005435,103996.02056397048,4.0,4.134564716248838,12869.352273401973,1.2236131214474384,103996.02056397048,1.2372517437455774,103848.00016185567,False,False
250.5,0.005,0.001560132380118528,0.55,1.2241864327174186,8.327440701847745,325.5129046131228,103996.00591247235,4.0,4.1345533748412375,12874.118577159945,1.2241864327174186,103996.00591247235,1.2331382825371353,104038.43175447451,False,False
251.0,0.005,0.0015604211281954826,0.55,1.2247596958627194,8.325720912411843,325.44563359558407,103995.99126336287,4.0,4.134542035077528,12878.884481686544,1.2247596958627194,103995.99126336287,1.2175648935298715,,False,True
251.5,0.005,0.0015607097986898729,0.55,1.2253329108962712,8.324001267311186,325.37836824701833,103995.97661683841,4.0,4.134530697131462,12883.649987314155,1.2253329108962712,103995.97661683841,1.2103078763358621,104067.02445187482,False,False
252.0,0.005,0.0015609983916631605,0.55,1.225906077830994,8.322281766507018,325.3111085664408,103995.96197307082,4.0,4.134519361155032,12888.415094346965,1.225906077830994,103995.96197307082,1.1962607894525776,104566.83421175307,False,False
252.5,0.005,0.001561286907175262,0.55,1.226479196679798,8.320562409960605,325.24385455280014,103995.94733221053,4.0,4.13450802728127,12893.179803064566,1.226479196679798,103995.94733221053,1.2210442416004716,103859.91584269995,False,False
253.0,0.005,0.001561575345284735,0.55,1.227052267455584,8.318843197633248,325.17660620498685,103995.93269438906,4.0,4.134496695626616,12897.94411372503,1.227052267455584,103995.93269438906,1.251256417578058,104073.87505143072,False,False
253.5,0.005,0.0015618637060489332,0.55,1.2276252901712426,8.317124129486272,325.1093635218404,103995.9180597214,4.0,4.134485366292884,12902.708026567449,1.2276252901712426,103995.9180597214,1.231974132885879,104303.39456765902,False,False
254.0,0.005,0.0015621519895241526,0.55,1.2281982648396552,8.315405205481035,325.04212650215584,103995.90342830803,4.0,4.13447403936909,12907.471541814306,1.2281982648396552,103995.90342830803,1.2226025419791604,103946.71737829993,False,False
254.5,0.005,0.0015624401957657515,0.55,1.2287711914736943,8.313686425578917,324.9748951446893,103995.88880023677,4.0,4.134462714933026,12912.23465967349,1.2287711914736943,103995.88880023677,1.2334219935686974,103821.60074367734,False,False
255.0,0.005,0.0015627283248282682,0.55,1.2293440700862228,8.311967789741331,324.90766944816295,103995.87417558425,4.0,4.134451393052694,12916.997380340175,1.2293440700862228,103995.87417558425,1.2137344865562785,103313.15325446772,False,False
255.5,0.005,0.001563016376765504,0.55,1.2299169006900952,8.310249297929715,324.8404494112692,103995.85955441729,4.0,4.134440073787404,12921.759703998217,1.2299169006900952,103995.85955441729,1.2269436670631189,104188.15677023577,False,False
256.0,0.005,0.001563304351630615,0.55,1.2304896832981567,8.30853095010553,324.7732350326748,103995.84493679427,4.0,4.13442875718891,12926.521630821644,1.2304896832981567,103995.84493679427,1.231484458028314,103961.89441387559,False,False
256.5,0.005,0.0015635922494761912,0.55,1.231062417923244,8.306812746230268,324.7060263110236,103995.83032276592,4.0,4.134417443302419,12931.283160975947,1.231062417923244,103995.83032276592,1.2302014114050335,103692.02516734946,False,False
257.0,0.005,0.0015638800703543043,0.55,1.2316351045781848,8.305094686265445,324.63882324494,103995.81571237644,4.0,4.134406132167217,12936.044294618889,1.2316351045781848,103995.81571237644,1.2395431657950857,104033.79472545975,False,False
257.5,0.005,0.0015641678143165788,0.55,1.2322077432757987,8.303376770172605,324.57162583303125,103995.80110566426,4.0,4.134394823817534,12940.805031901633,1.2322077432757987,103995.80110566426,1.2356541955381593,103820.6969986224,False,False
258.0,0.005,0.0015644554814142355,0.55,1.2327803340288963,8.30165899791331,324.5044340738897,103995.78650266276,4.0,4.134383518283137,12945.565372969504,1.2327803340288963,103995.78650266276,1.2394635942099763,103837.2586633281,False,False
258.5,0.005,0.0015647430716981383,0.55,1.23335287685028,8.29994136944916,324.43724796609473,103995.7719034009,4.0,4.134372215589887,12950.325317962706,1.23335287685028,103995.7719034009,1.2264691540279724,104177.65925023351,False,False
259.0,0.005,0.0015650305852188307,0.55,1.2339253717527434,8.29822388474177,324.3700675082146,103995.75730790368,4.0,4.134360915760234,12955.084867016965,1.2339253717527434,103995.75730790368,1.2429035258368488,103594.24258450653,False,False
259.5,0.005,0.0015653180220265627,0.55,1.2344978187490723,8.296506543752784,324.30289269880785,103995.74271619279,4.0,4.134349618813527,12959.844020263932,1.2344978187490723,103995.74271619279,1.250787188225312,104309.93730201492,False,False
260.0,0.005,0.0015656053821713346,0.55,1.2350702178520436,8.294789346443869,324.23572353642453,103995.72812828685,4.0,4.134338324766596,12964.602777831931,1.2350702178520436,103995.72812828685,1.2253687226555294,103576.42227935133,False,False
260.5,0.005,0.0015658926657029074,0.55,1.2356425690744264,8.29307229277672,324.1685600196076,103995.7135442019,4.0,4.134327033633871,12969.361139846116,1.2356425690744264,103995.7135442019,1.2267656125172808,103796.90312169533,False,False
261.0,0.005,0.0015661798726708358,0.55,1.2362148724289812,8.291355382713057,324.1014021468937,103995.69896395171,4.0,4.134315745427797,12974.11910642901,1.2362148724289812,103995.69896395171,1.2495727157921834,104572.58282217168,False,False
261.5,0.005,0.0015664670031244842,0.55,1.2367871279284604,8.289638616214619,324.0342499168142,103995.68438754801,4.0,4.1343044601590435,12978.876677700771,1.2367871279284604,103995.68438754801,1.2348736880615097,104333.89081604074,False,False
262.0,0.005,0.001566754057113044,0.55,1.237359335585608,8.287921993243176,323.9671033278958,103995.66981500076,4.0,4.134293177836724,12983.633853779478,1.237359335585608,103995.66981500076,1.2513975495062737,104024.95101274938,False,False
262.5,0.005,0.0015670410346855469,0.55,1.2379314954131604,8.28620551376052,323.89996237866154,103995.65524631839,4.0,4.134281898468566,12988.39063478135,1.2379314954131604,103995.65524631839,1.2335061382942385,103713.49618166803,False,False
263.0,0.005,0.001567327935890883,0.55,1.2385036074238451,8.284489177728464,323.832827067631,103995.640681508,4.0,4.134270622061128,12993.147020821028,1.2385036074238451,103995.640681508,1.2530540631865523,103836.85898949803,False,False
263.5,0.005,0.0015676147607778092,0.55,1.2390756716303821,8.282772985108853,323.76569739332103,103995.62612057543,4.0,4.134259348619917,12997.90301201173,1.2390756716303821,103995.62612057543,1.2403905297984366,104017.60871495113,False,False
264.0,0.005,0.001567901509394957,0.55,1.239647688045483,8.281056935863552,323.69857335424626,103995.61156352557,4.0,4.134248078149488,13002.658608465368,1.239647688045483,103995.61156352557,1.24222997627871,104006.86853322745,False,False
264.5,0.005,0.0015681881817908492,0.55,1.240219656681851,8.279341029954447,323.63145494891944,103995.59701036238,4.0,4.134236810653648,13007.41381029283,1.240219656681851,103995.59701036238,1.2558668368985502,103968.3357314746,False,False
265.0,0.005,0.0015684747780139012,0.55,1.240791577552182,8.277625267343453,323.5643421758517,103995.58246108901,4.0,4.134225546135486,13012.168617603998,1.240791577552182,103995.58246108901,1.2371738727777404,103986.33270686376,False,False
265.5,0.005,0.0015687612981124303,0.55,1.2413634506691633,8.27590964799251,323.497235033553,103995.56791570787,4.0,4.1342142845974585,13016.923030507882,1.2413634506691633,103995.56791570787,1.2319522297099137,103931.25538279634,False,False
266.0,0.005,0.001569047742134658,0.55,1.2419352760454743,8.274194171863577,323.4301335205323,103995.55337422086,4.0,4.134203026041461,13021.677049112688,1.2419352760454743,103995.55337422086,1.2374496339651908,103562.95975352886,False,False
266.5,0.005,0.001569334110128726,0.55,1.2425070536937861,8.27247883891864,323.3630376352978,103995.53883662923,4.0,4.134191770468991,13026.430673526052,1.2425070536937861,103995.53883662923,1.2470303932002176,103840.58561398098,False,False
267.0,0.005,0.001569620402142684,0.55,1.2430787836267623,8.270763649119713,323.2959473763573,103995.52430293385,4.0,4.134180517881033,13031.183903854868,1.2430787836267623,103995.52430293385,1.2274211929049572,104269.9115191299,False,False
267.5,0.005,0.0015699066182245118,0.55,1.2436504658570582,8.269048602428825,323.22886274221815,103995.50977313519,4.0,4.134169268278285,13035.936740205603,1.2436504658570582,103995.50977313519,1.2500251748835693,103585.00948386986,False,False
268.0,0.005,0.0015701927584221133,0.55,1.244222100397321,8.267333698808038,323.1617837313876,103995.49524723318,4.0,4.134158021661144,13040.689182684266,1.244222100397321,103995.49524723318,1.2388343872211436,103938.6285937714,False,False
268.5,0.005,0.0015704788227833104,0.55,1.2447936872601906,8.26561893821943,323.09471034237276,103995.48072522772,4.0,4.134146778029579,13045.44123139624,1.2447936872601906,103995.48072522772,1.2562718138675262,103749.55454659647,False,False
269.0,0.005,0.0015707648113558736,0.55,1.245365226458298,8.263904320625105,323.027642573681,103995.46620711827,4.0,4.134135537383533,13050.192886446823,1.245365226458298,103995.46620711827,1.2214226234092933,104028.8713359377,False,False
269.5,0.005,0.0015710507241874958,0.55,1.2459367180042666,8.2621898459872,322.9605804238197,103995.451692904,4.0,4.134124299722605,13054.944147940785,1.2459367180042666,103995.451692904,1.238071060253225,103878.86173858395,False,False
270.0,0.005,0.0015713365613258053,0.55,1.2465081619107123,8.260475514267863,322.8935238912966,103995.43718258398,4.0,4.134113065046186,13059.695015982574,1.2465081619107123,103995.43718258398,1.2296434803983713,104438.65528207638,False,False
270.5,0.005,0.001571622322818373,0.55,1.2470795581902425,8.258761325429273,322.8264729746198,103995.42267615708,4.0,4.134101833353583,13064.445490676451,1.2470795581902425,103995.42267615708,1.238817263526603,104147.39762241415,False,False
271.0,0.005,0.001571908008712708,0.55,1.247650906855457,8.257047279433628,322.7594276722978,103995.40817362197,4.0,4.134090604643938,13069.195572126413,1.247650906855457,103995.40817362197,1.2501275658665465,103601.86722388881,False,False
271.5,0.005,0.0015721936190562595,0.55,1.2482222079189478,8.255333376243158,322.6923879828397,103995.39367497712,4.0,4.134079378916253,13073.945260436196,1.2482222079189478,103995.39367497712,1.2464299416644502,104196.76207846124,False,False
272.0,0.005,0.0015724791538964148,0.55,1.2487934613932983,8.253619615820105,322.625353904755,103995.3791802211,4.0,4.134068156169367,13078.69455570927,1.2487934613932983,103995.3791802211,1.2462596857038182,103762.98362334249,False,False
272.5,0.005,0.0015727646132805166,0.55,1.2493646672910848,8.251905998126745,322.5583254365539,103995.3646893521,4.0,4.1340569364021915,13083.443458049123,1.2493646672910848,103995.3646893521,1.247772818577284,103822.26577793885,False,False
273.0,0.005,0.0015730499972558373,0.55,1.2499358256248754,8.250192523125374,322.4913025767472,103995.35020236837,4.0,4.134045719613353,13088.191967558818,1.2499358256248754,103995.35020236837,1.2519697080310748,104089.49590840051,False,False
273.5,0.005,0.0015733353058696024,0.55,1.2505069364072305,8.248479190778308,322.42428532384645,103995.33571926809,4.0,4.134034505801513,13092.940084341391,1.2505069364072305,103995.33571926809,1.2404215759877995,103847.81149334904,False,False
274.0,0.005,0.001573620539168986,0.55,1.2510779996507024,8.246766001047892,322.3572736763638,103995.3212400493,4.0,4.134023294965299,13097.687808499777,1.2510779996507024,103995.3212400493,1.2581464960596929,104263.17798494619,False,False
274.5,0.005,0.0015739056972011042,0.55,1.2516490153678357,8.245052953896494,322.2902676328122,103995.30676470998,4.0,4.134012087103225,13102.43514013669,1.2516490153678357,103995.30676470998,1.2582756750716906,103762.95374625597,False,False
275.0,0.005,0.0015741907800130182,0.55,1.252219983571167,8.243340049286498,322.2232671917053,103995.29229324816,4.0,4.134000882213728,13107.18207935468,1.252219983571167,103995.29229324816,1.256070362947728,103809.60832747075,False,False
275.5,0.005,0.001574475787651747,0.55,1.252790904273225,8.241627287180325,322.1562723515576,103995.27782566164,4.0,4.133989680295322,13111.928626256335,1.252790904273225,103995.27782566164,1.2583562387007377,103798.36655759721,False,False
276.0,0.005,0.0015747607201642454,0.55,1.253361777486531,8.239914667540408,322.0892831108845,103995.26336194837,4.0,4.133978481346332,13116.674780943931,1.253361777486531,103995.26336194837,1.2563259574946177,103825.57173744186,False,False
276.5,0.005,0.0015750455775974277,0.55,1.2539326032235982,8.238202190329204,322.0222994682019,103995.24890210616,4.0,4.13396728536518,13121.420543519807,1.2539326032235982,103995.24890210616,1.274283336250909,104325.00636877051,False,False
277.0,0.005,0.0015753303599981533,0.55,1.254503381496932,8.236489855509204,321.95532142202677,103995.23444613274,4.0,4.133956092350213,13126.165914086137,1.254503381496932,103995.23444613274,1.253632439786407,104183.87333421584,False,False
277.5,0.005,0.0015756150674132263,0.55,1.2550741123190297,8.23477766304291,321.8883489708769,103995.21999402597,4.0,4.133944902299687,13130.910892744912,1.2550741123190297,103995.21999402597,1.252003280135684,104508.2031802296,False,False
278.0,0.005,0.0015758996998894111,0.55,1.2556447957023815,8.233065612892855,321.82138211327094,103995.20554578357,4.0,4.1339337152119695,13135.655479598203,1.2556447957023815,103995.20554578357,1.2481095198988077,104675.49880695334,False,False
278.5,0.005,0.001576184257473415,0.55,1.2562154316594694,8.231353705021592,321.7544208477283,103995.19110140325,4.0,4.133922531085316,13140.399674747876,1.2562154316594694,103995.19110140325,1.245892804953691,103685.97599182355,False,False
279.0,0.005,0.001576468740211898,0.55,1.2567860202027674,8.229641939391698,321.6874651727693,103995.17666088273,4.0,4.1339113499179945,13145.143478295737,1.2567860202027674,103995.17666088273,1.2443413023267567,104016.30239908092,False,False
279.5,0.005,0.0015767531481514696,0.55,1.2573565613447422,8.227930315965773,321.6205150869152,103995.16222421973,4.0,4.133900171708247,13149.886890343507,1.2573565613447422,103995.16222421973,1.248468588212433,103642.30212922671,False,False
280.0,0.005,0.0015770374813386934,0.55,1.2579270550978523,8.226218834706444,321.55357058868805,103995.14779141189,4.0,4.133888996454344,13154.629910992866,1.2579270550978523,103995.14779141189,1.2572202512813315,103761.8660130874,False,False
280.5,0.005,0.0015773217398200785,0.55,1.258497501474549,8.224507495576354,321.4866316766108,103995.13336245692,4.0,4.133877824154468,13159.37254034533,1.258497501474549,103995.13336245692,1.2618404527595262,103806.10860938023,False,False
281.0,0.005,0.0015776059236420927,0.55,1.2590679004872753,8.222796298538174,321.41969834920735,103995.11893735248,4.0,4.133866654806891,13164.11477850245,1.2590679004872753,103995.11893735248,1.259579321072797,103677.972475111,False,False
281.5,0.005,0.0015778900328511497,0.55,1.2596382521484668,8.2210852435546,321.35277060500243,103995.10451609622,4.0,4.133855488409808,13168.856625565628,1.2596382521484668,103995.10451609622,1.2519828993741697,103679.5383342267,False,False
282.0,0.005,0.001578174067493617,0.55,1.2602085564705512,8.219374330588346,321.28584844252174,103995.09009868579,4.0,4.133844324961432,13173.598081636215,1.2602085564705512,103995.09009868579,1.2692104021107509,103951.80478512972,False,False
282.5,0.005,0.0015784580276158129,0.55,1.2607788134659486,8.217663559602155,321.2189318602918,103995.07568511882,4.0,4.13383316445996,13178.33914681548,1.2607788134659486,103995.07568511882,1.268172940188958,103630.0601596029,False,False
283.0,0.005,0.0015787419132640083,0.55,1.2613490231470712,8.215952930558785,321.15202085683995,103995.06127539302,4.0,4.133822006903593,13183.079821204632,1.2613490231470712,103995.06127539302,1.259752540072851,104247.6993631343,False,False
283.5,0.005,0.0015790257244844297,0.55,1.2619191855263239,8.214242443421028,321.08511543069466,103995.04686950591,4.0,4.133810852290573,13187.820104904871,1.2619191855263239,103995.04686950591,1.2553900240796767,103719.72080828066,False,False
284.0,0.005,0.0015793094613232458,0.55,1.2624893006161033,8.21253209815169,321.0182155803852,103995.03246745521,4.0,4.133799700619011,13192.559998017161,1.2624893006161033,103995.03246745521,1.2679735798244014,104837.90315848413,False,False
284.5,0.005,0.0015795931238265885,0.55,1.263059368428799,8.210821894713604,320.9513213044416,103995.01806923855,4.0,4.133788551887161,13197.299500642588,1.263059368428799,103995.01806923855,1.26493910430366,103859.60273394923,False,False
285.0,0.005,0.0015798767120405379,0.55,1.2636293889767922,8.209111833069624,320.88443260139496,103995.00367485355,4.0,4.133777406093209,13202.038612882088,1.2636293889767922,103995.00367485355,1.2491481163826417,104016.60896742866,False,False
285.5,0.005,0.001580160226011126,0.55,1.264199362272457,8.207401913182629,320.8175494697773,103994.98928429784,4.0,4.133766263235346,13206.777334836532,1.264199362272457,103994.98928429784,1.263519559712613,103606.38692895803,False,False
286.0,0.005,0.0015804436657843378,0.55,1.2647692883281596,8.205692135015521,320.75067190812143,103994.97489756905,4.0,4.133755123311757,13211.515666606727,1.2647692883281596,103994.97489756905,1.2673896464489034,104506.80242500734,False,False
286.5,0.005,0.0015807270314061098,0.55,1.2653391671562586,8.203982498531225,320.6837999149611,103994.9605146648,4.0,4.133743986320621,13216.253608293404,1.2653391671562586,103994.9605146648,1.2563422192913811,104330.81071890568,False,False
287.0,0.005,0.001581010322922334,0.55,1.2659089987691048,8.202273003692685,320.6169334888311,103994.94613558274,4.0,4.133732852260133,13220.991159997258,1.2659089987691048,103994.94613558274,1.2678074326974793,104084.02089680357,False,False
287.5,0.005,0.0015812935403788538,0.55,1.2664787831790416,8.200563650462875,320.55007262826683,103994.93176032048,4.0,4.133721721128494,13225.728321818917,1.2664787831790416,103994.93176032048,1.2519305583264637,103590.89099568661,False,False
288.0,0.005,0.0015815766838214653,0.55,1.2670485203984048,8.198854438804785,320.4832173318049,103994.91738887566,4.0,4.13371059292388,13230.465093858922,1.2670485203984048,103994.91738887566,1.2804103813985264,104058.11745219305,False,False
288.5,0.005,0.0015818597532959175,0.55,1.2676182104395222,8.197145368681433,320.4163675979826,103994.90302124593,4.0,4.133699467644479,13235.20147621776,1.2676182104395222,103994.90302124593,1.2800977102901165,103658.47370744076,False,False
289.0,0.005,0.0015821427488479148,0.55,1.2681878533147142,8.195436440055857,320.34952342533836,103994.88865742888,4.0,4.133688345288499,13239.937468995888,1.2681878533147142,103994.88865742888,1.2656626799716846,104433.59523647088,False,False
289.5,0.005,0.0015824256705231098,0.55,1.2687574490362936,8.19372765289112,320.28268481241133,103994.87429742218,4.0,4.133677225854096,13244.67307229362,1.2687574490362936,103994.87429742218,1.2723919924146843,104237.63271697813,False,False
290.0,0.005,0.0015827085183671148,0.55,1.2693269976165658,8.192019007150304,320.2158517577416,103994.85994122346,4.0,4.133666109339501,13249.408286211317,1.2693269976165658,103994.85994122346,1.245227777958567,104023.49165276978,False,False
290.5,0.005,0.0015829912924254911,0.55,1.269896499067828,8.190310502796516,320.14902425987015,103994.84558883037,4.0,4.13365499574289,13254.143110849196,1.269896499067828,103994.84558883037,1.2583330224651748,103263.93288985618,False,False
291.0,0.005,0.0015832739927437557,0.55,1.2704659534023708,8.188602139792888,320.0822023173389,103994.83124024051,4.0,4.133643885062474,13258.877546307456,1.2704659534023708,103994.83124024051,1.2675281642008496,103699.8064466428,False,False
291.5,0.005,0.0015835566193673758,0.55,1.2710353606324762,8.186893918102571,320.0153859286907,103994.81689545159,4.0,4.133632777296417,13263.611592686182,1.2710353606324762,103994.81689545159,1.2603140304182077,104201.14523493155,False,False
292.0,0.005,0.001583839172341778,0.55,1.2716047207704193,8.185185837688742,319.94857509246924,103994.80255446117,4.0,4.1336216724429615,13268.34525008549,1.2716047207704193,103994.80255446117,1.2787486855967258,104358.66766197812,False,False
292.5,0.005,0.0015841216517123353,0.55,1.2721740338284673,8.183477898514598,319.8817698072191,103994.78821726695,4.0,4.133610570500263,13273.078518605314,1.2721740338284673,103994.78821726695,,104327.53916071459,True,False
293.0,0.005,0.0015844040575243802,0.55,1.27274329981888,8.18177010054336,319.8149700714858,103994.7738838665,4.0,4.133599471466542,13277.811398345622,1.27274329981888,103994.7738838665,1.260977152624587,103517.16998319406,False,False
293.5,0.005,0.0015846863898231931,0.55,1.2733125187539094,8.180062443738272,319.7481758838158,103994.75955425756,4.0,4.133588375339951,13282.543889406226,1.2733125187539094,103994.75955425756,1.2649378847130575,104085.22524630143,False,False
294.0,0.005,0.0015849686486540176,0.55,1.2738816906458004,8.1783549280626,319.68138724275644,103994.74522843778,4.0,4.133577282118767,13287.275991887032,1.2738816906458004,103994.74522843778,1.2762361743288997,104299.39979338266,False,False
294.5,0.005,0.0015852508340620454,0.55,1.27445081550679,8.17664755347963,319.61460414685587,103994.7309064048,4.0,4.13356619180119,13292.007705887787,1.27445081550679,103994.7309064048,1.2905619769917862,103497.23023673013,False,False
295.0,0.005,0.0015855329460924216,0.55,1.275019893349108,8.174940319952675,319.54782659466315,103994.7165881562,4.0,4.133555104385417,13296.73903150817,1.275019893349108,103994.7165881562,1.2627961502237088,103992.34523354423,False,False
295.5,0.005,0.001585814984790242,0.55,1.2755889241849763,8.17323322744507,319.4810545847283,103994.70227368969,4.0,4.13354401986959,13301.469968847732,1.2755889241849763,103994.70227368969,1.2780792854080456,104076.85499318223,False,False
296.0,0.005,0.0015860969502005644,0.55,1.2761579080266094,8.171526275920172,319.41428811560235,103994.68796300294,4.0,4.133532938251977,13306.200518006115,1.2761579080266094,103994.68796300294,1.2943708965347405,103904.45858754893,False,False
296.5,0.005,0.0015863788423683977,0.55,1.2767268448862148,8.169819465341355,319.34752718583695,103994.67365609364,4.0,4.133521859530785,13310.930679082827,1.2767268448862148,103994.67365609364,1.260209253404422,103439.02509947328,False,False
297.0,0.005,0.0015866606613387057,0.55,1.2772957347759917,8.168112795672025,319.28077179398485,103994.65935295937,4.0,4.1335107837042475,13315.660452177342,1.2772957347759917,103994.65935295937,1.2644850427075334,103896.94991993725,False,False
297.5,0.005,0.0015869424071564013,0.55,1.2778645777081323,8.166406266875603,319.2140219385996,103994.64505359787,4.0,4.133499710770517,13320.389837388973,1.2778645777081323,103994.64505359787,1.273628511643524,103896.45342452136,False,False
298.0,0.005,0.0015872240798663602,0.55,1.2784333736948212,8.164699878915537,319.1472776182357,103994.63075800677,4.0,4.133488640727871,13325.118834817127,1.2784333736948212,103994.63075800677,1.2732274895662672,103950.20903664244,False,False
298.5,0.005,0.0015875056795134062,0.55,1.2790021227482358,8.162993631755292,319.08053883144845,103994.61646618374,4.0,4.133477573574496,13329.847444561034,1.2790021227482358,103994.61646618374,1.2871281356257722,103825.57503855621,False,False
299.0,0.005,0.0015877872061423196,0.55,1.2795708248805453,8.161287525358365,319.01380557679414,103994.60217812646,4.0,4.133466509308613,13334.575666719904,1.2795708248805453,103994.60217812646,1.2819874220787537,103861.69853215401,False,False
299.5,0.005,0.0015880686597978355,0.55,1.2801394801039123,8.159581559688263,318.9470778528299,103994.58789383262,4.0,4.133455447928443,13339.303501392884,1.2801394801039123,103994.58789383262,1.262389859507491,103982.67600912853,False,False
300.0,0.005,0.0015883500405246451,0.55,1.2807080884304916,8.157875734708526,318.8803556581138,103994.57361329987,4.0,4.133444389432229,13344.030948679094,1.2807080884304916,103994.57361329987,1.2858621924594997,104127.30999479079,False,False
300.5,0.005,0.0015886313483673912,0.55,1.2812766498724304,8.156170050382709,319.5636389912047,104239.20357367083,5.5,4.133433333818169,13348.758008677525,1.2812766498724304,104239.20357367083,1.2755012609988738,104147.87554481384,False,False
301.0,0.005,0.0016034014621045104,0.55,1.2818427496287463,8.15447175111376,320.1543044367937,104453.62371286216,5.5,4.318669108821992,13598.128918632096,1.2818427496287463,104453.62371286216,1.2945872217981587,104330.72903435175,False,False
301.5,0.005,0.0016162696282439315,0.55,1.2824067046907057,8.152779885927883,320.66694037598927,104642.58737121735,5.5,4.4747281216089325,13817.269480641458,1.2824067046907057,104642.58737121735,1.2761308293263365,104670.29358269369,False,False
302.0,0.005,0.0016275572268510143,0.55,1.2829687784862305,8.151093664541309,321.11300031731855,104809.82678442758,5.5,4.607880117341491,14010.935678280799,1.2829687784862305,104809.82678442758,1.276602625655208,104233.55200665903,False,False
302.5,0.005,0.0016375125453737167,0.55,1.2835291930620014,8.149412420813995,321.50170345858095,104958.34642420146,5.5,4.722593717475233,14182.861943835016,1.2835291930620014,104958.34642420146,1.2889405091700468,105101.4569623694,False,False
303.0,0.005,0.0016463323853087165,0.55,1.28408813766445,8.14773558700665,321.8406136056882,105090.6115622039,5.5,4.82217970578548,14336.054600548958,1.28408813766445,105090.6115622039,1.2917174024878193,105090.44263306702,False,False
303.5,0.005,0.0016541758901113296,0.55,1.284645775016098,8.146062674951706,322.13603044361645,105208.6757090552,5.5,4.90916632414354,14472.980498118923,1.284645775016098,105208.6757090552,1.28912676865546,105220.58376703446,False,False
304.0,0.005,0.0016611738296059184,0.55,1.285202246044497,8.144393261866508,322.3932646835643,105314.27022824771,5.5,4.985531520104278,14595.694504026931,1.285202246044497,105314.27022824771,1.268346272870649,105602.49052052604,False,False
304.5,0.005,0.0016674350755650036,0.55,1.2857576735319027,8.14272697940429,322.6168378856546,105408.8694154915,5.5,5.052853595819431,14705.92915688975,1.2857576735319027,105408.8694154915,1.2911380179311853,104823.02475647703,False,False
305.0,0.005,0.0016730512604803416,0.55,1.2863121649884894,8.14106350503453,322.81063150416145,105493.73903951002,5.5,5.112412762986337,14805.15977623727,1.2863121649884894,105493.73903951002,1.2759690844717455,104901.58887855233,False,False
305.5,0.005,0.0016781002169023106,0.55,1.286865814952339,8.139402555142983,322.9780005852696,105569.97337036162,5.5,5.165261837783652,14894.653027266542,1.286865814952339,105569.97337036162,1.2892185760682218,105652.11452395868,False,False
306.0,0.005,0.001682648572642132,0.55,1.2874187068568987,8.137743879429305,323.1218621790106,105638.52397260524,5.5,5.212276812518152,14975.503968341702,1.2874187068568987,105638.52397260524,1.273181362502908,105636.38891606669,False,False
306.5,0.005,0.001686753746117964,0.55,1.287970914565879,8.136087256302362,323.2447652344407,105700.2224680867,5.5,5.254193889139754,15048.664859731489,1.287970914565879,105700.2224680867,1.2924341360413096,105751.27555104427,False,False
307.0,0.005,0.0016904655057125295,0.55,1.2885225036482604,8.134432489055218,323.3489466562047,105755.79879203298,5.5,5.291637156471977,15114.967939194275,1.2885225036482604,105755.79879203298,1.2804565146051867,105617.16066948124,False,False
307.5,0.005,0.0016938272059586245,0.55,1.2890735324472673,8.132779402658198,323.43637683228405,105805.89602043087,5.5,5.32513964784127,15175.143688703994,1.2890735324472673,105805.89602043087,1.276247185944662,106005.20212270285,False,False
308.0,0.005,0.001696876779998989,0.55,1.2896240529839342,8.131127841048198,323.50879702344747,105851.08254723846,5.5,5.35515961767318,15229.835670742406,1.2896240529839342,105851.08254723846,1.2967622543487582,106130.87420013579,False,False
308.5,0.005,0.0016996475453928883,0.55,1.2901741117263688,8.129477664820893,323.5677503728705,105891.86218411001,5.5,5.382093301153943,15279.612713044997,1.2901741117263688,105891.86218411001,1.2925905569431362,106037.05687229546,False,False
309.0,0.005,0.0017021688649996938,0.55,1.2907237502488689,8.127828749253393,323.61460785080914,105928.68261083969,5.5,5.406285044122634,15324.979014740336,1.2907237502488689,105928.68261083969,1.2845839822349399,105850.43407331832,False,False
309.5,0.005,0.001704466693938439,0.55,1.2912730057998791,8.126180982600363,323.6505901321228,105961.94250145415,5.5,5.428035437372718,15366.382602289887,1.2912730057998791,105961.94250145415,1.3057847942900898,105329.63568516982,False,False
310.0,0.005,0.0017065640359809468,0.55,1.2918219117938823,8.124534264618353,323.6767861739924,105991.99757583089,5.5,5.447607916260728,15404.222460316441,1.2918219117938823,105991.99757583089,1.2874153875781849,106222.76843824203,False,False
310.5,0.005,0.0017084813272072884,0.55,1.2923704982393478,8.122888505281956,323.69416909117064,106019.16577134958,5.5,5.465234165643562,15438.854587324175,1.2923704982393478,106019.16577134958,1.292691574979057,106385.68437121485,False,False
311.0,0.005,0.0017102367606933134,0.55,1.2929187921125656,8.121243623662304,323.7036097989532,106043.73168767897,5.5,5.48111858443487,15470.597170918381,1.2929187921125656,106043.73168767897,1.2956079265893516,106237.09921127417,False,False
311.5,0.005,0.0017118465629807032,0.55,1.293466817685402,8.119599546943794,323.70588879778035,106065.95042644412,5.5,5.495442002345708,15499.735035709598,1.293466817685402,106065.95042644412,1.287270158344116,105802.05769823387,False,False
312.0,0.005,0.0017133252308063915,0.55,1.294014596813601,8.117956209559196,323.70170639962464,106086.05092350412,5.5,5.508364796311367,15526.523485713846,1.294014596813601,106086.05092350412,1.2987259597476002,106288.18924160446,False,False
312.5,0.005,0.0017146857348374163,0.55,1.294562149191128,8.116313552426615,323.6916916392281,106104.23885297772,5.5,5.520029520793019,15551.191639034336,1.294562149191128,106104.23885297772,1.2892276257194808,106362.39776536616,False,False
313.0,0.005,0.0017159396958258406,0.55,1.2951094925751572,8.114671522274529,323.67641006861646,106120.69916762055,5.5,5.530563141223272,15573.945334007945,1.2951094925751572,106120.69916762055,1.2909931093529952,106588.34404196027,False,False
313.5,0.005,0.0017170975375645156,0.55,1.2956566429855632,8.11303007104331,323.65637059810473,106135.5983286912,5.5,5.540078941023451,15594.969671458499,1.2956566429855632,106135.5983286912,1.3092830693835966,,False,True
314.0,0.005,0.0017181686202144605,0.55,1.296203614882194,8.111389155353418,323.6320315189895,106149.08626932057,5.5,5.548678158230449,15614.431246226313,1.296203614882194,106149.08626932057,1.2857977543570698,106081.14989395734,False,False
314.5,0.005,0.0017191613569348218,0.55,1.296750421322705,8.109748736031886,323.60380582065017,106161.29812808275,5.5,5.556451396678608,15632.480112015746,1.296750421322705,106161.29812808275,1.2726226180134101,106385.47974342579,False,False
315.0,0.005,0.0017200833162370627,0.55,1.2972970741033323,8.108108777690003,323.57206589662195,106172.3557835521,5.5,5.563479848056395,15649.251516282127,1.2972970741033323,106172.3557835521,1.3134064440534512,106189.57880498355,False,False
315.5,0.005,0.0017209413120765353,0.55,1.297843583884653,8.106469248346041,323.53714771942475,106182.36921582062,5.5,5.569836354394398,15664.867435962742,1.297843583884653,106182.36921582062,1.323336863410723,105847.17093520524,False,False
316.0,0.005,0.0017217414833648353,0.55,1.298389960304092,8.104830119087724,323.4993545518255,106191.43771700875,5.5,5.575586335198478,15679.437940042804,1.298389960304092,106191.43771700875,1.2943372676495988,106315.82260251677,False,False
316.5,0.005,0.0017224893643183693,0.55,1.2989362120767056,8.103191363769884,323.45896025223016,106199.65096955243,5.5,5.5807885991906225,15693.062401004425,1.2989362120767056,106199.65096955243,1.2795678316705037,106373.24945969698,False,False
317.0,0.005,0.0017231899468393456,0.55,1.2994823470855656,8.101552958743303,323.4162122236239,106207.09000835527,5.5,5.585496057212425,15705.83057395404,1.2994823470855656,106207.09000835527,1.2963775073236061,106233.47887725457,False,False
317.5,0.005,0.001723847735945177,0.55,1.300028372462908,8.099914882611277,323.37133404857434,106213.82808064735,5.5,5.5897563500991465,15717.823559528259,1.300028372462908,106213.82808064735,1.2971661429645014,106279.70355880134,False,False
318.0,0.005,0.001724466799113183,0.55,1.3005742946630559,8.098277116010832,323.32452784702303,106219.93141550792,5.5,5.593612403102581,15729.114664429308,1.3005742946630559,106219.93141550792,1.2986750562528333,106142.3196450022,False,False
318.5,0.005,0.0017250508102835032,0.55,1.3011201195280087,8.096639641415974,323.27597638871237,106225.4599134202,5.5,5.597102916621302,15739.77017155581,1.3011201195280087,106225.4599134202,1.2899862391087902,106668.94359413502,False,False
319.0,0.005,0.001725603089159449,0.55,1.3016658523464821,8.095002442960553,323.22584498796124,106230.46776488311,5.5,5.6002628015022005,15749.8500301045,1.3016658523464821,106230.46776488311,1.307461463771247,105960.26010976931,False,False
319.5,0.005,0.001726126636357571,0.55,1.3022114979070891,8.093365506278733,323.17428320498857,106235.00400595854,5.5,5.603123565945331,15759.408474674254,1.3022114979070891,106235.00400595854,1.30745657165995,106058.8077771294,False,False
320.0,0.005,0.0017266241648861706,0.55,1.3027570605462748,8.091728818361176,323.12142637497857,106239.11301765674,5.5,5.605713660019988,15768.494581256808,1.3027570605462748,106239.11301765674,1.2878130043480818,106242.40867171499,False,False
320.5,0.005,0.0017270981283688167,0.55,1.3033025441915467,8.09009236742536,323.06739698350447,106242.8349752218,5.5,5.608058782948261,15777.152767021851,1.3033025441915467,106242.8349752218,1.3102945115084956,106506.52118353207,False,False
321.0,0.005,0.0017275507463763572,0.55,1.303847952400484,8.088456142798549,323.01230590470595,106246.20625265785,5.5,5.610182157596985,15785.423239963018,1.303847952400484,106246.20625265785,1.3243748022199429,105796.99430162949,False,False
321.5,0.005,0.0017279840271856829,0.55,1.304393288395953,8.086820134812141,322.9562535166967,106249.25978721066,5.5,5.612104776018553,15793.342403749288,1.304393288395953,106249.25978721066,1.3061128917203235,105856.17076228102,False,False
322.0,0.005,0.0017283997882445966,0.55,1.3049385550979122,8.085184334706263,322.8993307070104,106252.02540797695,5.5,5.613845619372535,15800.943222500311,1.3049385550979122,106252.02540797695,1.3015653034772272,105640.70685565654,False,False
322.5,0.005,0.001728799674588633,0.55,1.3054837551521474,8.083548734543559,322.84161977944626,106254.53013234294,5.5,5.615421855128294,15808.255549660893,1.3054837551521474,106254.53013234294,1.3040637230080723,106264.33869991892,False,False
323.0,0.005,0.0017291851754268246,0.55,1.306028890956243,8.081913327131272,322.78319527240524,106256.79843354007,5.5,5.6168490140820815,15815.306424679125,1.306028890956243,106256.79843354007,1.3121814586259286,105921.3066883781,False,False
323.5,0.005,0.0017295576390882364,0.55,1.3065739646830616,8.080278105950814,322.7241246977019,106258.85248224504,5.5,5.618141149406665,15822.120340778702,1.3065739646830616,106258.85248224504,1.2892672486279895,106143.48744923966,False,False
324.0,0.005,0.0017299182864992703,0.55,1.3071189783019783,8.078643065094065,322.66446920786115,106260.71236483514,5.5,5.619310979681429,15828.719486754751,1.3071189783019783,106260.71236483514,1.3087628853317514,106459.12582180265,False,False
324.5,0.005,0.0017302682233427302,0.55,1.307663933598088,8.077008199205736,322.6042841990519,106262.3962806295,5.5,5.620370017618493,15835.123965406186,1.307663933598088,106262.3962806295,1.30375929410346,106069.93346439465,False,False
325.0,0.005,0.0017306084510329185,0.55,1.3082088321895824,8.075373503431253,322.5436198560527,106263.92072020109,5.5,5.621328685998428,15841.351990937159,1.3082088321895824,106263.92072020109,1.3266870823191428,106333.30532702409,False,False
325.5,0.005,0.0017309398766264083,0.55,1.308753675543478,8.073738973369565,322.48252164497546,106265.30062662609,5.5,5.622196422154509,15847.420067413921,1.308753675543478,106265.30062662609,1.3070119482054285,106175.49925430058,False,False
326.0,0.005,0.001731263321775276,0.55,1.309298464989849,8.072104605030454,322.4210307588793,106266.54954134443,5.5,5.622981772192312,15853.343150145385,1.309298464989849,106266.54954134443,1.325977341101044,106468.18383587337,False,False
326.5,0.005,0.0017315795308182214,0.55,1.3098432017347126,8.070470394795862,322.3591845208799,106267.67973613314,5.5,5.623692475998696,15859.134791662285,1.3098432017347126,106267.67973613314,1.2988057947568925,106410.21815633755,False,False
327.0,0.005,0.001731889178094962,0.55,1.3103878868716967,8.068836339384909,322.297016748891,106268.70233254161,5.5,5.624335543977804,15864.807273798042,1.3103878868716967,106268.70233254161,1.3162604785397247,106061.12222368922,False,False
327.5,0.005,0.0017321928745603846,0.55,1.3109325213926033,8.067202435822189,322.2345580857163,106269.62741000223,5.5,5.624917326349455,15870.37172722125,1.3109325213926033,106269.62741000223,1.3141265240305156,106219.0318839821,False,False
328.0,0.005,0.0017324911737670956,0.55,1.3114771061969754,8.065568681409074,322.1718362978383,106270.4641037078,5.5,5.625443575755983,15875.83823963445,1.3114771061969754,106270.4641037078,1.3027866337183276,106583.58712302394,False,False
328.5,0.005,0.001732784577277949,0.55,1.3120216421007624,8.063935073697714,322.1088765459164,106271.22069323892,5.5,5.625919503843785,15881.215953731276,1.3120216421007624,106271.22069323892,1.3137956032471318,106389.23375431515,False,False
329.0,0.005,0.0017330735395639197,0.55,1.3125661298441684,8.062301610467495,322.04570162970833,106271.90468282727,5.5,5.626349832416139,15886.513155896131,1.3125661298441684,106271.90468282727,1.3246913182124844,105852.81606550193,False,False
329.5,0.005,0.0017333584724371057,0.55,1.3131105700987622,8.060668289703713,321.98233220986253,106272.52287405344,5.5,5.626738839691649,15891.737356532867,1.3131105700987622,106272.52287405344,1.3098726530558962,106469.20829240484,False,False
330.0,0.005,0.0017336397490636654,0.55,1.3136549634739183,8.059035109578245,321.91878700878874,106273.0814317005,5.5,5.627090402147632,15896.895362821966,1.3136549634739183,106273.0814317005,1.2967353369822208,105947.69824496962,False,False
330.5,0.005,0.001733917707597073,0.55,1.3141993105226522,8.057402068432044,321.85508299259925,106273.58594341349,5.5,5.627408032378956,15901.993344627766,1.3141993105226522,106273.58594341349,1.3140236822578777,,False,True
331.0,0.005,0.00173419265446805,0.55,1.3147436117469076,8.055769164759276,321.7912355359198,106274.0414737525,5.5,5.6276949133589635,15907.036894206625,1.3147436117469076,106274.0414737525,1.3057193807989824,106581.2711257048,False,False
331.5,0.005,0.0017344648673639927,0.55,1.315287867602347,8.05413639719296,321.72725857119457,106274.4526131701,5.5,5.627953929450382,15912.031080304088,1.315287867602347,106274.4526131701,1.3118644582157082,106361.41825594562,False,False
332.0,0.005,0.001734734597927485,0.55,1.3158320785026925,8.052503764491924,321.6631647239549,106274.82352239337,5.5,5.628187694479336,15916.980497172268,1.3158320785026925,106274.82352239337,1.3150162008058413,106321.99337542424,False,False
332.5,0.005,0.0017350020742006502,0.55,1.3163762448236591,8.050871265529022,321.5989654353775,106275.15797264352,5.5,5.628398577154748,15921.889308988075,1.3163762448236591,106275.15797264352,1.299319722663504,106212.44829583529,False,False
333.0,0.005,0.0017352675028394298,0.55,1.3169203669065193,8.049238899280443,321.53467107333404,106275.4593820858,5.5,5.628588724086927,15926.761290105596,1.3169203669065193,106275.4593820858,1.3007637835133126,106479.01656750581,False,False
333.5,0.005,0.0017355310711196198,0.55,1.3174644450613326,8.047606664816001,321.47029103301657,106275.73084886529,5.5,5.62876008063491,15931.59986153581,1.3174644450613326,106275.73084886529,1.3222851134165878,106164.49739802668,False,False
334.0,0.005,0.0017357929487543994,0.55,1.3180084795698737,8.045974561290379,321.40583382812173,106275.97518104817,5.5,5.628914409789677,15936.408124009215,1.3180084795698737,106275.97518104817,1.3127812926081768,106346.64614224013,False,False
334.5,0.005,0.0017360532895410936,0.55,1.3185524706882834,8.04434258793515,321.34130717348205,106276.19492376069,5.5,5.629053309279303,15941.18888794156,1.3185524706882834,106276.19492376069,1.2929050272700777,106537.77523371653,False,False
335.0,0.005,0.0017363122328533634,0.55,1.3190964186494745,8.042710744051575,321.2767180599493,106276.39238378814,5.5,5.629178227065511,15945.94470059494,1.3190964186494745,106276.39238378814,1.326944859015556,106107.85042073046,False,False
335.5,0.005,0.0017365699049933499,0.55,1.319640323665309,8.041079029004074,321.21207282225754,106276.56965187212,5.5,5.629290475383565,15950.677870696787,1.319640323665309,106276.56965187212,1.3223640212180514,106091.71182987491,False,False
336.0,0.005,0.00173682642041697,0.55,1.3201841859285728,8.039447442214282,321.14737720052585,106276.72862292243,5.5,5.629391243463328,15955.390490755302,1.3201841859285728,106276.72862292243,1.313045437688208,105918.41897870509,False,False
336.5,0.005,0.001737081882844324,0.55,1.3207280056147654,8.037815983155703,321.08263639599767,106276.8710143381,5.5,5.629481609056337,15960.08445728783,1.3207280056147654,106276.8710143381,1.307559703504183,105957.52919050025,False,False
337.0,0.005,0.001737336386265974,0.55,1.321271782883721,8.036184651348837,321.01785512155715,106276.99838261557,5.5,5.629562548881029,15964.761489156825,1.321271782883721,106276.99838261557,1.3296298618468645,105728.47978918311,False,False
337.5,0.005,0.0017375900158549203,0.55,1.3218155178810786,8.034553446356764,320.9530376475129,106277.11213840361,5.5,5.629634948088519,15969.423144191474,1.3218155178810786,106277.11213840361,1.325309024106683,106496.06077510827,False,False
338.0,0.005,0.0017378428487931047,0.55,1.3223592107396132,8.032922367781161,320.88818784309245,106277.21356015078,5.5,5.629699608840874,15974.070834254982,1.3223592107396132,106277.21356015078,1.346185233566454,106819.88792277561,False,False
338.5,0.005,0.0017380949550204693,0.55,1.322902861580443,8.031291415258671,320.82330921404974,106277.30380647683,5.5,5.629757258085376,15978.70583890304,1.322902861580443,106277.30380647683,1.3271047475676925,106704.90248951793,False,False
339.0,0.005,0.0017383463979138375,0.55,1.323446470514124,8.029660588457627,320.75840493674957,106277.3839273875,5.5,5.62980855460039,15983.329317765358,1.323446470514124,106277.3839273875,1.3273235019267442,105789.55858079955,False,False
339.5,0.005,0.0017385972349021933,0.55,1.3239900376416402,8.028029887075078,320.693477889059,106277.4548744408,5.5,5.6298540953811615,15987.94232176953,1.3239900376416402,106277.4548744408,1.3223207583405545,106494.91127590765,False,False
340.0,0.005,0.001738847518024326,0.55,1.3245335630553028,8.02639931083409,320.6285306783452,106277.51750996285,5.5,5.6298944214275535,15992.545803315612,1.3245335630553028,106277.51750996285,1.3327013217273107,106704.14941493992,False,False
340.5,0.005,0.0017390972944342415,0.55,1.3250770468395638,8.02476885948131,320.5635656668503,106277.57261540205,5.5,5.62993002298983,15997.140625499496,1.3250770468395638,106277.57261540205,1.3313278988520454,106140.52962118045,False,False
341.0,0.005,0.0017393466068592238,0.55,1.325620489071754,8.023138532784738,320.4985849946887,106277.62089890204,5.5,5.629961344323168,16001.727570473755,1.325620489071754,106277.62089890204,1.3381377391574059,106308.05512809705,False,False
341.5,0.005,0.0017395954940149926,0.55,1.3261638898227515,8.021508330531745,320.43359060069014,106277.6630021665,5.5,5.6299887879971,16006.30734702686,1.3261638898227515,106277.6630021665,1.3209506606363786,105675.2950869251,False,False
342.0,0.005,0.0017398439909819662,0.55,1.3267072491575878,8.019878252527237,320.36858424128945,106277.69950668227,5.5,5.630012718801408,16010.880597453517,1.3267072491575878,106277.69950668227,1.322353174428148,106357.72035707526,False,False
342.5,0.005,0.0017400921295462892,0.55,1.3272505671359967,8.01824829859201,320.30356750764616,106277.73093935997,5.5,5.630033467286543,16015.447903782817,1.3272505671359967,106277.73093935997,1.3224595354268769,105958.66302052955,False,False
343.0,0.005,0.0017403399385088902,0.55,1.3277938438129118,8.016618468561266,320.23854184116,106277.75777764746,5.5,5.630051332972357,16020.00979342348,1.3277938438129118,106277.75777764746,1.3357018610247016,106337.64828302091,False,False
343.5,0.005,0.0017405874439656024,0.55,1.3283370792389175,8.014988762283247,320.17350854753164,106277.78045416481,5.5,5.630066587256652,16024.56674428143,1.3283370792389175,106277.78045416481,1.3433208236418848,105809.41957750815,False,False
344.0,0.005,0.0017408346695610296,0.55,1.3288802734606573,8.013359179618028,320.10846880950595,106277.79936090541,5.5,5.630079476051361,16029.119189398521,1.3288802734606573,106277.79936090541,1.3242918685291643,106440.65682824868,False,False
344.5,0.005,0.0017410816367186134,0.55,1.3294234265212042,8.011729720436389,320.04342369842004,106277.81485304452,5.5,5.630090222171811,16033.6675211571,1.3294234265212042,106277.81485304452,1.3251756892432733,106585.16865567252,False,False
345.0,0.005,0.001741328364849161,0.55,1.329966538460396,8.010100384618813,319.9783741846688,106277.82725239082,5.5,5.630099027502529,16038.212095091578,1.329966538460396,106277.82725239082,1.333107310699094,106042.87329387627,False,False
345.5,0.005,0.0017415748715398029,0.55,1.3305096093151394,8.008471172054582,319.9133211471888,106277.83685051544,5.5,5.63010607495998,16042.753233342835,1.3305096093151394,106277.83685051544,1.3280519943150104,105936.76007609231,False,False
346.0,0.005,0.0017418211727252587,0.55,1.331052639119685,8.006842082640944,319.84826538205294,106277.84391158748,5.5,5.63011153027174,16047.291227789725,1.331052639119685,106277.84391158748,1.340573175651084,105631.03699882248,False,False
346.5,0.005,0.001742067282843022,0.55,1.3315956279058778,8.005213116282366,319.78320761025856,106277.84867494479,5.5,5.63011554358877,16051.826342886972,1.3315956279058778,106277.84867494479,1.3090778549996873,106197.92461472224,False,False
347.0,0.005,0.0017423132149740224,0.55,1.3321385757033821,8.003584272889853,319.71814848478505,106277.85135742358,5.5,5.630118250947014,16056.358818237954,1.3321385757033821,106277.85135742358,1.3238715252342133,106103.3731771391,False,False
347.5,0.005,0.0017425589809700825,0.55,1.3326814825398872,8.001955552380338,319.6530885969891,106277.85215546972,5.5,5.630119775591895,16060.888870926236,1.3326814825398872,106277.85215546972,1.3248573192002726,105812.5463317653,False,False
348.0,0.005,0.0017428045915694056,0.55,1.3332243484412922,8.000326954676122,319.5880284823998,106277.85124705269,5.5,5.630120229178612,16065.41669762857,1.3332243484412922,106277.85124705269,1.3100207883174309,106413.75687394635,False,False
348.5,0.005,0.0017430500565012556,0.55,1.3337671734318755,7.998698479704373,319.5229686259697,106277.8487934,5.5,5.630119712860218,16069.942476530407,1.3337671734318755,106277.8487934,1.3241307889881875,106142.8576788406,False,False
349.0,0.005,0.0017432953845808023,0.55,1.3343099575344453,7.997070127396665,319.4579094668329,106277.84494056908,5.5,5.630118318273604,16074.466369061694,1.3343099575344453,106277.84494056908,,105955.1241529755,True,False
349.5,0.005,0.001743540583795064,0.55,1.3348527007704794,7.995441897688562,319.3928514026164,106277.83982087187,5.5,5.6301161284330625,16078.98852147005,1.3348527007704794,106277.83982087187,1.332841654225291,106111.46809917974,False,False
350.0,0.005,0.0017437856613807881,0.55,1.3353954031602493,7.993813790519252,319.3277947933463,106277.83355416602,5.5,5.630113218540101,16083.509066246514,1.3353954031602493,106277.83355416602,1.3465250620768519,106599.2249158449,False,False
350.5,0.005,0.0017440306238950252,0.55,1.3359380647229335,7.992185805831199,319.2627399649876,106277.82624902476,5.5,5.630109656717401,16088.028123417758,1.3359380647229335,106277.82624902476,1.3334874582110265,106458.70733215133,False,False
351.0,0.005,0.0017442754772790648,0.55,1.3364806854767204,7.990557943569839,319.1976872126507,106277.8180037974,5.5,5.63010550467382,16092.545801716939,1.3364806854767204,106277.8180037974,1.3261725482740088,106238.81018534784,False,False
351.5,0.005,0.0017445202269163833,0.55,1.337023265438901,7.988930203683298,319.1326368034971,106277.80890757003,5.5,5.630100818307193,16097.062199645028,1.337023265438901,106277.80890757003,1.3364537200267657,106463.54041310948,False,False
352.0,0.005,0.0017447648776851305,0.55,1.3375658046259533,7.98730258612214,319.0675889793719,106277.79904103644,5.5,5.630095648250407,16101.577406432301,1.3375658046259533,106277.79904103644,1.3480575408403668,105929.52545412042,False,False
352.5,0.005,0.001745009434005706,0.55,1.338108303053619,7.985675090839143,319.0025439591887,106277.78847728705,5.5,5.630090040366428,16106.091502909956,1.338108303053619,106277.78847728705,1.32834871489247,106287.49950750516,False,False
353.0,0.005,0.0017452538998838473,0.55,1.3386507607369715,7.984047717789085,318.9375019410903,106277.77728252394,5.5,5.630084036196715,16110.604562299648,1.3386507607369715,106277.77728252394,1.329545011897757,106321.97398166987,False,False
353.5,0.005,0.001745498278949681,0.55,1.33919317769048,7.98242046692856,318.8724631044065,106277.76551670888,5.5,5.630077673367678,16115.116650929174,1.33919317769048,106277.76551670888,1.3447786672832223,106136.81456415926,False,False
354.0,0.005,0.0017457425744931024,0.55,1.3397355539280644,7.980793338215807,318.80742761142704,106277.75323415021,5.5,5.630070985958955,16119.627828880948,1.3397355539280644,106277.75323415021,1.3375201927707565,106408.39073493743,False,False
354.5,0.005,0.001745986789495818,0.55,1.3402778894631484,7.979166331610555,318.74239560900855,106277.74048403486,5.5,5.630064004837009,16124.138150579374,1.3402778894631484,106277.74048403486,1.3467527363702432,106043.61044764152,False,False
355.0,0.005,0.0017462309266603865,0.55,1.340820184308705,7.977539447073885,318.6773672300298,106277.72731091046,5.5,5.630056757957517,16128.647665323324,1.340820184308705,106277.72731091046,1.3406837163907521,106430.6735232433,False,False
355.5,0.005,0.0017464749884365295,0.55,1.341362438477299,7.975912684568103,318.6123425947101,106277.71375512186,5.5,5.630049270639372,16133.156417768594,1.341362438477299,106277.71375512186,1.3483790749581948,106443.27138658125,False,False
356.0,0.005,0.0017467189770449551,0.55,1.3419046519811249,7.974286044056625,318.5473218118037,106277.69985320703,5.5,5.630041565812807,16137.66444836482,1.3419046519811249,106277.69985320703,1.3315538708407184,105402.55188899791,False,False
356.5,0.005,0.001746962894498956,0.55,1.3424468248320416,7.972659525503875,318.48230497968154,106277.68563825538,5.5,5.630033664244378,16142.171793751639,1.3424468248320416,106277.68563825538,1.342325978324159,106634.77734930841,False,False
357.0,0.005,0.0017472067426239596,0.55,1.3429889570416043,7.971033128875187,318.4172921873112,106277.67114023276,5.5,5.630025584740663,16146.67848711736,1.3429889570416043,106277.67114023276,1.3408820568979727,105363.38137062694,False,False
357.5,0.005,0.0017474505230752541,0.55,1.3435310486210916,7.969406854136725,318.35228351514473,106277.65638627559,5.5,5.630017344332937,16151.18455852418,1.3435310486210916,106277.65638627559,1.3313721393800504,106092.84167860875,False,False
358.0,0.005,0.00174769423735403,0.55,1.3440730995815326,7.967780701255402,318.28727903592255,106277.64140095751,5.5,5.6300089584443604,16155.690035202559,1.3440730995815326,106277.64140095751,1.3284383201028458,106585.24581123484,False,False
358.5,0.005,0.001747937886821923,0.55,1.344615109933729,7.966154670198813,318.22227881540175,106277.62620653093,5.5,5.630000441041552,16160.19494181812,1.344615109933729,106277.62620653093,1.3514726002864754,106182.4401889552,False,False
359.0,0.005,0.0017481814727141785,0.55,1.3451570796882766,7.9645287609351705,318.1572829130158,106277.61082314588,5.5,5.6299918047718265,16164.699300713326,1.3451570796882766,106277.61082314588,1.3416475558660967,105837.75502840502,False,False
359.5,0.005,0.0017484249961515882,0.55,1.3456990088555847,7.962902973433246,318.092291382472,106277.59526904822,5.5,5.629983061087628,16169.203132126573,1.3456990088555847,106277.59526904822,1.3354762060391114,105949.47415053322,False,False
360.0,0.005,0.0017486684581512894,0.55,1.3462408974458928,7.961277307662321,318.02730427229244,106277.57956075914,5.5,5.629974220359151,16173.706454390516,1.3462408974458928,106277.57956075914,1.3452791080766595,106585.65128465532,False,False
360.5,0.005,0.0017489118596365494,0.55,1.3467827454692867,7.95965176359214,317.96232162630423,106277.56371323788,5.5,5.629965291976365,16178.20928411172,1.3467827454692867,106277.56371323788,1.3580629340427797,105701.11235407328,False,False
361.0,0.005,0.0017491552014456315,0.55,1.3473245529357123,7.958026341192863,317.8973434840835,106277.5477400292,5.5,5.629956284441506,16182.711636333523,1.3473245529357123,106277.5477400292,1.324517174481993,106616.2450703178,False,False
361.5,0.005,0.001749398484339832,0.55,1.347866319854989,7.956401040435033,317.832369881357,106277.5316533967,5.5,5.629947205452896,16187.213524683637,1.347866319854989,106277.5316533967,1.3328999329559557,106261.00102368402,False,False
362.0,0.005,0.0017496417090107383,0.55,1.3484080462368204,7.954775861289539,317.76740085036664,106277.51546444383,5.5,5.629938061980688,16191.714961507523,1.3484080462368204,106277.51546444383,1.3391791818178678,105919.7968653111,False,False
362.5,0.005,0.0017498848760868246,0.55,1.348949732090806,7.953150803727582,317.7024364201988,106277.49918322338,5.5,5.629928860335672,16196.215957989556,1.348949732090806,106277.49918322338,1.3635615207580092,106102.56466153257,False,False
363.0,0.005,0.0017501279861394116,0.55,1.3494913774264494,7.951525867720652,317.63747661708305,106277.4828188367,5.5,5.62991960623148,16200.716524262565,1.3494913774264494,106277.4828188367,,105972.3155165062,True,False
363.5,0.005,0.0017503710396880702,0.55,1.350032982253168,7.949901053240496,317.57252146466254,106277.46637952351,5.5,5.6299103048409975,16205.216669507145,1.350032982253168,106277.46637952351,1.3577061546577802,106537.33393978106,False,False
364.0,0.005,0.001750614037205512,0.55,1.3505745465803005,7.948276360259099,317.50757098423884,106277.4498727434,5.5,5.629900960847399,16209.716402041551,1.3505745465803005,106277.4498727434,1.3391729373890382,106497.17821567225,False,False
364.5,0.005,0.001750856979122024,0.55,1.3511160704171135,7.946651788748659,317.44262519499364,106277.43330524942,5.5,5.629891578490454,16214.215729403233,1.3511160704171135,106277.43330524942,1.3399207116644083,105761.6849650866,False,False
365.0,0.005,0.001751099865829476,0.55,1.3516575537728086,7.945027338681574,317.37768411418944,106277.4166831549,5.5,5.629882161608383,16218.71465842252,1.3516575537728086,106277.4166831549,1.3561356909400357,106156.33904759909,False,False
365.5,0.005,0.0017513426976849544,0.55,1.3521989966565278,7.9434030100304165,317.31274775735153,106277.40001199386,5.5,5.6298727136758,16223.213195289458,1.3521989966565278,106277.40001199386,1.3527817399658821,106018.44431329057,False,False
366.0,0.005,0.0017515854750140534,0.55,1.3527403990773588,7.9417788027679235,317.2478161384325,106277.38329677592,5.5,5.629863237838082,16227.711345614314,1.3527403990773588,106277.38329677592,1.358227787266,106665.43628731373,False,False
366.5,0.005,0.0017518281981138575,0.55,1.3532817610443397,7.940154716866981,317.1828892699612,106277.36654203577,5.5,5.629853736942542,16232.209114482479,1.3532817610443397,106277.36654203577,1.3514050511350553,105872.33680659784,False,False
367.0,0.005,0.001752070867255635,0.55,1.3538230825664639,7.938530752300609,317.1179671631779,106277.34975187808,5.5,5.629844213566566,16236.706506503999,1.3538230825664639,106277.34975187808,1.3566045198310102,106758.61848328359,False,False
367.5,0.005,0.001752313482687282,0.55,1.3543643636526828,7.9369069090419515,317.05304982815636,106277.33293001822,5.5,5.629834670043135,16241.203525858538,1.3543643636526828,106277.33293001822,1.3559455545017338,106267.34450816314,False,False
368.0,0.005,0.0017525560446355341,0.55,1.35490560431191,7.93528318706427,316.9881372739144,106277.31607981912,5.5,5.629825108483978,16245.700176336119,1.35490560431191,106277.31607981912,1.3626832782027594,105928.7357579051,False,False
368.5,0.005,0.0017527985533079722,0.55,1.3554468045530255,7.933659586340924,316.92322950851417,106277.29920432452,5.5,5.62981553080049,16250.196461373986,1.3554468045530255,106277.29920432452,1.3635168873724701,106074.11694912173,False,False
369.0,0.005,0.0017530410088948294,0.55,1.3559879643848762,7.932036106845372,316.8583265391528,106277.28230628927,5.5,5.629805938722658,16254.69238408992,1.3559879643848762,106277.28230628927,1.3397892444409585,106036.79665405874,False,False
369.5,0.005,0.00175328341157064,0.55,1.3565290838162811,7.930412748551157,316.79342837224465,106277.26538820675,5.5,5.62979633381629,16259.187947312561,1.3565290838162811,106277.26538820675,1.3340563982628726,105894.8798676021,False,False
370.0,0.005,0.0017535257614957264,0.55,1.3570701628560318,7.928789511431905,316.7285350134954,106277.24845233346,5.5,5.62978671749856,16263.683153608814,1.3570701628560318,106277.24845233346,1.3670876168325468,106305.69651025257,False,False
370.5,0.005,0.001753768058817538,0.55,1.3576112015128956,7.927166395461313,316.6636464679694,106277.23150071157,5.5,5.629777091052018,16268.178005308479,1.3576112015128956,106277.23150071157,1.3694884524455149,105908.85683550402,False,False
371.0,0.005,0.0017540103036718763,0.55,1.358152199795617,7.925543400613149,316.5987627401507,106277.21453518914,5.5,5.6297674556374036,16272.672504526849,1.358152199795617,106277.21453518914,1.3479459696004836,105623.10467256769,False,False
371.5,0.005,0.0017542524961839927,0.55,1.3586931577129195,7.923920526861242,316.5338838339981,106277.19755743862,5.5,5.629757812305115,16277.16665318489,1.3586931577129195,106277.19755743862,1.3400948036474634,106163.29461618417,False,False
372.0,0.005,0.0017544946364695928,0.55,1.359234075273508,7.9222977741794764,316.46900975299525,106277.18056897348,5.5,5.629748162005752,16281.660453027796,1.359234075273508,106277.18056897348,1.3602244234835799,105736.3237100481,False,False
372.5,0.005,0.0017547367246357416,0.55,1.3597749524860687,7.920675142541794,316.40414050019547,106277.16357116314,5.5,5.6297385055995495,16286.153905641622,1.3597749524860687,106277.16357116314,1.369083334749574,106051.51531074288,False,False
373.0,0.005,0.0017549787607816724,0.55,1.3603157893592719,7.919052631922185,316.339276078263,106277.14656524679,5.5,5.6297288438648705,16290.647012468224,1.3603157893592719,106277.14656524679,1.378291734583615,106004.41569866578,False,False
373.5,0.005,0.001755220744999538,0.55,1.360856585901772,7.917430242294683,316.27441648951,106277.12955234565,5.5,5.629719177506055,16295.139774819078,1.360856585901772,106277.12955234565,1.3660195616227866,106015.76473073791,False,False
374.0,0.005,0.0017554626773750763,0.55,1.3613973421222096,7.915807973633371,316.20956173592975,106277.11253347422,5.5,5.629709507160397,16299.632193887577,1.3613973421222096,106277.11253347422,1.3576801751563528,106877.40146395128,False,False
374.5,0.005,0.001755704557988221,0.55,1.3619380580292115,7.914185825912366,316.1447118192275,106277.09550955039,5.5,5.629699833404534,16304.12427076027,1.3619380580292115,106277.09550955039,1.3530067518133628,106294.01897970126,False,False
375.0,0.005,0.0017559463869136495,0.55,1.3624787336313926,7.912563799105822,316.0798667408474,106277.07848140452,5.5,5.629690156760183,16308.61600642697,1.3624787336313926,106277.07848140452,1.3625932465480992,106350.68978410312,False,False
375.5,0.005,0.0017561881642212775,0.55,1.3630193689373558,7.910941893187933,316.01502650199774,106277.06144978784,5.5,5.629680477699327,16313.107401789886,1.3630193689373558,106277.06144978784,1.3600267218985032,105744.14196088516,False,False
376.0,0.005,0.0017564298899767135,0.55,1.363559963955693,7.9093201081329205,315.95019110367326,106277.04441538002,5.5,5.6296707966489645,16317.598457671982,1.363559963955693,106277.04441538002,1.353409284898405,106080.85547528895,False,False
376.5,0.005,0.0017566715642416686,0.55,1.3641005186949862,7.9076984439150415,315.88536054667554,106277.02737879574,5.5,5.629661113995418,16322.089174824567,1.3641005186949862,106277.02737879574,1.384588075203619,106341.6181677782,False,False
377.0,0.005,0.0017569131870743147,0.55,1.364641033163807,7.9060769005085785,315.8205348316315,106277.01034059114,5.5,5.629651430088078,16326.579553933883,1.364641033163807,106277.01034059114,,105969.65166671724,True,False
377.5,0.005,0.001757154758529633,0.55,1.3651815073707187,7.9044554778878435,315.75571395901,106276.9933012692,5.5,5.629641745243055,16331.069595627541,1.3651815073707187,106276.9933012692,1.376541994206273,106549.4121543246,False,False
378.0,0.005,0.001757396278659708,0.55,1.3657219413242754,7.902834176027174,315.69089792913684,106276.97626128477,5.5,5.62963205974626,16335.559300479943,1.3657219413242754,106276.97626128477,1.356513437346184,105916.16728551446,False,False
378.5,0.005,0.0017576377475139958,0.55,1.366262335033023,7.901212994900931,315.6260867422087,106276.95922104936,5.5,5.629622373856218,16340.04866901724,1.366262335033023,106276.95922104936,1.3748125282759958,106191.0493802898,False,False
379.0,0.005,0.001757879165139589,0.55,1.3668026885054998,7.8995919344835,315.5612803983053,106276.942180935,5.5,5.629612687806851,16344.53770172222,1.3668026885054998,106276.942180935,1.3731989526004789,106101.12668894233,False,False
379.5,0.005,0.0017581205315814225,0.55,1.3673430017502362,7.897970994749292,315.4964788974005,106276.92514127809,5.5,5.629603001809632,16349.026399038112,1.3673430017502362,106276.92514127809,1.3717684579922766,106326.22133909266,False,False
380.0,0.005,0.001758361846882483,0.55,1.3678832747757557,7.896350175672733,315.4316822393726,106276.90810238289,5.5,5.629593316055766,16353.514761372431,1.3678832747757557,106276.90810238289,1.3803799274461934,106084.76108082627,False,False
380.5,0.005,0.001758603111083999,0.55,1.368423507590575,7.894729477228275,315.3668904240135,106276.89106452446,5.5,5.629583630718217,16358.00278910053,1.368423507590575,106276.89106452446,1.3747772190191878,106195.62297640317,False,False
381.0,0.005,0.0017588443242255987,0.55,1.3689637002032042,7.893108899390388,315.3021034510368,106276.8740279514,5.5,5.629573945953331,16362.490482568472,1.3689637002032042,106276.8740279514,1.3763638425662477,106206.035000418,False,False
381.5,0.005,0.0017590854863454596,0.55,1.3695038526221466,7.891488442133561,315.23732132008564,106276.85699288857,5.5,5.629564261902423,16366.977842095821,1.3695038526221466,106276.85699288857,1.3758729154558687,106056.54066567119,False,False
382.0,0.005,0.0017593265974804552,0.55,1.3700439648558997,7.889868105432301,315.172544030739,106276.8399595391,5.5,5.629554578693313,16371.464867978339,1.3700439648558997,106276.8399595391,1.373451878935921,106422.36812008823,False,False
382.5,0.005,0.0017595676576662644,0.55,1.3705840369129554,7.888247889261134,315.1077715825183,106276.82292808658,5.5,5.629544896441471,16375.951560490015,1.3705840369129554,106276.82292808658,1.3527479256158135,,False,True
383.0,0.005,0.0017598086669374906,0.55,1.3711240688017992,7.886627793594602,315.04300397489266,106276.805898697,5.5,5.6295352152512645,16380.437919885257,1.3711240688017992,106276.805898697,1.3719602795759047,106250.22171512105,False,False
383.5,0.005,0.0017600496253277638,0.55,1.3716640605309112,7.885007818407266,314.97824120728416,106276.78887152023,5.5,5.629525535217049,16384.9239464008,1.3716640605309112,106276.78887152023,1.3661021409424199,106147.65137148164,False,False
384.0,0.005,0.0017602905328698254,0.55,1.3722040121087662,7.883387963673702,314.9134832790721,106276.77184669176,5.5,5.629515856424019,16389.409640257232,1.3722040121087662,106276.77184669176,1.359405602532366,106515.73505584776,False,False
384.5,0.005,0.0017605313895956182,0.55,1.3727439235438337,7.8817682293684985,314.8487301895975,106276.75482433393,5.5,5.629506178949202,16393.895001660705,1.3727439235438337,106276.75482433393,1.389562089736842,106206.00455118968,False,False
385.0,0.005,0.0017607721955363554,0.55,1.3732837948445775,7.880148615466267,314.78398193816645,106276.73780455723,5.5,5.629496502862146,16398.380030804183,1.3732837948445775,106276.73780455723,1.3905737482534346,106184.72861820944,False,False
385.5,0.005,0.00176101295072259,0.55,1.3738236260194572,7.878529121941629,314.7192385240536,106276.72078746141,5.5,5.629486828225664,16402.864727868735,1.3738236260194572,106276.72078746141,1.3874158320224133,106308.12779642784,False,False
386.0,0.005,0.0017612536551842766,0.55,1.3743634170769266,7.87690974876922,314.6544999465054,106276.70377313666,5.5,5.629477155096469,16407.349093024655,1.3743634170769266,106276.70377313666,1.3769155512454854,106785.67977802792,False,False
386.5,0.005,0.0017614943089508312,0.55,1.3749031680254347,7.8752904959236965,314.5897662047425,106276.68676166414,5.5,5.629467483525827,16411.83312643261,1.3749031680254347,106276.68676166414,1.3884094192349612,105874.57989925778,False,False
387.0,0.005,0.0017617349120511647,0.55,1.375442878873426,7.873671363379722,314.52503729796257,106276.6697531173,5.5,5.62945781355989,16416.316828244228,1.375442878873426,106276.6697531173,1.3755634106794443,106507.6268210339,False,False
387.5,0.005,0.001761975464513751,0.55,1.3759825496293405,7.872052351111979,314.46031322534236,106276.65274756227,5.5,5.629448145240412,16420.800198603363,1.3759825496293405,106276.65274756227,1.3780105223983183,105708.70139919085,False,False
388.0,0.005,0.0017622159663666502,0.55,1.3765221803016128,7.870433459095162,314.39559398603984,106276.63574505875,5.5,5.629438478604997,16425.283237646527,1.3765221803016128,106276.63574505875,1.365587466596993,106341.81769252734,False,False
388.5,0.005,0.0017624564176375549,0.55,1.3770617708986732,7.86881468730398,314.33087957919605,106276.61874566058,5.5,5.629428813687586,16429.76594550375,1.3770617708986732,106276.61874566058,1.3810316839436616,106749.1435939432,False,False
389.0,0.005,0.0017626968183538222,0.55,1.3776013214289475,7.867196035713158,314.2661700039367,106276.60174941624,5.5,5.629419150518794,16434.248322299172,1.3776013214289475,106276.60174941624,1.3782051807131916,106423.20230675643,False,False
389.5,0.005,0.0017629371685425003,0.55,1.378140831900857,7.865577504297429,314.2014652593736,106276.58475636941,5.5,5.629409489126183,16438.73036815152,1.378140831900857,106276.58475636941,1.3651143107325123,106327.77227993135,False,False
390.0,0.005,0.001763177468230359,0.55,1.3786803023228187,7.863959093031544,314.1367653446063,106276.56776655944,5.5,5.629399829534605,16443.21208317471,1.3786803023228187,106276.56776655944,1.3781683312046527,106108.43292591852,False,False
390.5,0.005,0.001763417717443916,0.55,1.3792197327032447,7.862340801890266,314.0720702587231,106276.55078002173,5.5,5.629390171766426,16447.693467478264,1.3792197327032447,106276.55078002173,1.3784224370646767,106285.86494016829,False,False
391.0,0.005,0.0017636579162094545,0.55,1.379759123050543,7.860722630848371,314.0073800008022,106276.53379678812,5.5,5.629380515841781,16452.174521167737,1.379759123050543,106276.53379678812,1.3977347347169895,106200.91495216712,False,False
391.5,0.005,0.001763898064553049,0.55,1.3802984733731176,7.859104579880647,313.9426945699128,106276.51681688732,5.5,5.6293708617787805,16456.655244345075,1.3802984733731176,106276.51681688732,1.3892406066582517,106040.72383450791,False,False
392.0,0.005,0.0017641381625005828,0.55,1.3808377836793675,7.857486648961897,313.87801396511594,106276.49984034494,5.5,5.629361209593754,16461.135637109062,1.3808377836793675,106276.49984034494,1.3809522380702821,106189.53715570248,False,False
392.5,0.005,0.0017643782100777554,0.55,1.381377053977688,7.855868838066936,313.8133381854653,106276.48286718415,5.5,5.629351559301269,16465.615699555347,1.381377053977688,106276.48286718415,1.3838649270756989,106335.99721537209,False,False
393.0,0.005,0.0017646182073101137,0.55,1.3819162842764696,7.854251147170591,313.74866723000804,106276.46589742567,5.5,5.629341910914506,16470.095431777103,1.3819162842764696,106276.46589742567,1.3823584080575115,106046.30077686648,False,False
393.5,0.005,0.001764858154223054,0.55,1.3824554745840991,7.852633576247703,313.6840010977854,106276.44893108805,5.5,5.629332264445253,16474.574833865016,1.3824554745840991,106276.44893108805,1.3804263347361436,106034.56438488264,False,False
394.0,0.005,0.0017650980508418358,0.55,1.3829946249089589,7.851016125273123,313.6193397878334,106276.43196818786,5.5,5.629322619904058,16479.053905907556,1.3829946249089589,106276.43196818786,1.372170352935076,105868.3589369102,False,False
394.5,0.005,0.0017653378971915939,0.55,1.383533735259427,7.8493987942217185,313.5546832991832,106276.41500874003,5.5,5.629312977300363,16483.53264799121,1.383533735259427,106276.41500874003,1.3820232164833577,106393.63251656671,False,False
395.0,0.005,0.0017655776932973548,0.55,1.3840728056438774,7.847781583068368,313.49003163086184,106276.39805275775,5.5,5.629303336642663,16488.011060200766,1.3840728056438774,106276.39805275775,1.3766118230773523,106439.99503134788,False,False
395.5,0.005,0.0017658174391840305,0.55,1.38461183607068,7.84616449178796,313.4253847818926,106276.38110025294,5.5,5.629293697938456,16492.489142619223,1.38461183607068,106276.38110025294,1.3721086806814486,106345.8792335239,False,False
396.0,0.005,0.0017660571348764478,0.55,1.3851508265482007,7.844547520355398,313.36074275129533,106276.36415123608,5.5,5.629284061194534,16496.966895328304,1.3851508265482007,106276.36415123608,1.390263044693676,106565.91529905467,False,False
396.5,0.005,0.001766296780399336,0.55,1.3856897770848007,7.842930668745598,313.2961055380869,106276.3472057165,5.5,5.629274426416862,16501.44431840825,1.3856897770848007,106276.3472057165,1.3896024236841331,106302.70749684073,False,False
397.0,0.005,0.0017665363757773432,0.55,1.386228687688838,7.841313936933487,313.2314731412815,106276.33026370252,5.5,5.629264793610765,16505.921411938114,1.386228687688838,106276.33026370252,1.3683616125751572,106393.93354491224,False,False
397.5,0.005,0.0017667759210350429,0.55,1.3867675583686654,7.839697324894004,313.16684555989104,106276.31332520147,5.5,5.629255162780963,16510.39817599589,1.3867675583686654,106276.31332520147,1.3855407119937142,106367.46455289274,False,False
398.0,0.005,0.0017670154161969383,0.55,1.3873063891326325,7.8380808326021025,313.1022227929252,106276.29639021977,5.5,5.6292455339316465,16514.874610658582,1.3873063891326325,106276.29639021977,1.3972634029916318,106248.8343843943,False,False
398.5,0.005,0.001767254861287463,0.55,1.3878451799890845,7.836464460032746,313.037604839392,106276.27945876315,5.5,5.629235907066474,16519.35071600222,1.3878451799890845,106276.27945876315,1.3984374173780478,106117.03291032425,False,False
399.0,0.005,0.001767494256330996,0.55,1.3883839309463626,7.8348482071609125,312.9729916982976,106276.26253083651,5.5,5.629226282188713,16523.826492102133,1.3883839309463626,106276.26253083651,1.398642299375215,106940.50831557409,False,False
399.5,0.005,0.0017677336013518497,0.55,1.388922642012804,7.833232073961588,312.90838336864704,106276.2456064442,5.5,5.6292166593011554,16528.301939032754,1.388922642012804,106276.2456064442,1.3893117740818186,106140.66031248814,False,False
400.0,0.005,0.001767972896374291,0.55,1.3894613131967417,7.831616060409775,312.8437798494439,106276.22868558996,5.5,5.629207038406284,16532.777056867963,1.3894613131967417,106276.22868558996,1.3810108599170503,106076.46537225382,False,False
400.5,0.005,0.0017682121414225337,0.55,1.3899999445065045,7.830000166480486,312.77918113969076,106276.21176827702,5.5,5.629197419506242,16537.25184568099,1.3899999445065045,106276.21176827702,1.379162956232924,106406.41471531206,False,False
401.0,0.005,0.0017684513365207452,0.55,1.3905385359504177,7.828384392148747,312.71458723838936,106276.1948545081,5.5,5.629187802602869,16541.726305544507,1.3905385359504177,106276.1948545081,1.3939845849979213,106351.7511790966,False,False
401.5,0.005,0.0017686904816930455,0.55,1.3910770875368021,7.826768737389593,312.6499981445405,106276.17794428549,5.5,5.629178187697723,16546.200436530653,1.3910770875368021,106276.17794428549,1.3948698878804537,105854.7404800024,False,False
402.0,0.005,0.0017689295769635152,0.55,1.391615599273975,7.825153202178075,312.58541385714443,106276.16103761113,5.5,5.629168574792119,16550.674238711115,1.391615599273975,106276.16103761113,1.4044889103900255,106612.96451398026,False,False
402.5,0.005,0.0017691686223561948,0.55,1.392154071170249,7.823537786489253,312.5208343752008,106276.14413448662,5.5,5.629158963887169,16555.147712157173,1.392154071170249,106276.14413448662,1.4031538676736697,106247.88576188136,False,False
403.0,0.005,0.0017694076178950881,0.55,1.392692503233933,7.821922490298201,312.4562596977089,106276.12723491319,5.5,5.6291493549837845,16559.62085693974,1.392692503233933,106276.12723491319,1.3913702166686213,105942.84790634847,False,False
403.5,0.005,0.0017696465636041615,0.55,1.3932308954733323,7.8203073135800025,312.39168982366755,106276.11033889184,5.5,5.629139748082687,16564.09367312934,1.3932308954733323,106276.11033889184,1.3807888366847236,106632.745573198,False,False
404.0,0.005,0.001769885459507348,0.55,1.3937692478967478,7.818692256309756,312.32712475207535,106276.09344642324,5.5,5.62913014318445,16568.566160796225,1.3937692478967478,106276.09344642324,1.390578181926639,106463.7961179021,False,False
404.5,0.005,0.0017701243056285464,0.55,1.3943075605124764,7.817077318462571,312.2625644819306,106276.07655750788,5.5,5.629120540289464,16573.038320010273,1.3943075605124764,106276.07655750788,1.3964798724605816,105896.71395992351,False,False
405.0,0.005,0.0017703631019916253,0.55,1.3948458333288112,7.815462500013567,312.1980090122316,106276.05967214609,5.5,5.62911093939802,16577.510150841168,1.3948458333288112,106276.05967214609,1.3928250008749172,106809.21452422341,False,False
405.5,0.005,0.001770601848620426,0.55,1.395384066354041,7.813847800937877,312.13345834197645,106276.04279033792,5.5,5.62910134051031,16581.98165335838,1.395384066354041,106276.04279033792,1.3896051252732646,106473.68200084778,False,False
406.0,0.005,0.0017708405455387573,0.55,1.3959222595964513,7.812233221210646,312.06891247016324,106276.0259120832,5.5,5.62909174362638,16586.45282763109,1.3959222595964513,106276.0259120832,1.3984511077461503,106272.96707739569,False,False
406.5,0.005,0.0017710791927703971,0.55,1.396460413064323,7.810618760807031,312.00437139579014,106276.00903738178,5.5,5.629082148746145,16590.923673728215,1.396460413064323,106276.00903738178,1.391420835650217,106753.07467906832,False,False
407.0,0.005,0.0017713177903391042,0.55,1.396998526765933,7.809004419702201,311.9398351178554,106275.99216623325,5.5,5.629072555869518,16595.39419171864,1.396998526765933,106275.99216623325,1.3907178659286794,106323.78150138214,False,False
407.5,0.005,0.0017715563382686057,0.55,1.3975366007095549,7.807390197871335,311.8753036353573,106275.97529863707,5.5,5.6290629649962876,16599.86438167098,1.3975366007095549,106275.97529863707,1.4006511290525894,106267.55037610586,False,False
408.0,0.005,0.0017717948365826043,0.55,1.3980746349034578,7.805776095289627,311.8107769472942,106275.95843459266,5.5,5.629053376126156,16604.3342436537,1.3980746349034578,106275.95843459266,1.3940547091021658,106077.86839978606,False,False
408.5,0.005,0.0017720332853047797,0.55,1.3986126293559071,7.804162111932278,311.74625505266476,106275.94157409921,5.5,5.629043789258794,16608.803777735142,1.3986126293559071,106275.94157409921,1.4010536732456906,106450.49670589133,False,False
409.0,0.005,0.0017722716844587828,0.55,1.399150584075164,7.802548247774508,311.6817379504679,106275.92471715595,5.5,5.629034204393766,16613.272983983443,1.399150584075164,106275.92471715595,1.401882624303685,106418.90560735315,False,False
409.5,0.005,0.0017725100340682455,0.55,1.3996884990694858,7.800934502791542,311.61722563970255,106275.907863762,5.5,5.629024621530635,16617.741862466708,1.3996884990694858,106275.907863762,1.38829420905857,106280.31190572892,False,False
410.0,0.005,0.0017727483341567773,0.55,1.4002263743471264,7.799320876958621,311.5527181193681,106275.89101391628,5.5,5.629015040668908,16622.210413252906,1.4002263743471264,106275.89101391628,1.3954139631084723,106038.89510775599,False,False
410.5,0.005,0.0017729865847479576,0.55,1.400764209916335,7.797707370250995,311.4882153884641,106275.87416761783,5.5,5.6290054618079886,16626.67863640979,1.400764209916335,106275.87416761783,1.4151419793154998,106314.85312386765,False,False
411.0,0.005,0.0017732247858653547,0.55,1.4013020057853576,7.796093982643927,311.4237174459904,106275.85732486552,5.5,5.628995884947343,16631.146532005194,1.4013020057853576,106275.85732486552,1.3896812106580148,106254.91768913687,False,False
411.5,0.005,0.0017734629375325067,0.55,1.4018397619624354,7.7944807141126935,311.3592242909472,106275.84048565812,5.5,5.628986310086328,16635.61410010672,1.4018397619624354,106275.84048565812,1.38067321747273,105875.79819003785,False,False
412.0,0.005,0.001773701039772931,0.55,1.4023774784558065,7.79286756463258,311.29473592233506,106275.82364999448,5.5,5.628976737224267,16640.081340781886,1.4023774784558065,106275.82364999448,1.3837590269233815,105834.27994459722,False,False
412.5,0.005,0.0017739390926101283,0.55,1.402915155273705,7.7912545341788855,311.2302523391548,106275.80681787328,5.5,5.628967166360508,16644.54825409822,1.402915155273705,106275.80681787328,1.4032062547394717,106445.35283151621,False,False
413.0,0.005,0.0017741770960675736,0.55,1.4034527924243603,7.789641622726919,311.16577354040766,106275.78998929328,5.5,5.628957597494316,16649.01484012307,1.4034527924243603,106275.78998929328,1.4037619652046873,105495.22349477778,False,False
413.5,0.005,0.0017744150501687263,0.55,1.403990389915999,7.788028830252003,311.10129952509516,106275.7731642531,5.5,5.628948030624992,16653.481098923803,1.403990389915999,106275.7731642531,1.4028142813617477,106337.39632234148,False,False
414.0,0.005,0.0017746529549370208,0.55,1.4045279477568426,7.786416156729472,311.0368302922193,106275.75634275132,5.5,5.628938465751766,16657.94703056766,1.4045279477568426,106275.75634275132,1.4166698460461276,106132.33142542517,False,False
414.5,0.005,0.00177489081039587,0.55,1.40506546595511,7.784803602134669,310.97236584078235,106275.73952478661,5.5,5.628928902873838,16662.412635121756,1.40506546595511,106275.73952478661,1.3783371216240807,106668.21350685057,False,False
415.0,0.005,0.0017751286165686739,0.55,1.4056029445190152,7.783191166442954,310.9079061697871,106275.72271035748,5.5,5.628919341990458,16666.877912653294,1.4056029445190152,106275.72271035748,1.4095622832633234,106127.68224761132,False,False
415.5,0.005,0.0017753663734788065,0.55,1.4061403834567687,7.781578849629694,310.8434512782367,106275.70589946253,5.5,5.628909783100801,16671.342863229293,1.4061403834567687,106275.70589946253,1.4217547654748044,106473.5511637381,False,False
416.0,0.005,0.0017756040811496255,0.55,1.406677782776577,7.779966651670269,310.7790011651347,106275.68909210023,5.5,5.628900226204064,16675.80748691679,1.406677782776577,106275.68909210023,1.39539997512766,106156.6149397289,False,False
416.5,0.005,0.0017758417396044675,0.55,1.407215142486643,7.778354572540071,310.714555829485,106275.67228826912,5.5,5.628890671299408,16680.271783782722,1.407215142486643,106275.67228826912,1.403417077368744,106309.79673431496,False,False
417.0,0.005,0.0017760793488666505,0.55,1.4077524625951652,7.7767426122145045,310.650115270292,106275.65548796767,5.5,5.628881118385998,16684.735753893998,1.4077524625951652,106275.65548796767,1.400223543422879,106496.70644724369,False,False
417.5,0.005,0.0017763169089594717,0.55,1.4082897431103385,7.7751307706689845,310.58567948656054,106275.63869119437,5.5,5.628871567462975,16689.199397317454,1.4082897431103385,106275.63869119437,1.3993462826495633,106136.871976297,False,False
418.0,0.005,0.0017765544199062127,0.55,1.4088269840403542,7.7735190478789375,310.5212484772958,106275.62189794764,5.5,5.628862018529498,16693.662714119928,1.4088269840403542,106275.62189794764,1.4055643639901239,106574.58836329717,False,False
418.5,0.005,0.0017767918817301314,0.55,1.4093641853933991,7.771907443819803,310.45682224150346,106275.60510822597,5.5,5.628852471584675,16698.125704368133,1.4093641853933991,106275.60510822597,1.4236390382302442,105977.49574509403,False,False
419.0,0.005,0.0017770292944544715,0.55,1.4099013471776567,7.77029595846703,310.39240077818965,106275.58832202773,5.5,5.628842926627654,16702.588368128825,1.4099013471776567,106275.58832202773,1.4282752139325319,106363.96617479525,False,False
419.5,0.005,0.0017772666581024532,0.55,1.4104384694013063,7.768684591796081,310.3279840863609,106275.57153935141,5.5,5.628833383657531,16707.050705468624,1.4104384694013063,106275.57153935141,1.407079077150905,106552.36345618777,False,False
420.0,0.005,0.0017775039726972831,0.55,1.4109755520725236,7.767073343782429,310.2635721650242,106275.5547601954,5.5,5.628823842673444,16711.512716454206,1.4109755520725236,106275.5547601954,1.4300261542131683,106473.5660077325,False,False
420.5,0.005,0.0017777412382621457,0.55,1.4115125951994798,7.765462214401561,310.1991650131869,106275.53798455806,5.5,5.628814303674495,16715.97440115214,1.4115125951994798,106275.53798455806,1.411868359969326,106850.47144757869,False,False
421.0,0.005,0.0017779784548202053,0.55,1.4120495987903432,7.76385120362897,310.13476262985705,106275.52121243789,5.5,5.628804766659756,16720.435759628923,1.4120495987903432,106275.52121243789,1.429586509057354,106046.4894172447,False,False
421.5,0.005,0.0017782156223946149,0.55,1.4125865628532774,7.762240311440168,310.07036501404286,106275.5044438332,5.5,5.628795231628389,16724.896791951163,1.4125865628532774,106275.5044438332,1.4116535763567426,105861.75966842863,False,False
422.0,0.005,0.001778452741008501,0.55,1.4131234873964427,7.760629537810672,310.00597216475313,106275.48767874241,5.5,5.628785698579443,16729.35749818525,1.4131234873964427,106275.48767874241,1.414434065656904,105977.18714619387,False,False
422.5,0.005,0.0017786898106849766,0.55,1.4136603724279952,7.759018882716014,309.94158408099713,106275.47091716388,5.5,5.628776167512033,16733.81787839765,1.4136603724279952,106275.47091716388,1.4173151171544236,106473.60368712842,False,False
423.0,0.005,0.0017789268314471326,0.55,1.4141972179560873,7.757408346131738,309.87720076178454,106275.45415909603,5.5,5.628766638425228,16738.27793265472,1.4141972179560873,106275.45415909603,1.4459857547497628,106424.83103937685,False,False
423.5,0.005,0.0017791638033180467,0.55,1.4147340239888677,7.755797928033397,309.8128222061255,106275.43740453721,5.5,5.628757111318144,16742.737661022864,1.4147340239888677,106275.43740453721,1.4232468797373157,106306.11440243143,False,False
424.0,0.005,0.0017794007263207741,0.55,1.415270790534481,7.754187628396557,309.74844841303053,106275.42065348581,5.5,5.628747586189856,16747.197063568383,1.415270790534481,106275.42065348581,1.4081981452349663,105938.53353875368,False,False
424.5,0.005,0.0017796376004783547,0.55,1.415807517601068,7.752577447196796,309.6840793815108,106275.40390594014,5.5,5.628738063039457,16751.65614035758,1.415807517601068,106275.40390594014,1.4254974963038267,106505.46409393886,False,False
425.0,0.005,0.0017798744258138053,0.55,1.4163442051967658,7.7509673844097025,309.61971511057783,106275.38716189864,5.5,5.628728541865995,16756.114891456644,1.4163442051967658,106275.38716189864,1.4127258798259223,105907.97572860349,False,False
425.5,0.005,0.0017801112023501325,0.55,1.4168808533297075,7.749357440010877,309.5553555992435,106275.37042135965,5.5,5.628719022668597,16760.573316931877,1.4168808533297075,106275.37042135965,1.4119833515006954,106623.05529607272,False,False
426.0,0.005,0.0017803479301103178,0.55,1.4174174620080224,7.747747613975933,309.49100084652036,106275.35368432154,5.5,5.62870950544632,16765.031416849415,1.4174174620080224,106275.35368432154,1.4265034756069435,107132.5852112635,False,False
426.5,0.005,0.0017805846091173297,0.55,1.4179540312398362,7.746137906280492,309.42665085142124,106275.33695078264,5.5,5.628699990198258,16769.489191275436,1.4179540312398362,106275.33695078264,1.4182648871175478,106385.2722947541,False,False
427.0,0.005,0.001780821239394113,0.55,1.4184905610332705,7.744528316900189,309.3623056129595,106275.32022074136,5.5,5.628690476923466,16773.946640276015,1.4184905610332705,106275.32022074136,1.4212763201783887,106450.25266143867,False,False
427.5,0.005,0.0017810578209636013,0.55,1.4190270513964434,7.74291884581067,309.297965130149,106275.303494196,5.5,5.628680965621047,16778.403763917282,1.4190270513964434,106275.303494196,1.4191669036150962,106127.44556352733,False,False
428.0,0.005,0.001781294353848705,0.55,1.4195635023374686,7.741309492987594,309.233629402004,106275.286771145,5.5,5.628671456290058,16782.86056226525,1.4195635023374686,106275.286771145,1.422929333603523,105732.22277481895,False,False
428.5,0.005,0.0017815308380723198,0.55,1.4200999138644566,7.73970025840663,309.1692984275392,106275.27005158666,5.5,5.628661948929601,16787.317035385975,1.4200999138644566,106275.27005158666,1.424349572838818,106094.45424267759,False,False
429.0,0.005,0.001781767273657322,0.55,1.4206362859855137,7.738091142043459,309.10497220576985,106275.25333551933,5.5,5.62865244353874,16791.77318334543,1.4206362859855137,106275.25333551933,1.4012666166584595,105947.38476318971,False,False
429.5,0.005,0.0017820036606265685,0.55,1.4211726187087426,7.736482143873772,309.0406507357116,106275.23662294139,5.5,5.628642940116536,16796.229006209534,1.4211726187087426,106275.23662294139,1.427838345394838,105841.13525001689,False,False
430.0,0.005,0.0017822399990029025,0.55,1.4217089120422421,7.734873263873274,308.9763340163806,106275.21991385121,5.5,5.628633438662079,16800.68450404424,1.4217089120422421,106275.21991385121,1.4118887178439392,106791.9278964499,False,False
430.5,0.005,0.0017824762888091466,0.55,1.4222451659941073,7.733264502017678,308.91202204679337,106275.20320824713,5.5,5.628623939174453,16805.139676915445,1.4222451659941073,106275.20320824713,1.4078221746385131,106357.06196365487,False,False
431.0,0.005,0.0017827125300681056,0.55,1.4227813805724294,7.7316558582827115,308.847714825967,106275.18650612753,5.5,5.628614441652725,16809.59452488899,1.4227813805724294,106275.18650612753,1.4221972681338426,106389.09278031172,False,False
431.5,0.005,0.0017829487228025688,0.55,1.4233175557852957,7.730047332644113,308.783412352919,106275.16980749073,5.5,5.628604946095987,16814.049048030734,1.4233175557852957,106275.16980749073,1.4241573658184403,106182.46309793186,False,False
432.0,0.005,0.001783184867035304,0.55,1.4238536916407898,7.728438925077631,308.71911462666736,106275.15311233513,5.5,5.628595452503288,16818.50324640642,1.4238536916407898,106275.15311233513,1.416918629995067,106223.2917876021,False,False
432.5,0.005,0.0017834209627890652,0.55,1.4243897881469916,7.7268306355590255,308.6548216462305,106275.13642065908,5.5,5.628585960873729,16822.957120081854,1.4243897881469916,106275.13642065908,1.4327001067236713,106564.50162533089,False,False
433.0,0.005,0.0017836570100865877,0.55,1.424925845311977,7.7252224640640685,308.5905334106273,106275.11973246092,5.5,5.628576471206385,16827.41066912277,1.424925845311977,106275.11973246092,1.4115040936482681,106265.41859685235,False,False
433.5,0.005,0.001783893008950586,0.55,1.4254618631438187,7.723614410568544,308.5262499188771,106275.10304773903,5.5,5.628566983500321,16831.863893594844,1.4254618631438187,106275.10304773903,1.4213924256560933,106434.31122914645,False,False
434.0,0.005,0.0017841289594037618,0.55,1.4259978416505847,7.7220064750482456,308.4619711699998,106275.08636649177,5.5,5.628557497754624,16836.31679356376,1.4259978416505847,106275.08636649177,1.4201491003012547,106216.28507713827,False,False
434.5,0.005,0.0017843648614687961,0.55,1.42653378084034,7.72039865747898,308.3976971630156,106275.06968871753,5.5,5.628548013968374,16840.76936909517,1.42653378084034,106275.06968871753,1.4260679081369465,106172.42382149791,False,False
435.0,0.005,0.0017846007151683556,0.55,1.4270696807211454,7.718790957836564,308.3334278969453,106275.05301441462,5.5,5.628538532140665,16845.221620254706,1.4270696807211454,106275.05301441462,1.4298583235676177,105852.97876473406,False,False
435.5,0.005,0.0017848365205250833,0.55,1.4276055413010578,7.717183376096827,308.26916337081,106275.03634358144,5.5,5.628529052270544,16849.673547107886,1.4276055413010578,106275.03634358144,1.4175266118048224,105681.7116248713,False,False
436.0,0.005,0.0017850722775616106,0.55,1.4281413625881307,7.715575912235607,308.20490358363145,106275.01967621631,5.5,5.628519574357115,16854.125149720305,1.4281413625881307,106275.01967621631,1.435384189362693,106196.55110589639,False,False
436.5,0.005,0.0017853079863005478,0.55,1.428677144590414,7.713968566228758,308.1406485344317,106275.00301231764,5.5,5.628510098399432,16858.576428157437,1.428677144590414,106275.00301231764,1.429307168273761,106291.95201991561,False,False
437.0,0.005,0.0017855436467644904,0.55,1.4292128873159533,7.7123613380521405,308.0763982222334,106274.98635188382,5.5,5.628500624396598,16863.02738248481,1.4292128873159533,106274.98635188382,1.4102934247828343,105889.14734087119,False,False
437.5,0.005,0.0017857792589760168,0.55,1.4297485907727907,7.710754227681628,308.0121526460596,106274.96969491316,5.5,5.628491152347713,16867.4780127679,1.4297485907727907,106274.96969491316,1.4101626763688204,106264.62723540278,False,False
438.0,0.005,0.0017860148229576834,0.55,1.4302842549689645,7.7091472350931065,307.94791180493365,106274.95304140406,5.5,5.628481682251816,16871.928319072074,1.4302842549689645,106274.95304140406,1.4301610620396714,106291.07881030122,False,False
438.5,0.005,0.001786250338732034,0.55,1.4308198799125091,7.707540360262472,307.88367569787965,106274.9363913549,5.5,5.628472214108017,16876.378301462773,1.4308198799125091,106274.9363913549,1.4286102067346456,105628.13398953709,False,False
439.0,0.005,0.0017864858063215932,0.55,1.4313554656114555,7.705933603165633,307.81944432392197,106274.91974476403,5.5,5.6284627479154,16880.827960005357,1.4313554656114555,106274.91974476403,1.4303212644757093,106000.38234692019,False,False
439.5,0.005,0.0017867212257488682,0.55,1.4318910120738306,7.704326963778508,307.75521768208546,106274.9031016298,5.5,5.628453283673038,16885.277294765154,1.4318910120738306,106274.9031016298,1.4316111875085284,106397.08226975043,False,False
440.0,0.005,0.001786956597036346,0.55,1.432426519307658,7.702720442077026,307.6909957713955,106274.88646195066,5.5,5.62844382138,16889.72630580743,1.432426519307658,106274.88646195066,1.4346821177027598,106391.00408076939,False,False
440.5,0.005,0.0017871919202065057,0.55,1.432961987320957,7.7011140380371295,307.6267785908778,106274.86982572489,5.5,5.628434361035424,16894.174993197572,1.432961987320957,106274.86982572489,1.44243848341944,105928.76735080496,False,False
441.0,0.005,0.001787427195281795,0.55,1.4334974161217433,7.69950775163477,307.5625661395586,106274.85319295093,5.5,5.62842490263833,16898.623357000688,1.4334974161217433,106274.85319295093,1.4223863671125678,106322.38760810085,False,False
441.5,0.005,0.0017876624222846567,0.55,1.4340328057180292,7.697901582845913,307.49835841646467,106274.83656362712,5.5,5.62841544618785,16903.07139728209,1.4340328057180292,106274.83656362712,1.4223130897890213,106581.55873123526,False,False
442.0,0.005,0.0017878976012375089,0.55,1.434568156117823,7.696295531646531,307.43415542062314,106274.81993775188,5.5,5.628405991683041,16907.519114106904,1.434568156117823,106274.81993775188,1.423634917538949,106507.94182544915,False,False
442.5,0.005,0.0017881327321627573,0.55,1.4351034673291292,7.694689598012612,307.3699571510616,106274.80331532354,5.5,5.628396539123022,16911.966507540343,1.4351034673291292,106274.80331532354,1.4379926340008162,106246.21757921936,False,False
443.0,0.005,0.0017883678150827863,0.55,1.4356387393599488,7.693083781920153,307.30576360680817,106274.78669634055,5.5,5.628387088506856,16916.413577647487,1.4356387393599488,106274.78669634055,1.4480882131464132,106134.39380234327,False,False
443.5,0.005,0.0017886028500199674,0.55,1.4361739722182787,7.691478083345164,307.24157478689136,106274.77008080119,5.5,5.628377639833663,16920.860324493486,1.4361739722182787,106274.77008080119,1.4318605778358835,106085.96673550084,False,False
444.0,0.005,0.0017888378369966475,0.55,1.4367091659121125,7.689872502263663,307.17739069034013,106274.75346870392,5.5,5.628368193102473,16925.306748143303,1.4367091659121125,106274.75346870392,1.411692167470516,106415.09940357681,False,False
444.5,0.005,0.0017890727760351654,0.55,1.43724432044944,7.68826703865168,307.11321131618394,106274.73686004712,5.5,5.628358748312429,16929.752848662065,1.43724432044944,106274.73686004712,1.4202043918233362,106333.26805198999,False,False
445.0,0.005,0.0017893076671578387,0.55,1.4377794358382472,7.686661692485258,307.0490366634526,106274.72025482915,5.5,5.628349305462623,16934.19862611478,1.4377794358382472,106274.72025482915,1.429449068610287,106463.54145665982,False,False
445.5,0.005,0.0017895425103869654,0.55,1.438314512086516,7.685056463740452,306.98486673117657,106274.7036530484,5.5,5.628339864552121,16938.644080566377,1.438314512086516,106274.7036530484,1.4327372232115638,106314.26579698475,False,False
446.0,0.005,0.001789777305744829,0.55,1.438849549202225,7.683451352393325,306.9207015183866,106274.68705470327,5.5,5.628330425580022,16943.089212081817,1.438849549202225,106274.68705470327,1.4347656629296779,106520.31623980751,False,False
446.5,0.005,0.001790012053253697,0.55,1.4393845471933495,7.681846358419952,306.8565410241139,106274.67045979212,5.5,5.6283209885454255,16947.534020726027,1.4393845471933495,106274.67045979212,1.4397703584231587,106303.04821967943,False,False
447.0,0.005,0.0017902467529358158,0.55,1.4399195060678602,7.680241481796419,306.7923852473902,106274.65386831337,5.5,5.628311553447408,16951.978506563864,1.4399195060678602,106274.65386831337,1.4368020427596357,106510.06048315288,False,False
447.5,0.005,0.0017904814048134196,0.55,1.4404544258337246,7.678636722498826,306.72823418724766,106274.63728026541,5.5,5.628302120285083,16956.42266966022,1.4404544258337246,106274.63728026541,1.4509478219391587,106535.8841113754,False,False
448.0,0.005,0.0017907160089087229,0.55,1.4409893064989066,7.67703208050328,306.6640878427189,106274.6206956466,5.5,5.628292689057544,16960.86651007992,1.4409893064989066,106274.6206956466,1.434229133442093,106033.26270657916,False,False
448.5,0.005,0.0017909505652439228,0.55,1.4415241480713659,7.675427555785903,306.599946212837,106274.60411445537,5.5,5.628283259763875,16965.31002788774,1.4415241480713659,106274.60411445537,1.4329009684766105,105732.16090039416,False,False
449.0,0.005,0.0017911850738412003,0.55,1.442058950559059,7.673823148322823,306.5358092966354,106274.5875366901,5.5,5.628273832403181,16969.75322314846,1.442058950559059,106274.5875366901,1.4468477059442637,106737.63539349446,False,False
449.5,0.005,0.0017914195347227195,0.55,1.4425937139699387,7.672218858090184,306.4716770931481,106274.57096234916,5.5,5.628264406974556,16974.196095926818,1.4425937139699387,106274.57096234916,1.4272372932706776,,False,True
450.0,0.005,0.0017916539479106255,0.55,1.4431284383119536,7.670614685064139,306.4075496014096,106274.554391431,5.5,5.628254983477082,16978.63864628749,1.4431284383119536,106274.554391431,1.4470253553651535,105760.20862278216,False,False
450.5,0.005,0.001791888313427051,0.55,1.443663123593049,7.669010629220853,306.3434268204546,106274.53782393395,5.5,5.628245561909891,16983.08087429522,1.443663123593049,106274.53782393395,1.4446886554303118,106060.39197476834,False,False
451.0,0.005,0.0017921226312941055,0.55,1.4441977698211668,7.6674066905365,306.2793087493186,106274.5212598565,5.5,5.628236142272041,16987.522780014588,1.4441977698211668,106274.5212598565,1.4427233449219852,106506.08354756744,False,False
451.5,0.005,0.0017923569015338902,0.55,1.4447323770042444,7.665802868987267,306.2151953870373,106274.50469919696,5.5,5.6282267245626825,16991.9643635103,1.4447323770042444,106274.50469919696,1.460615138075737,106190.60164985708,False,False
452.0,0.005,0.0017925911241684783,0.55,1.4452669451502163,7.664199164549351,306.15108673264683,106274.48814195381,5.5,5.628217308780866,16996.405624846848,1.4452669451502163,106274.48814195381,1.4390448706972692,106120.86971615808,False,False
452.5,0.005,0.0017928252992199369,0.55,1.4458014742670129,7.662595577198961,306.086982785184,106274.47158812538,5.5,5.628207894925738,17000.84656408889,1.4458014742670129,106274.47158812538,1.4664044559722538,106694.73614621926,False,False
453.0,0.005,0.0017930594267103076,0.55,1.446335964362561,7.660992106912317,306.0228835436858,106274.45503771013,5.5,5.628198482996352,17005.287181300868,1.446335964362561,106274.45503771013,1.44408164987028,105960.26889379499,False,False
453.5,0.005,0.0017932935066616207,0.55,1.4468704154447842,7.659388753665647,305.95878900718986,106274.43849070644,5.5,5.628189072991845,17009.72747654734,1.4468704154447842,106274.43849070644,1.434100250995082,106034.99248337999,False,False
454.0,0.005,0.0017935275390958884,0.55,1.4474048275216016,7.657785517435196,305.8946991747342,106274.42194711273,5.5,5.628179664911312,17014.16744989277,1.4474048275216016,106274.42194711273,1.4481040233315499,106337.8378896272,False,False
454.5,0.005,0.0017937615240351049,0.55,1.447939200600929,7.656182398197213,305.8306140453573,106274.4054069274,5.5,5.628170258753857,17018.607101401605,1.447939200600929,106274.4054069274,1.4371767485977414,106391.54188654356,False,False
455.0,0.005,0.0017939954615012479,0.55,1.448473534690679,7.654579395927963,305.76653361809804,106274.38887014885,5.5,5.628160854518584,17023.046431138246,1.448473534690679,106274.38887014885,1.440955976212544,106423.29178045107,False,False
455.5,0.005,0.0017942293515162786,0.55,1.4490078297987596,7.652976510603721,305.7024578919957,106274.3723367755,5.5,5.628151452204588,17027.485439167074,1.4490078297987596,106274.3723367755,1.4529781627989145,106547.74375014618,False,False
456.0,0.005,0.0017944631941021422,0.55,1.4495420859330759,7.651373742200772,305.63838686609023,106274.35580680575,5.5,5.628142051810989,17031.924125552458,1.4495420859330759,106274.35580680575,1.455097906819577,106333.9293930102,False,False
456.5,0.005,0.001794696989280765,0.55,1.4500763031015291,7.649771090695412,305.5743205394218,106274.33928023805,5.5,5.628132653336876,17036.362490358697,1.4500763031015291,106274.33928023805,1.4438546260989866,106421.15446191958,False,False
457.0,0.005,0.0017949307370740614,0.55,1.4506104813120169,7.64816855606395,305.51025891103114,106274.32275707077,5.5,5.6281232567813895,17040.800533650156,1.4506104813120169,106274.32275707077,1.460484532762481,106196.55997927624,False,False
457.5,0.005,0.001795164437503922,0.55,1.451144620572433,7.646566138282701,305.44620197995937,106274.30623730237,5.5,5.628113862143597,17045.238255491022,1.451144620572433,106274.30623730237,1.4627196981526442,106293.11572827339,False,False
458.0,0.005,0.0017953980905922276,0.55,1.4516787208906676,7.644963837327997,305.38214974524806,106274.2897209312,5.5,5.628104469422647,17049.675655945604,1.4516787208906676,106274.2897209312,1.4660417384563005,106306.5499749473,False,False
458.5,0.005,0.0017956316963608358,0.55,1.4522127822746076,7.643361653176177,305.3181022059392,106274.27320795573,5.5,5.628095078617606,17054.112735078037,1.4522127822746076,106274.27320795573,1.4575069163458647,106338.80264870144,False,False
459.0,0.005,0.0017958652548315925,0.55,1.4527468047321357,7.641759585803593,305.2540593610754,106274.25669837436,5.5,5.628085689727608,17058.549492952545,1.4527468047321357,106274.25669837436,1.4663810918529927,106506.01864064918,False,False
459.5,0.005,0.001796098766026326,0.55,1.4532807882711314,7.640157635186606,305.1900212096995,106274.24019218552,5.5,5.628076302751758,17062.985929633272,1.4532807882711314,106274.24019218552,1.4344728039913908,106440.78389676897,False,False
460.0,0.005,0.0017963322299668473,0.55,1.4538147328994702,7.63855580130159,305.12598775085496,106274.22368938761,5.5,5.628066917689175,17067.42204518435,1.4538147328994702,106274.22368938761,1.4506356674131855,106287.48879025766,False,False
460.5,0.005,0.0017965656466749499,0.55,1.4543486386250244,7.636954084124927,305.0619589835855,106274.2071899791,5.5,5.628057534538956,17071.857839669843,1.4543486386250244,106274.2071899791,1.4456785860617902,106031.46939449679,False,False
461.0,0.005,0.001796799016172414,0.55,1.4548825054556622,7.635352483633014,304.99793490693537,106274.19069395834,5.5,5.628048153300242,17076.29331315387,1.4548825054556622,106274.19069395834,1.456074764066936,106294.49207137716,False,False
461.5,0.005,0.001797032338480997,0.55,1.4554163333992487,7.633750999802254,304.9339155199493,106274.17420132383,5.5,5.628038773972102,17080.728465700384,1.4554163333992487,106274.17420132383,1.4497018412072813,106265.7688658551,False,False
462.0,0.005,0.001797265613622447,0.55,1.4559501224636449,7.632149632609066,304.8699008216725,106274.15771207398,5.5,5.62802939655369,17085.16329737346,1.4559501224636449,106274.15771207398,1.4542885440441475,106332.11218601794,False,False
462.5,0.005,0.0017974988416184932,0.55,1.4564838726567084,7.6305483820298745,304.80589081115045,106274.14122620718,5.5,5.628020021044123,17089.597808237086,1.4564838726567084,106274.14122620718,1.475305621458749,106936.0988183493,False,False
463.0,0.005,0.001797732022490844,0.55,1.4570175839862933,7.62894724804112,304.7418854874292,106274.12474372187,5.5,5.628010647442484,17094.031998355145,1.4570175839862933,106274.12474372187,1.4553203860220896,106116.9929101595,False,False
463.5,0.005,0.001797965156261196,0.55,1.4575512564602497,7.627346230619251,304.67788484955526,106274.10826461649,5.5,5.6280012757478985,17098.46586779158,1.4575512564602497,106274.10826461649,1.4616891796321518,106400.7949703541,False,False
464.0,0.005,0.0017981982429512275,0.55,1.4580848900864245,7.6257453297407265,304.61388889657553,106274.09178888949,5.5,5.6279919059594885,17102.89941661028,1.4580848900864245,106274.09178888949,1.455762196787182,106594.63040906278,False,False
464.5,0.005,0.001798431282582603,0.55,1.4586184848726607,7.624144545382018,304.54989762753735,106274.07531653927,5.5,5.627982538076388,17107.33264487514,1.4586184848726607,106274.07531653927,1.459375617752229,106303.47589076908,False,False
465.0,0.005,0.0017986642751769664,0.55,1.4591520408267977,7.622543877519607,304.4859110414885,106274.05884756427,5.5,5.627973172097687,17111.765552649947,1.4591520408267977,106274.05884756427,1.4592122076311584,106975.41238331592,False,False
465.5,0.005,0.0017988972207559476,0.55,1.4596855579566717,7.620943326129985,304.42192913747726,106274.04238196292,5.5,5.62796380802252,17116.198139998523,1.4596855579566717,106274.04238196292,1.4641687986164031,106160.63059444347,False,False
466.0,0.005,0.0017991301193411588,0.55,1.4602190362701148,7.619342891189655,304.35795191455225,106274.02591973367,5.5,5.627954445849992,17120.63040698463,1.4602190362701148,106274.02591973367,1.4718721116255866,106371.25268642968,False,False
466.5,0.005,0.001799362970954198,0.55,1.4607524757749557,7.617742572675133,304.29397937176265,106274.00946087498,5.5,5.627945085579238,17125.062353672023,1.4607524757749557,106274.00946087498,1.477226415750989,106034.36773740708,False,False
467.0,0.005,0.0017995957756166464,0.55,1.4612858764790195,7.616142370562941,304.23001150815793,106273.99300538521,5.5,5.627935727209388,17129.493980124447,1.4612858764790195,106273.99300538521,1.464382077298111,106168.53558484223,False,False
467.5,0.005,0.0017998285333500647,0.55,1.4618192383901278,7.614542284829616,304.1660483227882,106273.97655326291,5.5,5.627926370739527,17133.92528640552,1.4618192383901278,106273.97655326291,1.467714707250484,106348.6567263819,False,False
468.0,0.005,0.0018000612441760047,0.55,1.4623525615160986,7.612942315451704,304.1020898147038,106273.96010450642,5.5,5.627917016168826,17138.35627257899,1.4623525615160986,106273.96010450642,1.450843916424243,106527.85132319873,False,False
468.5,0.005,0.001800293908115994,0.55,1.462885845864746,7.611342462405762,304.0381359829556,106273.94365911424,5.5,5.627907663496362,17142.786938708407,1.462885845864746,106273.94365911424,1.4620070784405899,106369.67210932131,False,False
469.0,0.005,0.0018005265251915502,0.55,1.4634190914438807,7.609742725668358,303.974186826595,106273.92721708478,5.5,5.627898312721292,17147.217284857426,1.4634190914438807,106273.92721708478,1.4728219860927165,106651.6616718852,False,False
469.5,0.005,0.00180075909542417,0.55,1.46395229826131,7.60814310521607,303.91024234467363,106273.91077841651,5.5,5.6278889638427145,17151.647311089582,1.46395229826131,106273.91077841651,1.4726119846454815,106245.42118523871,False,False
470.0,0.005,0.0018009916188353372,0.55,1.4644854663248374,7.606543601025487,303.84630253624374,106273.89434310784,5.5,5.62787961685977,17156.077017468444,1.4644854663248374,106273.89434310784,1.466601563652788,106174.24378415613,False,False
470.5,0.005,0.0018012240954465163,0.55,1.465018595642263,7.604944213073211,303.78236740035794,106273.87791115725,5.5,5.627870271771566,17160.506404057494,1.465018595642263,106273.87791115725,1.4738825352379425,107085.07344334107,False,False
471.0,0.005,0.0018014565252791593,0.55,1.465551686221383,7.603344941335851,303.71843693606934,106273.8614825632,5.5,5.627860928577252,17164.93547092026,1.465551686221383,106273.8614825632,1.4704593533113213,106392.1327773958,False,False
471.5,0.005,0.0018016889083547003,0.55,1.4660847380699906,7.601745785790028,303.6545111424314,106273.8450573241,5.5,5.627851587275952,17169.3642181202,1.4660847380699906,106273.8450573241,1.478087800652584,106058.00059353054,False,False
472.0,0.005,0.001801921244694555,0.55,1.466617751195875,7.600146746412375,303.590590018498,106273.82863543842,5.5,5.627842247866782,17173.792645720714,1.466617751195875,106273.82863543842,1.469511342765446,106065.549506764,False,False
472.5,0.005,0.0018021535343201254,0.55,1.4671507256068215,7.598547823179535,303.5266735633236,106273.8122169046,5.5,5.627832910348874,17178.220753785223,1.4671507256068215,106273.8122169046,1.4635937424511112,105991.0082425452,False,False
473.0,0.005,0.0018023857772527965,0.55,1.4676836613106126,7.596949016068162,303.4627617759629,106273.79580172109,5.5,5.6278235747213525,17182.64854237708,1.4676836613106126,106273.79580172109,1.4710420738799428,106554.76660847812,False,False
473.5,0.005,0.0018026179735139373,0.55,1.4682165583150268,7.59535032505492,303.39885465547127,106273.77938988636,5.5,5.627814240983348,17187.076011559635,1.4682165583150268,106273.77938988636,1.4389106145564992,106164.46620201839,False,False
474.0,0.005,0.0018028501231249015,0.55,1.4687494166278394,7.593751750116482,303.3349522009043,106273.76298139888,5.5,5.627804909133996,17191.503161396213,1.4687494166278394,106273.76298139888,1.47257827399169,106311.97172409583,False,False
474.5,0.005,0.0018030822261070265,0.55,1.4692822362568216,7.592153291229535,303.27105441131806,106273.74657625704,5.5,5.627795579172434,17195.929991950114,1.4692822362568216,106273.74657625704,1.4327981080046739,106254.69397392556,False,False
475.0,0.005,0.0018033142824816295,0.55,1.4698150172097413,7.590554948370777,303.2071612857692,106273.73017445936,5.5,5.627786251097764,17200.356503284544,1.4698150172097413,106273.73017445936,1.4525803831356872,106493.17789684163,False,False
475.5,0.005,0.0018035462922700194,0.55,1.470347759494363,7.588956721516911,303.1432728233146,106273.71377600428,5.5,5.62777692490915,17204.782695462785,1.470347759494363,106273.71377600428,1.4748654455037729,106019.69054813907,False,False
476.0,0.005,0.001803778255493483,0.55,1.4708804631184476,7.5873586106446576,303.07938902301174,106273.69738089025,5.5,5.627767600605715,17209.208568548027,1.4708804631184476,106273.69738089025,1.4756557564911155,105951.02569504736,False,False
476.5,0.005,0.001804010172173292,0.55,1.471413128089752,7.585760615730744,303.01550988391847,106273.68098911575,5.5,5.627758278186585,17213.634122603427,1.471413128089752,106273.68098911575,1.4597888402883528,106340.97018127023,False,False
477.0,0.005,0.0018042420423307047,0.55,1.4719457544160301,7.584162736751909,302.95163540509304,106273.66460067923,5.5,5.627748957650899,17218.059357692146,1.4719457544160301,106273.66460067923,1.4648247339972407,106453.9523860892,False,False
477.5,0.005,0.0018044738659869605,0.55,1.4724783421050323,7.582564973684903,302.88776558559414,106273.64821557915,5.5,5.627739638997798,17222.484273877297,1.4724783421050323,106273.64821557915,1.4861837519911736,106373.40790950843,False,False
478.0,0.005,0.001804705643163284,0.55,1.473010891164505,7.580967326506485,302.82390042448094,106273.63183381397,5.5,5.627730322226406,17226.908871221956,1.473010891164505,106273.63183381397,1.4681705898487782,106030.79571508477,False,False
478.5,0.005,0.0018049373738808832,0.55,1.4735434016021915,7.579369795193426,302.760039920813,106273.61545538214,5.5,5.627721007335864,17231.333149789192,1.4735434016021915,106273.61545538214,1.4959726047262214,106476.86090800956,False,False
479.0,0.005,0.0018051690581609506,0.55,1.4740758734258315,7.577772379722505,302.6961840736504,106273.59908028219,5.5,5.6277116943252965,17235.757109642014,1.4740758734258315,106273.59908028219,1.474056674894068,106050.4408021535,False,False
479.5,0.005,0.0018054006960246658,0.55,1.4746083066431608,7.576175080070517,302.63233288205345,106273.5827085125,5.5,5.627702383193876,17240.180750843487,1.4746083066431608,106273.5827085125,1.4786886684119736,106117.12111507659,False,False
480.0,0.005,0.0018056322874931846,0.55,1.475140701261912,7.574577896214264,302.5684863450831,106273.56634007161,5.5,5.627693073940692,17244.604073456503,1.475140701261912,106273.56634007161,1.491309445246898,105990.38028265501,False,False
480.5,0.005,0.0018058638325876555,0.55,1.475673057289814,7.572980828130558,302.50464446180064,106273.54997495798,5.5,5.627683766564921,17249.027077544066,1.475673057289814,106273.54997495798,1.4769833284517482,106663.89747955359,False,False
481.0,0.005,0.0018060953313292067,0.55,1.4762053747345925,7.571383875796222,302.4408072312678,106273.53361317003,5.5,5.627674461065693,17253.44976316909,1.4762053747345925,106273.53361317003,1.4661819349276843,106463.56007547824,False,False
481.5,0.005,0.0018063267837389498,0.55,1.4767376536039694,7.569787039188092,302.3769746525467,106273.51725470627,5.5,5.627665157442134,17257.872130394433,1.4767376536039694,106273.51725470627,1.4756403790870265,106455.01526740994,False,False
482.0,0.005,0.0018065581898379821,0.55,1.477269893905663,7.568190318283011,302.3131467247,106273.50089956516,5.5,5.6276558556933916,17262.294179282966,1.477269893905663,106273.50089956516,1.476913786543762,106647.6643259079,False,False
482.5,0.005,0.0018067895496473858,0.55,1.4778020956473885,7.566593713057834,302.2493234467907,106273.4845477452,5.5,5.627646555818606,17266.71590989753,1.4778020956473885,106273.4845477452,1.4641546791253728,107117.27932221683,False,False
483.0,0.005,0.001807020863188227,0.55,1.478334258836857,7.564997223489429,302.18550481788225,106273.46819924486,5.5,5.627637257816935,17271.13732230095,1.478334258836857,106273.46819924486,1.4757759381234488,105760.70036807182,False,False
483.5,0.005,0.0018072521304815545,0.55,1.4788663834817768,7.56340084955467,302.1216908370385,106273.45185406259,5.5,5.62762796168751,17275.558416555992,1.4788663834817768,106273.45185406259,1.4714444625418024,106051.93887979946,False,False
484.0,0.005,0.0018074833515484016,0.55,1.479398469589852,7.561804591230444,302.05788150332376,106273.43551219687,5.5,5.627618667429463,17279.979192725383,1.479398469589852,106273.43551219687,1.4886420471617265,106088.58298694452,False,False
484.5,0.005,0.001807714526409787,0.55,1.4799305171687838,7.560208448493649,301.99407681580277,106273.41917364621,5.5,5.627609375041942,17284.399650871852,1.4799305171687838,106273.41917364621,1.4802766359106363,106018.1732869314,False,False
485.0,0.005,0.0018079456550867136,0.55,1.4804625262262694,7.558612421321191,301.9302767735407,106273.40283840908,5.5,5.627600084524107,17288.819791058115,1.4804625262262694,106273.40283840908,1.4776345687347936,105950.12786412796,False,False
485.5,0.005,0.0018081767376001677,0.55,1.4809944967700026,7.557016509689992,301.86648137560314,106273.38650648392,5.5,5.627590795875096,17293.239613346825,1.4809944967700026,106273.38650648392,1.4799326774637769,106183.49058726731,False,False
486.0,0.005,0.001808407773971118,0.55,1.4815264288076742,7.555420713576978,301.8026906210561,106273.37017786929,5.5,5.627581509094035,17297.659117800584,1.4815264288076742,106273.37017786929,1.483757648991736,105908.38906328248,False,False
486.5,0.005,0.0018086387642205243,0.55,1.4820583223469708,7.553825032959088,301.7389045089661,106273.3538525636,5.5,5.62757222418011,17302.078304482086,1.4820583223469708,106273.3538525636,1.4882264643438685,106373.86656282481,False,False
487.0,0.005,0.0018088697083693212,0.55,1.4825901773955759,7.552229467813272,301.6751230383999,106273.33753056539,5.5,5.627562941132424,17306.497173453812,1.4825901773955759,106273.33753056539,1.472593055108882,106288.84702699397,False,False
487.5,0.005,0.001809100606438436,0.55,1.4831219939611695,7.550634018116492,301.6113462084248,106273.3212118731,5.5,5.627553659950165,17310.9157247784,1.4831219939611695,106273.3212118731,1.4727061176349567,106417.6298113022,False,False
488.0,0.005,0.0018093314584487746,0.55,1.483653772051428,7.5490386838457155,301.54757401810855,106273.30489648524,5.5,5.627544380632449,17315.333958518313,1.483653772051428,106273.30489648524,1.4947005642054534,106425.62343197671,False,False
488.5,0.005,0.0018095622644212297,0.55,1.4841855116740246,7.547443464977926,301.48380646651935,106273.28858440032,5.5,5.627535103178434,17319.751874736066,1.4841855116740246,106273.28858440032,1.4800621429519774,106454.19064042832,False,False
489.0,0.005,0.0018097930243766807,0.55,1.4847172128366284,7.545848361490115,301.4200435527257,106273.27227561676,5.5,5.627525827587292,17324.16947349417,1.4847172128366284,106273.27227561676,1.4705487919106597,106161.2495945696,False,False
489.5,0.005,0.0018100237383359844,0.55,1.4852488755469058,7.5442533733592825,301.3562852757966,106273.25597013313,5.5,5.62751655385813,17328.58675485499,1.4852488755469058,106273.25597013313,1.4896870026407367,106909.59899092323,False,False
490.0,0.005,0.0018102544063199907,0.55,1.485780499812519,7.5426585005624425,301.29253163480155,106273.23966794788,5.5,5.62750728199014,17333.00371888101,1.485780499812519,106273.23966794788,1.4904141978728458,106343.56900289252,False,False
490.5,0.005,0.001810485028349527,0.55,1.4863120856411274,7.541063743076618,301.22878262881034,106273.2233690595,5.5,5.627498011982453,17337.420365634574,1.4863120856411274,106273.2233690595,1.4710049330685604,105714.47794327207,False,False
491.0,0.005,0.001810715604445408,0.55,1.4868436330403865,7.539469100878841,301.16503825689324,106273.20707346649,5.5,5.627488743834217,17341.83669517804,1.4868436330403865,106273.20707346649,1.4891384501950224,105972.49434973662,False,False
491.5,0.005,0.0018109461346284333,0.55,1.4873751420179484,7.537874573946155,301.1012985181209,106273.19078116734,5.5,5.62747947754459,17346.252707573753,1.4873751420179484,106273.19078116734,1.4947309729422322,105751.039884459,False,False
492.0,0.005,0.001811176618919386,0.55,1.4879066125814617,7.536280162255615,301.0375634115646,106273.1744921606,5.5,5.627470213112728,17350.66840288401,1.4879066125814617,106273.1744921606,1.4916504770985244,106278.37488090599,False,False
492.5,0.005,0.0018114070573390358,0.55,1.4884380447385719,7.534685865784285,300.97383293629565,106273.15820644468,5.5,5.627460950537804,17355.083781171117,1.4884380447385719,106273.15820644468,1.494757859576186,106236.61663922868,False,False
493.0,0.005,0.0018116374499081325,0.55,1.4889694384969205,7.533091684509238,300.9101070913862,106273.14192401813,5.5,5.627451689818935,17359.49884249727,1.4889694384969205,106273.14192401813,,106132.61421464829,True,False
493.5,0.005,0.0018118677966474132,0.55,1.489500793864146,7.5314976184075615,300.84638587590854,106273.12564487946,5.5,5.627442430955293,17363.9135869247,1.489500793864146,106273.12564487946,1.492811195414108,106876.40347859962,False,False
494.0,0.005,0.001812098097577602,0.55,1.4900321108478831,7.529903667456351,300.7826692889355,106273.10936902711,5.5,5.627433173946052,17368.32801451564,1.4900321108478831,106273.10936902711,1.4870059132531785,,False,True
494.5,0.005,0.0018123283527194008,0.55,1.4905633894557633,7.52830983163271,300.71895732954033,106273.09309645965,5.5,5.627423918790328,17372.74212533218,1.4905633894557633,106273.09309645965,1.4857354878685167,106490.92260489355,False,False
495.0,0.005,0.0018125585620935038,0.55,1.4910946296954144,7.526716110913757,300.65524999679667,106273.07682717555,5.5,5.6274146654873185,17377.155919436533,1.4910946296954144,106273.07682717555,1.4998001857896117,105993.75478079292,False,False
495.5,0.005,0.0018127887257205846,0.55,1.491625831574461,7.525122505276617,300.5915472897786,106273.06056117333,5.5,5.627405414036164,17381.569396890765,1.491625831574461,106273.06056117333,1.5064185766812033,105973.31709377404,False,False
496.0,0.005,0.001813018843621304,0.55,1.4921569951005242,7.523529014698427,300.52784920756056,106273.04429845144,5.5,5.627396164436029,17385.98255775698,1.4921569951005242,106273.04429845144,1.510100695646528,106284.08594818052,False,False
496.5,0.005,0.001813248915816302,0.55,1.4926881202812214,7.521935639156336,300.4641557492175,106273.02803900845,5.5,5.6273869166860395,17390.395402097158,1.4926881202812214,106273.02803900845,1.5058361989962805,106324.93018090412,False,False
497.0,0.005,0.001813478942326213,0.55,1.493219207124167,7.5203423786274985,300.4004669138248,106273.01178284286,5.5,5.627377670785399,17394.807929973416,1.493219207124167,106273.01178284286,1.4921218653078652,105716.11831270852,False,False
497.5,0.005,0.0018137089231716492,0.55,1.4937502556369717,7.518749233089085,300.3367827004582,106272.99552995314,5.5,5.627368426733256,17399.22014144773,1.4937502556369717,106272.99552995314,1.4972774572672352,106218.90342309828,False,False
498.0,0.005,0.0018139388583732065,0.55,1.4942812658272429,7.517156202518271,300.2731031081938,106272.97928033785,5.5,5.627359184528753,17403.632036582032,1.4942812658272429,106272.97928033785,1.5019494945450853,106277.2009051999,False,False
498.5,0.005,0.0018141687479514708,0.55,1.4948122377025843,7.515563286892247,300.2094281361083,106272.96303399549,5.5,5.62734994417108,17408.043615438313,1.4948122377025843,106272.96303399549,1.496024017195579,106208.41828426415,False,False
499.0,0.005,0.0018143985919270098,0.55,1.4953431712705965,7.51397048618821,300.14575778327855,106272.94679092453,5.5,5.627340705659391,17412.45487807849,1.4953431712705965,106272.94679092453,1.4966508131497118,106028.92966722052,False,False
499.5,0.005,0.0018146283903203728,0.55,1.4958740665388763,7.512377800383371,300.08209204878216,106272.9305511235,5.5,5.627331468992828,17416.865824564396,1.4958740665388763,106272.9305511235,1.5041115978576383,106111.06999654716,False,False
500.0,0.005,0.0018148581431520984,0.55,1.4964049235150176,7.510785229454947,300.01843093169686,106272.91431459095,5.5,5.627322234170565,17421.276454957922,1.4964049235150176,106272.91431459095,,106219.85655651911,True,False
500.5,0.005,0.0018150878504427101,0.55,1.4969357422066105,7.509192773380168,299.954774431101,106272.89808132537,5.5,5.627313001191782,17425.68676932092,1.4969357422066105,106272.89808132537,1.4896428728428739,106300.13808840839,False,False
501.0,0.005,0.0018153175122127135,0.55,1.4974665226212418,7.507600432136274,299.8911225460732,106272.88185132528,5.5,5.627303770055637,17430.096767715193,1.4974665226212418,106272.88185132528,1.4933217919628832,106454.31932609045,False,False
501.5,0.005,0.001815547128482599,0.55,1.4979972647664948,7.506008205700516,299.8274752756925,106272.86562458915,5.5,5.627294540761286,17434.5064502025,1.4979972647664948,106272.86562458915,1.5043363685438322,106597.12248607441,False,False
502.0,0.005,0.001815776699272842,0.55,1.4985279686499493,7.504416094050152,299.76383261903857,106272.84940111557,5.5,5.627285313307878,17438.915816844565,1.4985279686499493,106272.84940111557,1.4985579015619488,106184.54508405739,False,False
502.5,0.005,0.0018160062246039062,0.55,1.499058634279182,7.502824097162454,299.70019457519123,106272.83318090304,5.5,5.627276087694619,17443.324867703173,1.499058634279182,106272.83318090304,1.5024607340478655,106135.98632206843,False,False
503.0,0.005,0.0018162357044962357,0.55,1.499589261661766,7.501232215014702,299.6365611432309,106272.81696395003,5.5,5.627266863920657,17447.733602839995,1.499589261661766,106272.81696395003,1.506290054083788,106404.11366601032,False,False
503.5,0.005,0.0018164651389702597,0.55,1.500119850805271,7.499640447584187,299.57293232223833,106272.80075025515,5.5,5.627257641985141,17452.142022316664,1.500119850805271,106272.80075025515,1.496371436176295,106456.0542251784,False,False
504.0,0.005,0.001816694528046398,0.55,1.5006504017172633,7.49804879484821,299.5093081112947,106272.78453981684,5.5,5.627248421887286,17456.550126194903,1.5006504017172633,106272.78453981684,1.5082128833535613,106142.52440983917,False,False
504.5,0.005,0.0018169238717450462,0.55,1.5011809144053057,7.496457256784083,299.44568850948156,106272.76833263368,5.5,5.627239203626215,17460.957914536244,1.5011809144053057,106272.76833263368,1.5049693404398896,106509.88637572354,False,False
505.0,0.005,0.0018171531700865926,0.55,1.501711388876958,7.494865833369126,299.382073515881,106272.75212870422,5.5,5.627229987201126,17465.365387402326,1.501711388876958,106272.75212870422,,106566.627731051,True,False
505.5,0.005,0.0018173824230914082,0.55,1.502241825139776,7.493274524580672,299.31846312957543,106272.73592802687,5.5,5.6272207726112,17469.77254485473,1.502241825139776,106272.73592802687,1.5166648730516386,106660.24186772447,False,False
506.0,0.005,0.001817611630779843,0.55,1.5027722232013128,7.491683330396062,299.25485734964764,106272.71973060025,5.5,5.627211559855555,17474.179386954893,1.5027722232013128,106272.71973060025,1.4977647757637436,106806.2160026162,False,False
506.5,0.005,0.0018178407931722408,0.55,1.5033025830691173,7.490092250792648,299.1912561751809,106272.70353642286,5.5,5.627202348933402,17478.585913764393,1.5033025830691173,106272.70353642286,1.4867516296372656,106012.77869482503,False,False
507.0,0.005,0.001818069910288926,0.55,1.503832904750736,7.488501285747792,299.12765960525894,106272.68734549324,5.5,5.627193139843907,17482.9921253447,1.503832904750736,106272.68734549324,1.4933824676548728,106276.85680829299,False,False
507.5,0.005,0.0018182989821502074,0.55,1.504363188253711,7.486910435238867,299.0640676389658,106272.67115780993,5.5,5.627183932586237,17487.398021757246,1.504363188253711,106272.67115780993,1.4941527366469278,106276.05446679554,False,False
508.0,0.005,0.0018185280087763826,0.55,1.5048934335855815,7.485319699243256,299.000480275386,106272.65497337143,5.5,5.627174727159589,17491.803603063505,1.5048934335855815,106272.65497337143,1.5054151667721567,106243.23290281168,False,False
508.5,0.005,0.0018187569901877278,0.55,1.5054236407538835,7.483729077738349,298.93689751360444,106272.63879217631,5.5,5.6271655235631,17496.208869324808,1.5054236407538835,106272.63879217631,1.502685135698421,106077.85991629327,False,False
509.0,0.005,0.00181898592640451,0.55,1.5059538097661493,7.482138570701552,298.87331935270646,106272.62261422307,5.5,5.627156321795972,17500.613820602564,1.5059538097661493,106272.62261422307,1.5025854900897435,105826.95401325375,False,False
509.5,0.005,0.0018192148174469786,0.55,1.5064839406299082,7.480548178110276,298.8097457917778,106272.60643951029,5.5,5.6271471218573685,17505.01845695811,1.5064839406299082,106272.60643951029,1.512680960284733,106300.410273319,False,False
510.0,0.005,0.0018194436633353693,0.55,1.5070140333526856,7.4789578999419435,298.7461768299046,106272.59026803645,5.5,5.62713792374648,17509.422778452776,1.5070140333526856,106272.59026803645,1.5104127869646127,106042.08357017208,False,False
510.5,0.005,0.0018196724640899007,0.55,1.507544087942004,7.4773677361739885,298.68261246617334,106272.57409980011,5.5,5.627128727462462,17513.826785147823,1.507544087942004,106272.57409980011,1.5107045666484467,106298.3721440244,False,False
511.0,0.005,0.001819901219730778,0.55,1.508074104405382,7.475777686783854,298.6190526996711,106272.55793479981,5.5,5.627119533004495,17518.230477104513,1.508074104405382,106272.55793479981,1.512172388978669,106034.34487229015,False,False
511.5,0.005,0.0018201299302781913,0.55,1.5086040827503358,7.4741877517489925,298.5554975294852,106272.54177303413,5.5,5.627110340371762,17522.63385438409,1.5086040827503358,106272.54177303413,1.514765429430358,105942.64426928082,False,False
512.0,0.005,0.0018203585957523177,0.55,1.509134022984377,7.472597931046868,298.49194695470345,106272.52561450153,5.5,5.627101149563461,17527.0369170478,1.509134022984377,106272.52561450153,1.4880544895666026,106342.8151226146,False,False
512.5,0.005,0.001820587216173315,0.55,1.5096639251150148,7.471008224654955,298.4284009744141,106272.50945920059,5.5,5.627091960578731,17531.43966515676,1.5096639251150148,106272.50945920059,1.5060195425923701,106317.78591724254,False,False
513.0,0.005,0.0018208157915613288,0.55,1.5101937891497546,7.469418632550736,298.3648595877057,106272.49330712987,5.5,5.627082773416772,17535.84209877214,1.5101937891497546,106272.49330712987,1.4883916885048598,106446.27789852615,False,False
513.5,0.005,0.0018210443219364915,0.55,1.5107236150960985,7.467829154711705,298.30132279366734,106272.4771582879,5.5,5.6270735880767715,17540.2442179551,1.5107236150960985,106272.4771582879,1.5110842143640766,106928.23628821319,False,False
514.0,0.005,0.0018212728073189184,0.55,1.5112534029615454,7.466239791115363,298.2377905913884,106272.46101267324,5.5,5.627064404557903,17544.64602276672,1.5112534029615454,106272.46101267324,1.511207073239302,106355.6478720365,False,False
514.5,0.005,0.0018215012477287107,0.55,1.5117831527535905,7.464650541739228,298.1742629799587,106272.44487028437,5.5,5.627055222859357,17549.04751326809,1.5117831527535905,106272.44487028437,1.5222384755014873,106417.9694004036,False,False
515.0,0.005,0.0018217296431859503,0.55,1.5123128644797261,7.463061406560822,298.11073995846857,106272.42873111992,5.5,5.627046042980273,17553.44868952018,1.5123128644797261,106272.42873111992,1.5241892084069373,105949.16033245972,False,False
515.5,0.005,0.0018219579937107145,0.55,1.512842538147441,7.461472385557677,298.0472215260086,106272.4125951784,5.5,5.62703686491989,17557.849551584113,1.512842538147441,106272.4125951784,1.5148702886299648,105886.34036301749,False,False
516.0,0.005,0.0018221862993230572,0.55,1.5133721737642205,7.459883478707338,297.98370768166996,106272.39646245838,5.5,5.627027688677364,17562.250099520832,1.5133721737642205,106272.39646245838,1.5083685629902515,106747.24529649038,False,False
516.5,0.005,0.0018224145600430214,0.55,1.5139017713375467,7.45829468598736,297.920198424544,106272.38033295836,5.5,5.627018514251895,17566.650333391328,1.5139017713375467,106272.38033295836,1.518753382463004,105995.33639897837,False,False
517.0,0.005,0.0018226427758906314,0.55,1.5144313308748982,7.456706007375305,297.8566937537227,106272.36420667694,5.5,5.627009341642638,17571.050253256493,1.5144313308748982,106272.36420667694,1.509152154501655,105959.18098523635,False,False
517.5,0.005,0.0018228709468859022,0.55,1.5149608523837506,7.455117442848748,297.79319366829833,106272.34808361264,5.5,5.627000170848799,17575.44985917728,1.5149608523837506,106272.34808361264,1.5149469258693171,106260.61840724768,False,False
518.0,0.005,0.0018230990730488293,0.55,1.5154903358715757,7.453528992385273,297.72969816736355,106272.33196376402,5.5,5.626991001869551,17579.849151214545,1.5154903358715757,106272.33196376402,1.5253516990411833,106245.27423975081,False,False
518.5,0.005,0.0018233271543993967,0.55,1.5160197813458425,7.451940655962472,297.6662072500115,106272.31584712968,5.5,5.626981834704085,17584.248129429157,1.5160197813458425,106272.31584712968,1.5104420678859483,106001.56389519668,False,False
519.0,0.005,0.001823555190957574,0.55,1.5165491888140161,7.450352433557952,297.6027209153357,106272.29973370812,5.5,5.626972669351606,17588.646793881984,1.5165491888140161,106272.29973370812,1.5246059752064411,106180.8077680942,False,False
519.5,0.005,0.0018237831827433125,0.55,1.5170785582835589,7.448764325149323,297.53923916243,106272.2836234979,5.5,5.626963505811278,17593.04514463379,1.5170785582835589,106272.2836234979,,106641.09633879294,True,False
520.0,0.005,0.0018240111297765519,0.55,1.5176078897619294,7.447176330714212,297.4757619903889,106272.26751649761,5.5,5.626954344082293,17597.44318174536,1.5176078897619294,106272.26751649761,1.508059971590621,106030.46943384808,False,False
520.5,0.005,0.0018242390320772166,0.55,1.518137183256583,7.44558845023025,297.41228939830694,106272.25141270578,5.5,5.626945184163847,17601.84090527746,1.518137183256583,106272.25141270578,1.527876124538757,105854.14966739593,False,False
521.0,0.005,0.0018244668896652161,0.55,1.5186664387749722,7.444000683675084,297.3488213852794,106272.235312121,5.5,5.62693602605512,17606.2383152908,1.5186664387749722,106272.235312121,1.5256521022286873,106555.01339839095,False,False
521.5,0.005,0.0018246947025604464,0.55,1.5191956563245455,7.442413031026364,297.28535795040176,106272.21921474182,5.5,5.626926869755322,17610.63541184611,1.5191956563245455,106272.21921474182,1.520214915198272,106419.90828832323,False,False
522.0,0.005,0.0018249224707827874,0.55,1.5197248359127484,7.440825492261755,297.22189909276995,106272.20312056679,5.5,5.62691771526363,17615.032195004045,1.5197248359127484,106272.20312056679,1.512101601332472,106086.04753437219,False,False
522.5,0.005,0.0018251501943521038,0.55,1.5202539775470232,7.4392380673589305,297.1584448114803,106272.18702959447,5.5,5.626908562579229,17619.42866482524,1.5202539775470232,106272.18702959447,1.5116619173612675,105797.5369247564,False,False
523.0,0.005,0.0018253778732882481,0.55,1.5207830812348084,7.437650756295575,297.09499510562966,106272.17094182344,5.5,5.626899411701315,17623.82482137032,1.5207830812348084,106272.17094182344,1.5154064554657782,106048.78393489186,False,False
523.5,0.005,0.0018256055076110566,0.55,1.52131214698354,7.43606355904938,297.0315499743151,106272.15485725223,5.5,5.626890262629084,17628.22066469989,1.52131214698354,106272.15485725223,1.5267380916164597,106255.74352619745,False,False
524.0,0.005,0.0018258330973403504,0.55,1.52184117480065,7.43447647559805,296.96810941663426,106272.13877587946,5.5,5.626881115361713,17632.616194874478,1.52184117480065,106272.13877587946,1.512284923126636,106621.84040284461,False,False
524.5,0.005,0.0018260606424959393,0.55,1.5223701646935672,7.432889505919299,296.90467343168507,106272.12269770363,5.5,5.626871969898421,17637.011411954678,1.5223701646935672,106272.12269770363,1.526745287179766,105961.14810524273,False,False
525.0,0.005,0.0018262881430976135,0.55,1.5228991166697177,7.431302649990847,296.8412420185659,106272.10662272338,5.5,5.626862826238367,17641.40631600094,1.5228991166697177,106272.10662272338,,106246.75065826994,True,False
525.5,0.005,0.001826515599165155,0.55,1.5234280307365236,7.429715907790429,296.7778151763755,106272.09055093727,5.5,5.626853684380787,17645.800907073823,1.5234280307365236,106272.09055093727,1.5213873448921351,106474.63394890574,False,False
526.0,0.005,0.0018267430107183277,0.55,1.5239569069014038,7.4281292792957885,296.71439290421307,106272.07448234379,5.5,5.626844544324866,17650.19518523377,1.5239569069014038,106272.07448234379,1.525053384447144,105557.69428030722,False,False
526.5,0.005,0.0018269703777768773,0.55,1.5244857451717744,7.426542764484677,296.6509752011782,106272.0584169416,5.5,5.626835406069758,17654.589150541142,1.5244857451717744,106272.0584169416,1.5489370466223635,106582.19426732327,False,False
527.0,0.005,0.0018271977003605437,0.55,1.5250145455550477,7.424956363334857,296.5875620663708,106272.04235472923,5.5,5.626826269614712,17658.98280305644,1.5250145455550477,106272.04235472923,1.511241388999844,105917.3071830673,False,False
527.5,0.005,0.0018274249784890452,0.55,1.525543308058633,7.423370075824101,296.5241534988914,106272.02629570529,5.5,5.626817134958899,17663.376142839996,1.525543308058633,106272.02629570529,1.5402634537235342,106371.62494374237,False,False
528.0,0.005,0.0018276522121820906,0.55,1.526072032689936,7.421783901930192,296.46074949784065,106272.0102398683,5.5,5.626808002101534,17667.769169952204,1.526072032689936,106272.0102398683,1.5275704568298087,106346.01518475152,False,False
528.5,0.005,0.001827879401459368,0.55,1.5266007194563593,7.420197841630922,296.3973500623198,106271.99418721687,5.5,5.626798871041784,17672.161884453322,1.5266007194563593,106271.99418721687,1.530712438636519,106597.37010465603,False,False
529.0,0.005,0.0018281065463405584,0.55,1.5271293683653027,7.4186118949040925,296.33395519143033,106271.97813774955,5.5,5.626789741778874,17676.554286403723,1.5271293683653027,106271.97813774955,1.5283128474991847,106437.25545201762,False,False
529.5,0.005,0.001828333646845323,0.55,1.5276579794241618,7.4170260617275146,296.27056488427434,106271.96209146499,5.5,5.626780614311984,17680.946375863627,1.5276579794241618,106271.96209146499,1.532105247606114,105558.77494394599,False,False
530.0,0.005,0.0018285607029933139,0.55,1.5281865526403295,7.415440342079012,296.2071791399542,106271.94604836167,5.5,5.6267714886403475,17685.33815289336,1.5281865526403295,106271.94604836167,1.5266497015967093,106036.51227421487,False,False
530.5,0.005,0.0018287877148041613,0.55,1.5287150880211955,7.413854735936414,296.14379795757264,106271.93000843824,5.5,5.626762364763123,17689.729617553057,1.5287150880211955,106271.93000843824,1.54325558983577,106313.39154724423,False,False
531.0,0.005,0.0018290146822974886,0.55,1.529243585574146,7.412269243277562,296.08042133623286,106271.91397169323,5.5,5.626753242679542,17694.12076990298,1.529243585574146,106271.91397169323,1.5246788741318988,106213.42000585729,False,False
531.5,0.005,0.001829241605492899,0.55,1.5297720453065637,7.410683864080308,296.01704927503846,106271.89793812527,5.5,5.626744122388778,17698.511610003243,1.5297720453065637,106271.89793812527,1.5410943910283563,106415.1811570523,False,False
532.0,0.005,0.0018294684844099875,0.55,1.5303004672258287,7.4090985983225135,295.9536817730934,106271.8819077329,5.5,5.626735003890066,17702.902137914054,1.5303004672258287,106271.8819077329,1.5238567960236984,106508.6918744338,False,False
532.5,0.005,0.001829695319068328,0.55,1.5308288513393173,7.4075134459820475,295.8903188295021,106271.86588051476,5.5,5.626725887182574,17707.29235369547,1.5308288513393173,106271.86588051476,1.5302263328753045,106454.40140144365,False,False
533.0,0.005,0.0018299221094874873,0.55,1.5313571976544027,7.405928407036792,295.82696044336933,106271.84985646934,5.5,5.626716772265549,17711.682257407654,1.5313571976544027,106271.84985646934,1.5206375721315004,106207.567373703,False,False
533.5,0.005,0.0018301488556870095,0.55,1.5318855061784549,7.404343481464635,295.7636066138003,106271.83383559536,5.5,5.62670765913814,17716.07184911058,1.5318855061784549,106271.83383559536,1.53643574338193,105717.93273225921,False,False
534.0,0.005,0.001830375557686435,0.55,1.5324137769188404,7.402758669243479,295.7002573399005,106271.81781789131,5.5,5.6266985477996165,17720.46112886441,1.5324137769188404,106271.81781789131,1.5468650364881058,106135.17344323486,False,False
534.5,0.005,0.0018306022155052798,0.55,1.532942009882923,7.401173970351231,295.6369126207759,106271.80180335579,5.5,5.6266894382491355,17724.85009672906,1.532942009882923,106271.80180335579,1.5321684480847144,106396.71224779748,False,False
535.0,0.005,0.0018308288291630506,0.55,1.5334702050780624,7.399589384765813,295.57357245553294,106271.78579198741,5.5,5.626680330485912,17729.23875276454,1.5334702050780624,106271.78579198741,1.5315013480910233,105944.65161622227,False,False
535.5,0.005,0.0018310553986792407,0.55,1.5339983625116158,7.398004912465153,295.51023684327834,106271.76978378472,5.5,5.62667122450916,17733.627097030832,1.5339983625116158,106271.76978378472,1.5228521928809367,106461.15220282119,False,False
536.0,0.005,0.0018312819240733254,0.55,1.534526482190937,7.396420553427189,295.4469057831193,106271.75377874637,5.5,5.626662120318068,17738.01512958783,1.534526482190937,106271.75377874637,1.5322335556554139,106544.27176792656,False,False
536.5,0.005,0.0018315084053647705,0.55,1.5350545641233762,7.3948363076298715,295.38357927416337,106271.73777687094,5.5,5.6266530179118694,17742.402850495495,1.5350545641233762,106271.73777687094,1.519126621526161,106309.7978697597,False,False
537.0,0.005,0.0018317348425730268,0.55,1.5355826083162807,7.393252175051158,295.32025731551846,106271.72177815698,5.5,5.626643917289775,17746.790259813715,1.5355826083162807,106271.72177815698,1.5264538284490925,105352.58781826326,False,False
537.5,0.005,0.0018319612357175254,0.55,1.5361106147769945,7.3916681556690165,295.256939906293,106271.70578260311,5.5,5.62663481845096,17751.177357602282,1.5361106147769945,106271.70578260311,1.5383784752380858,105888.27927378957,False,False
538.0,0.005,0.00183218758481769,0.55,1.5366385835128582,7.390084249461426,295.19362704559563,106271.68979020794,5.5,5.626625721394653,17755.564143921078,1.5366385835128582,106271.68979020794,1.5498287154902721,106837.54653777476,False,False
538.5,0.005,0.0018324138898929275,0.55,1.5371665145312094,7.388500456406372,295.1303187325356,106271.67380097005,5.5,5.626616626120069,17759.950618829906,1.5371665145312094,106271.67380097005,1.5652586231435044,106107.71246306153,False,False
539.0,0.005,0.001832640150962631,0.55,1.5376944078393824,7.386916776481852,295.0670149662224,106271.65781488805,5.5,5.626607532626415,17764.336782388542,1.5376944078393824,106271.65781488805,1.5318285569886734,105676.41484794935,False,False
539.5,0.005,0.0018328663680461789,0.55,1.538222263444708,7.385333209665876,295.003715745766,106271.64183196054,5.5,5.626598440912905,17768.72263465674,1.538222263444708,106271.64183196054,1.5525752650111624,106642.21604845363,False,False
540.0,0.005,0.0018330925411629373,0.55,1.5387500813545143,7.383749755936457,294.9404210702766,106271.62585218609,5.5,5.626589350978751,17773.108175694244,1.5387500813545143,106271.62585218609,1.5411876061585308,106275.63252964919,False,False
540.5,0.005,0.0018333186703322535,0.55,1.5392778615761256,7.382166415271623,294.87713093886504,106271.6098755633,5.5,5.626580262823144,17777.493405560705,1.5392778615761256,106271.6098755633,1.537765385108662,106603.09202225061,False,False
541.0,0.005,0.0018335447555734659,0.55,1.5398056041168633,7.38058318764941,294.8138453506424,106271.59390209083,5.5,5.626571176445306,17781.87832431582,1.5398056041168633,106271.59390209083,1.5441315486341247,106354.68150465663,False,False
541.5,0.005,0.0018337707969058995,0.55,1.5403333089840456,7.379000073047863,294.75056430472017,106271.57793176721,5.5,5.626562091844477,17786.26293201929,1.5403333089840456,106271.57793176721,1.5409524738208453,106409.14567263087,False,False
542.0,0.005,0.00183399679434886,0.55,1.5408609761849874,7.377417071445038,294.68728780021024,106271.56196459106,5.5,5.626553009019836,17790.647228730675,1.5408609761849874,106271.56196459106,1.5419649334411096,106380.46473890542,False,False
542.5,0.005,0.0018342227479216419,0.55,1.5413886057270005,7.375834182818998,294.62401583622494,106271.54600056105,5.5,5.626543927970598,17795.03121450958,1.5413886057270005,106271.54600056105,1.5373052740987339,106480.79249413735,False,False
543.0,0.005,0.0018344486576435293,0.55,1.5419161976173932,7.3742514071478205,294.56074841187694,106271.5300396757,5.5,5.626534848696018,17799.414889415646,1.5419161976173932,106271.5300396757,1.5279351010194047,106954.75917424253,False,False
543.5,0.005,0.0018346745235337844,0.55,1.5424437518634708,7.372668744409587,294.4974855262793,106271.51408193365,5.5,5.626525771195262,17803.79825350833,1.5424437518634708,106271.51408193365,1.52700749983825,106562.81598272141,False,False
544.0,0.005,0.001834900345611663,0.55,1.5429712684725356,7.371086194582393,294.43422717854554,106271.49812733354,5.5,5.6265166954675765,17808.181306847204,1.5429712684725356,106271.49812733354,1.5495037173053479,105797.39633197988,False,False
544.5,0.005,0.0018351261238964043,0.55,1.5434987474518862,7.369503757644342,294.3709733677895,106271.48217587393,5.5,5.626507621512182,17812.564049491782,1.5434987474518862,106271.48217587393,1.540731746551029,106405.4806304576,False,False
545.0,0.005,0.0018353518584072305,0.55,1.5440261888088183,7.367921433573545,294.30772409312533,106271.46622755344,5.5,5.6264985493282715,17816.94648150148,1.5440261888088183,106271.46622755344,1.5380652998122566,106613.9104579844,False,False
545.5,0.005,0.0018355775491633536,0.55,1.5445535925506244,7.3663392223481265,294.24447935366777,106271.45028237069,5.5,5.626489478915071,17821.328602935766,1.5445535925506244,106271.45028237069,1.5446386488178558,106632.26052433153,False,False
546.0,0.005,0.0018358031961839716,0.55,1.5450809586845937,7.364757123946219,294.18123914853186,106271.43434032428,5.5,5.626480410271807,17825.710413854067,1.5450809586845937,106271.43434032428,1.55303028121375,106143.45284540656,False,False
546.5,0.005,0.0018360287994882666,0.55,1.5456082872180124,7.363175138345963,294.118003476833,106271.41840141283,5.5,5.626471343397689,17830.091914315766,1.5456082872180124,106271.41840141283,1.5474119266482764,106620.90173496926,False,False
547.0,0.005,0.0018362543590954078,0.55,1.5461355781581632,7.36159326552551,294.05477233768704,106271.402465635,5.5,5.626462278291937,17834.473104380224,1.5461355781581632,106271.402465635,1.5395750287917536,106549.72518550036,False,False
547.5,0.005,0.0018364798750245537,0.55,1.5466628315123256,7.360011505463023,293.99154573021013,106271.38653298932,5.5,5.626453214953801,17838.853984106838,1.5466628315123256,106271.38653298932,1.5589257610688152,107043.14176408024,False,False
548.0,0.005,0.0018367053472948414,0.55,1.5471900472877764,7.35842985813667,293.92832365351893,106271.37060347445,5.5,5.626444153382456,17843.234553554845,1.5471900472877764,106271.37060347445,1.5629819023175928,106046.3700825999,False,False
548.5,0.005,0.0018369307759254013,0.55,1.5477172254917888,7.356848323524634,293.86510610673037,106271.354677089,5.5,5.626435093577149,17847.614812783577,1.5477172254917888,106271.354677089,1.5526627920450173,106119.13450416886,False,False
549.0,0.005,0.0018371561609353455,0.55,1.548244366131633,7.355266901605101,293.80189308896183,106271.33875383162,5.5,5.626426035537086,17851.99476185228,1.548244366131633,106271.33875383162,1.5579810012450739,106179.50303929363,False,False
549.5,0.005,0.0018373815023437776,0.55,1.5487714692145758,7.353685592356273,293.73868459933107,106271.32283370088,5.5,5.6264169792615215,17856.374400820237,1.5487714692145758,106271.32283370088,1.5611910691827138,106124.25618868925,False,False
550.0,0.005,0.001837606800169781,0.55,1.5492985347478807,7.352104395756358,293.67548063695625,106271.30691669541,5.5,5.626407924749645,17860.75372974662,1.5492985347478807,106271.30691669541,1.5605995279119258,106004.30069176633,False,False
550.5,0.005,0.0018378320544324284,0.55,1.5498255627388087,7.350523311783574,293.6122812009559,106271.29100281386,5.5,5.626398872000688,17865.132748690612,1.5498255627388087,106271.29100281386,1.5559665545099348,105442.48835111174,False,False
551.0,0.005,0.0018380572651507802,0.55,1.550352553194617,7.34894234041615,293.549086290449,106271.27509205481,5.5,5.6263898210138885,17869.511457711415,1.550352553194617,106271.27509205481,1.5563360236653658,106140.86524993787,False,False
551.5,0.005,0.0018382824323438798,0.55,1.5508795061225595,7.347361481632321,293.48589590455475,106271.25918441691,5.5,5.626380771788452,17873.889856868125,1.5508795061225595,106271.25918441691,1.5560761118560245,106382.06660232689,False,False
552.0,0.005,0.001838507556030759,0.55,1.5514064215298877,7.345780735410337,293.42271004239296,106271.24327989876,5.5,5.626371724323608,17878.267946219872,1.5514064215298877,106271.24327989876,1.5404330447844172,106123.27672624699,False,False
552.5,0.005,0.0018387326362304358,0.55,1.5519332994238493,7.344200101728452,293.3595287030837,106271.22737849905,5.5,5.626362678618581,17882.64572582573,1.5519332994238493,106271.22737849905,1.5589405309924451,106851.84173355778,False,False
553.0,0.005,0.0018389576729619162,0.55,1.552460139811689,7.342619580564933,293.29635188574736,106271.21148021631,5.5,5.626353634672633,17887.02319574482,1.552460139811689,106271.21148021631,1.5389020001004234,106275.22422403107,False,False
553.5,0.005,0.0018391826662441859,0.55,1.5529869427006484,7.341039171898055,293.2331795895049,106271.19558504922,5.5,5.626344592484929,17891.40035603608,1.5529869427006484,106271.19558504922,1.5450409481493979,106658.50430160447,False,False
554.0,0.005,0.0018394076160962243,0.55,1.5535137080979657,7.339458875706103,293.1700118134776,106271.17969299643,5.5,5.626335552054733,17895.77720675858,1.5535137080979657,106271.17969299643,1.5665493587760466,106349.60581681543,False,False
554.5,0.005,0.0018396325225369956,0.55,1.5540404360108762,7.337878691967371,293.10684855678693,106271.16380405652,5.5,5.626326513381282,17900.153747971322,1.5540404360108762,106271.16380405652,1.5624426376378182,106519.0859970245,False,False
555.0,0.005,0.0018398573855854454,0.55,1.5545671264466119,7.336298620660164,293.04368981855504,106271.14791822813,5.5,5.6263174764637744,17904.529979733205,1.5545671264466119,106271.14791822813,1.5694411093434706,106354.92038440821,False,False
555.5,0.005,0.0018400822052605122,0.55,1.5550937794124018,7.334718661762794,292.9805355979043,106271.1320355099,5.5,5.626308441301459,17908.905902103208,1.5550937794124018,106271.1320355099,1.5523770355755289,106681.76742508097,False,False
556.0,0.005,0.001840306981581116,0.55,1.5556203949154717,7.3331388152535855,292.91738589395754,106271.11615590047,5.5,5.626299407893555,17913.281515140214,1.5556203949154717,106271.11615590047,1.544097906502704,106287.89796094019,False,False
556.5,0.005,0.0018405317145661672,0.55,1.556146972963044,7.331559081110868,292.85424070583787,106271.10027939845,5.5,5.626290376239304,17917.65681890313,1.556146972963044,106271.10027939845,1.5537426009923405,106419.9364918251,False,False
557.0,0.005,0.0018407564042345586,0.55,1.5566735135623382,7.329979459312986,292.7911000326689,106271.08440600251,5.5,5.626281346337925,17922.031813450794,1.5566735135623382,106271.08440600251,1.557693826534744,106380.98428609752,False,False
557.5,0.005,0.001840981050605174,0.55,1.5572000167205706,7.328399949838288,292.7279638735746,106271.06853571127,5.5,5.626272318188667,17926.40649884207,1.5572000167205706,106271.06853571127,1.5579899038839706,106184.58289827307,False,False
558.0,0.005,0.0018412056536968795,0.55,1.5577264824449544,7.326820552665136,292.6648322276792,106271.05266852333,5.5,5.626263291790752,17930.780875135744,1.5577264824449544,106271.05266852333,1.5690632872325214,106392.54736420074,False,False
558.5,0.005,0.0018414302135285282,0.55,1.5582529107426997,7.325241267771901,292.6017050941075,106271.03680443738,5.5,5.626254267143402,17935.15494239059,1.5582529107426997,106271.03680443738,1.5546402064926652,106941.35267829668,False,False
559.0,0.005,0.0018416547301189623,0.55,1.5587793016210132,7.32366209513696,292.53858247198457,106271.02094345201,5.5,5.626245244245864,17939.528700665374,1.5587793016210132,106271.02094345201,1.5622996463390424,106189.90186082337,False,False
559.5,0.005,0.001841879203487008,0.55,1.5593056550870987,7.322083034738704,292.47546436043586,106271.00508556588,5.5,5.62623622309736,17943.902150018825,1.5593056550870987,106271.00508556588,1.5494193835927528,,False,True
560.0,0.005,0.0018421036336514786,0.55,1.5598319711481567,7.3205040865555295,292.4123507585873,106270.98923077763,5.5,5.626227203697129,17948.27529050965,1.5598319711481567,106270.98923077763,1.5643351439285949,106648.32291603847,False,False
560.5,0.005,0.001842328020631175,0.55,1.5603582498113848,7.3189252505658455,292.3492416655651,106270.97337908592,5.5,5.62621818604441,17952.648122196537,1.5603582498113848,106270.97337908592,1.5603893353132412,,False,True
561.0,0.005,0.0018425523644448837,0.55,1.5608844910839774,7.317346526748068,292.2861370804959,106270.95753048937,5.5,5.62620917013844,17957.02064513815,1.5608844910839774,106270.95753048937,1.5533863577011322,106274.47245580518,False,False
561.5,0.005,0.001842776665111378,0.55,1.5614106949731255,7.315767915080624,292.22303700250666,106270.94168498658,5.5,5.6262001559784505,17961.392859393112,1.5614106949731255,106270.94168498658,1.559052401351377,105555.92507409937,False,False
562.0,0.005,0.0018430009226494141,0.55,1.5619368614860172,7.314189415541948,292.1599414307248,106270.9258425763,5.5,5.626191143563656,17965.764765019987,1.5619368614860172,106270.9258425763,1.560095104020865,106425.93668817084,False,False
562.5,0.005,0.0018432251370777443,0.55,1.5624629906298375,7.312611028110488,292.09685036427817,106270.91000325707,5.5,5.626182132893344,17970.13636207745,1.5624629906298375,106270.91000325707,1.5597614393364665,105605.06772567016,False,False
563.0,0.005,0.0018434493084150962,0.55,1.5629890824117683,7.311032752764695,292.0337638022948,106270.8941670276,5.5,5.626173123966704,17974.50765062397,1.5629890824117683,106270.8941670276,1.580702494834445,106711.87533630997,False,False
563.5,0.005,0.001843673436680191,0.55,1.5635151368389881,7.309454589483035,291.9706817439033,106270.87833388649,5.5,5.6261641167829985,17978.878630718125,1.5635151368389881,106270.87833388649,1.5625306768159093,106321.72049524447,False,False
564.0,0.005,0.0018438975218917342,0.55,1.564041153918673,7.307876538243981,291.9076041882326,106270.86250383244,5.5,5.62615511134145,17983.249302418393,1.564041153918673,106270.86250383244,1.5616021928168995,106570.76470979404,False,False
564.5,0.005,0.0018441215640684198,0.55,1.564567133657995,7.306298599026015,291.8445311344119,106270.84667686404,5.5,5.626146107641323,17987.61966578329,1.564567133657995,106270.84667686404,1.5435926240818936,106000.21333540972,False,False
565.0,0.005,0.001844345563228924,0.55,1.5650930760641235,7.304720771807629,291.781462581571,106270.83085298,5.5,5.626137105681822,17991.98972087123,1.5650930760641235,106270.83085298,1.5561510025443288,105805.07861098998,False,False
565.5,0.005,0.0018445695193919163,0.55,1.565618981144225,7.303143056567325,291.7183985288399,106270.81503217891,5.5,5.626128105462227,17996.35946774069,1.565618981144225,106270.81503217891,1.5629882468996614,106349.04134742127,False,False
566.0,0.005,0.0018447934325760461,0.55,1.5661448489054624,7.301565453283613,291.655338975349,106270.79921445946,5.5,5.626119106981744,18000.728906450036,1.5661448489054624,106270.79921445946,1.559286322143696,106260.71818247261,False,False
566.5,0.005,0.001845017302799953,0.55,1.5666706793549956,7.299987961935013,291.5922839202292,106270.78339982028,5.5,5.626110110239628,18005.098037057658,1.5666706793549956,106270.78339982028,1.5804877552887735,106123.32115197314,False,False
567.0,0.005,0.0018452411300822634,0.55,1.5671964724999818,7.298410582500054,291.52923336261165,106270.76758826007,5.5,5.626101115235116,18009.466859621913,1.5671964724999818,106270.76758826007,1.5655470947460197,106296.16597247991,False,False
567.5,0.005,0.0018454649144415917,0.55,1.567722228347575,7.296833314957276,291.4661873016279,106270.7517797774,5.5,5.626092121967474,18013.835374201175,1.567722228347575,106270.7517797774,1.5806066708407573,107100.98254738709,False,False
568.0,0.005,0.001845688655896532,0.55,1.5682479469049255,7.295256159285223,291.40314573640995,106270.73597437103,5.5,5.626083130435898,18018.20358085366,1.5682479469049255,106270.73597437103,1.5688649932454293,106521.09363858175,False,False
568.5,0.005,0.001845912354465675,0.55,1.5687736281791813,7.2936791154624565,291.3401086660901,106270.72017203951,5.5,5.626074140639685,18022.571479637747,1.5687736281791813,106270.72017203951,1.569145906543397,106585.56975379851,False,False
569.0,0.005,0.0018461360101675905,0.55,1.5692992721774868,7.29210218346754,291.2770760898011,106270.70437278159,5.5,5.626065152578031,18026.939070611614,1.5692992721774868,106270.70437278159,1.5684113077003619,106523.8854402476,False,False
569.5,0.005,0.0018463596230208403,0.55,1.5698248789069833,7.29052536327905,291.21404800667597,106270.68857659586,5.5,5.626056166250225,18031.306353833563,1.5698248789069833,106270.68857659586,1.5698628414231979,106714.52721975152,False,False
570.0,0.005,0.0018465831930439677,0.55,1.5703504483748094,7.288948654875572,291.1510244158482,106270.672783481,5.5,5.626047181655473,18035.673329361736,1.5703504483748094,106270.672783481,1.587538398405308,106213.65128161077,False,False
570.5,0.005,0.0018468067202555068,0.55,1.5708759805881,7.2873720582357,291.0880053164517,106270.65699343567,5.5,5.6260381987930375,18040.03999725435,1.5708759805881,106270.65699343567,1.5476798733205879,105654.22860113307,False,False
571.0,0.005,0.0018470302046739767,0.55,1.5714014755539878,7.285795573338037,291.02499070762065,106270.64120645857,5.5,5.626029217662158,18044.40635756954,1.5714014755539878,106270.64120645857,1.551386018109601,106214.06536655677,False,False
571.5,0.005,0.001847253646317887,0.55,1.5719269332796015,7.284219200161195,290.9619805884896,106270.62542254831,5.5,5.626020238262113,18048.772410365502,1.5719269332796015,106270.62542254831,1.5664952249690405,106514.14613554727,False,False
572.0,0.005,0.001847477045205727,0.55,1.5724523537720672,7.282642938683798,290.89897495819355,106270.60964170356,5.5,5.626011260592109,18053.13815570027,1.5724523537720672,106270.60964170356,1.5725976325914428,105979.66952316904,False,False
572.5,0.005,0.0018477004013559774,0.55,1.5729777370385079,7.281066788884477,290.8359738158679,106270.59386392299,5.5,5.626002284651401,18057.50359363194,1.5729777370385079,106270.59386392299,1.579878781286148,106217.68407877619,False,False
573.0,0.005,0.0018479237147871058,0.55,1.5735030830860433,7.2794907507418705,290.7729771606482,106270.57808920527,5.5,5.625993310439243,18061.868724218584,1.5735030830860433,106270.57808920527,1.578233955066318,106063.04716630458,False,False
573.5,0.005,0.0018481469855175664,0.55,1.5740283919217903,7.277914824234629,290.70998499167075,106270.56231754906,5.5,5.625984337954892,18066.23354751824,1.5740283919217903,106270.56231754906,1.5701859327929846,106721.171093102,False,False
574.0,0.005,0.0018483702135657996,0.55,1.5745536635528627,7.276339009341411,290.64699730807195,106270.54654895303,5.5,5.625975367197584,18070.59806358891,1.5745536635528627,106270.54654895303,1.5847441004852805,106495.383653575,False,False
574.5,0.005,0.0018485933989502324,0.55,1.575078897986371,7.274763306040887,290.58401410898864,106270.53078341583,5.5,5.625966398166577,18074.962272488578,1.575078897986371,106270.53078341583,1.5853808520178982,106465.99296960901,False,False
575.0,0.005,0.0018488165416892784,0.55,1.5756040952294228,7.273187714311732,290.52103539355807,106270.51502093619,5.5,5.625957430861107,18079.326174275186,1.5756040952294228,106270.51502093619,1.5774446735421384,106456.99541487248,False,False
575.5,0.005,0.0018490396418013423,0.55,1.5761292552891226,7.271612234132633,290.45806116091785,106270.49926151271,5.5,5.625948465280465,18083.68976900673,1.5761292552891226,106270.49926151271,1.585755831013991,106259.32448574707,False,False
576.0,0.005,0.001849262699304809,0.55,1.576654378172572,7.270036865482284,290.3950914102059,106270.4835051441,5.5,5.6259395014238605,18088.05305674106,1.576654378172572,106270.4835051441,1.5793808308068933,106329.75038990236,False,False
576.5,0.005,0.001849485714218055,0.55,1.5771794638868688,7.268461608339393,290.3321261405606,106270.46775182901,5.5,5.625930539290569,18092.416037536095,1.5771794638868688,106270.46775182901,,105914.91237766932,True,False
577.0,0.005,0.0018497086865594415,0.55,1.577704512439109,7.266886462682673,290.2691653511207,106270.45200156613,5.5,5.625921578879826,18096.778711449668,1.577704512439109,106270.45200156613,1.584682680829109,105614.51940794096,False,False
577.5,0.005,0.0018499316163473182,0.55,1.5782295238363844,7.265311428490847,290.20620904102526,106270.4362543541,5.5,5.625912620190896,18101.141078539637,1.5782295238363844,106270.4362543541,1.579335655062171,106315.46059345761,False,False
578.0,0.005,0.0018501545036000203,0.55,1.5787544980857844,7.263736505742647,290.1432572094137,106270.42051019162,5.5,5.625903663223028,18105.503138863798,1.5787544980857844,106270.42051019162,1.5787678965533292,106367.61758707325,False,False
578.5,0.005,0.0018503773483358704,0.55,1.579279435194395,7.262161694416815,290.080309855426,106270.40476907739,5.5,5.625894707975465,18109.864892479927,1.579279435194395,106270.40476907739,1.5940089709162908,106633.184139605,False,False
579.0,0.005,0.0018506001505731815,0.55,1.5798043351692996,7.260586994492101,290.01736697820223,106270.38903101003,5.5,5.625885754447498,18114.22633944585,1.5798043351692996,106270.38903101003,1.5552956138838987,106741.78977583474,False,False
579.5,0.005,0.0018508229103302465,0.55,1.580329198017578,7.259012405947266,289.95442857688306,106270.37329598826,5.5,5.625876802638337,18118.58747981923,1.580329198017578,106270.37329598826,1.5661523563159823,106741.37284148794,False,False
580.0,0.005,0.0018510456276253525,0.55,1.5808540237463071,7.257437928761078,289.89149465060945,106270.35756401074,5.5,5.625867852547274,18122.948313657835,1.5808540237463071,106270.35756401074,1.5689833194825635,105970.95048602259,False,False
580.5,0.005,0.001851268302476769,0.55,1.581378812362561,7.255863562912317,289.82856519852265,106270.34183507616,5.5,5.625858904173546,18127.308841019327,1.581378812362561,106270.34183507616,1.577746205886873,106164.66232459123,False,False
581.0,0.005,0.001851490934902754,0.55,1.5819035638734105,7.254289308379769,289.76564021976446,106270.32610918317,5.5,5.625849957516415,18131.66906196138,1.5819035638734105,106270.32610918317,1.5793574821757501,106414.42639794758,False,False
581.5,0.005,0.0018517135249215516,0.55,1.5824282782859236,7.252715165142229,289.7027197134769,106270.3103863305,5.5,5.625841012575121,18136.028976541602,1.5824282782859236,106270.3103863305,1.567355021808193,107029.88178965315,False,False
582.0,0.005,0.0018519360725513967,0.55,1.582952955607165,7.251141133178505,289.6398036788024,106270.29466651681,5.5,5.62583206934896,18140.388584817672,1.582952955607165,106270.29466651681,1.5731013752840568,106714.32442763099,False,False
582.5,0.005,0.0018521585778105076,0.55,1.5834775958441967,7.24956721246741,289.57689211488383,106270.27894974076,5.5,5.625823127837171,18144.74788684716,1.5834775958441967,106270.27894974076,1.574869179058961,106606.09809834028,False,False
583.0,0.005,0.001852381040717089,0.55,1.5840021990040771,7.247993402987769,289.5139850208643,106270.26323600102,5.5,5.625814188038999,18149.1068826876,1.5840021990040771,106270.26323600102,1.6085764399248361,106153.92684933623,False,False
583.5,0.005,0.0018526034612893329,0.55,1.5845267650938621,7.246419704718414,289.45108239588745,106270.24752529635,5.5,5.62580524995369,18153.465572396515,1.5845267650938621,106270.24752529635,1.6025441845713335,106005.2876359498,False,False
584.0,0.005,0.0018528258395454256,0.55,1.5850512941206045,7.244846117638186,289.3881842390972,106270.23181762539,5.5,5.625796313580561,18157.82395603152,1.5850512941206045,106270.23181762539,1.580933799943758,106506.90418264036,False,False
584.5,0.005,0.0018530481755035307,0.55,1.585575786091354,7.243272641725938,289.32529054963777,106270.2161129868,5.5,5.625787378918838,18162.182033650053,1.585575786091354,106270.2161129868,1.581939953188286,105940.0177337165,False,False
585.0,0.005,0.001853270469181803,0.55,1.586100241013157,7.241699276960529,289.2624013266539,106270.20041137932,5.5,5.625778445967771,18166.53980530956,1.586100241013157,106270.20041137932,1.574608201041274,106198.66950608524,False,False
585.5,0.005,0.0018534927205983863,0.55,1.5866246588930573,7.240126023320828,289.19951656929055,106270.18471280162,5.5,5.625769514726644,18170.897271067533,1.5866246588930573,106270.18471280162,1.5675433547608046,106235.75132810105,False,False
586.0,0.005,0.0018537149297714085,0.55,1.5871490397380954,7.238552880785714,289.1366362766932,106270.16901725235,5.5,5.6257605851947154,18175.254430981382,1.5871490397380954,106270.16901725235,1.5859802378740102,106748.04264398919,False,False
586.5,0.005,0.0018539370967189852,0.55,1.587673383555309,7.236979849334073,289.0737604480076,106270.15332473027,5.5,5.6257516573712225,18179.61128510846,1.587673383555309,106270.15332473027,1.5776948637228687,106163.74413384237,False,False
587.0,0.005,0.0018541592214592227,0.55,1.5881976903517325,7.235406928944802,289.01088908237983,106270.13763523402,5.5,5.625742731255469,18183.967833506216,1.5881976903517325,106270.13763523402,1.5873491850351125,105538.36274366223,False,False
587.5,0.005,0.001854381304010209,0.55,1.5887219601343976,7.233834119596807,288.9480221789565,106270.12194876227,5.5,5.625733806846686,18188.32407623194,1.5887219601343976,106270.12194876227,1.5727199016439628,106421.45534306101,False,False
588.0,0.005,0.0018546033443900215,0.55,1.5892461929103325,7.232261421269002,288.8851597368844,106270.1062653138,5.5,5.625724884144136,18192.68001334295,1.5892461929103325,106270.1062653138,1.58162644832723,106060.39970938263,False,False
588.5,0.005,0.0018548253426167293,0.55,1.589770388686563,7.230688833940311,288.82230175531083,106270.09058488724,5.5,5.625715963147123,18197.035644896612,1.589770388686563,106270.09058488724,1.5912566596395914,106282.87989221855,False,False
589.0,0.005,0.0018550472987083812,0.55,1.5902945474701116,7.229116357589666,288.7594482333834,106270.07490748126,5.5,5.62570704385487,18201.390970950142,1.5902945474701116,106270.07490748126,1.5939566434479508,106244.06349722862,False,False
589.5,0.005,0.0018552692126830174,0.55,1.5908186692679978,7.227543992196007,288.69659917025007,106270.05923309462,5.5,5.625698126266649,18205.74599156079,1.5908186692679978,106270.05923309462,1.594993388855418,106187.94803434929,False,False
590.0,0.005,0.0018554910845586662,0.55,1.591342754087238,7.225971737738286,288.6337545650592,106270.04356172601,5.5,5.625689210381746,18210.100706785823,1.591342754087238,106270.04356172601,1.5781378642456676,106507.14573626142,False,False
590.5,0.005,0.0018557129143533424,0.55,1.5918668019348459,7.224399594195463,288.57091441695945,106270.02789337409,5.5,5.625680296199426,18214.455116682442,1.5918668019348459,106270.02789337409,1.6004136592362015,105810.16842986828,False,False
591.0,0.005,0.0018559347020850458,0.55,1.5923908128178317,7.222827561546505,288.5080787251,106270.01222803758,5.5,5.625671383718941,18218.809221307805,1.5923908128178317,106270.01222803758,1.5843886958518132,106114.90796055127,False,False
591.5,0.005,0.0018561564477717657,0.55,1.592914786743203,7.221255639770391,288.44524748863023,106269.99656571519,5.5,5.625662472939566,18223.16302071907,1.592914786743203,106269.99656571519,1.599243365889276,106475.20793965041,False,False
592.0,0.005,0.0018563781514314797,0.55,1.5934387237179644,7.219683828846107,288.3824207066999,106269.98090640559,5.5,5.6256535638605785,18227.516514973388,1.5934387237179644,106269.98090640559,1.5933323369517824,106085.75547380227,False,False
592.5,0.005,0.0018565998130821487,0.55,1.5939626237491173,7.218112128752648,288.3195983784593,106269.96525010749,5.5,5.625644656481226,18231.869704127836,1.5939626237491173,106269.96525010749,1.5801987487583378,105787.32323732649,False,False
593.0,0.005,0.0018568214327417249,0.55,1.5944864868436603,7.216540539469019,288.2567805030589,106269.94959681961,5.5,5.625635750800787,18236.222588239503,1.5944864868436603,106269.94959681961,1.5913245097978486,106470.51619979664,False,False
593.5,0.005,0.0018570430104281471,0.55,1.595010313008589,7.214969060974233,288.1939670796496,106269.93394654065,5.5,5.625626846818542,18240.575167365474,1.595010313008589,106269.93394654065,1.5986639504292268,106606.86233567311,False,False
594.0,0.005,0.0018572645461593408,0.55,1.5955341022508958,7.2133976932473125,288.13115810738276,106269.91829926932,5.5,5.6256179445337535,18244.927441562773,1.5955341022508958,106269.91829926932,1.6016637560556417,106256.41973697642,False,False
594.5,0.005,0.0018574860399532193,0.55,1.5960578545775703,7.211826436267289,288.0683535854099,106269.90265500428,5.5,5.625609043945702,18249.27941088842,1.5960578545775703,106269.90265500428,1.5946479756031262,105681.64897546341,False,False
595.0,0.005,0.00185770749182768,0.55,1.596581569995599,7.210255290013203,288.0055535128831,106269.88701374432,5.5,5.625600145053625,18253.631075399346,1.596581569995599,106269.88701374432,1.6118993589016095,106481.67793775396,False,False
595.5,0.005,0.0018579289018006162,0.55,1.5971052485119654,7.208684254464104,287.9427578889547,106269.87137548803,5.5,5.625591247856853,18257.98243515262,1.5971052485119654,106269.87137548803,1.607180356221831,105771.90501106212,False,False
596.0,0.005,0.0018581502698898963,0.55,1.5976288901336504,7.207113329599049,287.8799667127774,106269.85574023421,5.5,5.62558235235459,18262.333490205056,1.5976288901336504,106269.85574023421,1.595062348969653,106362.49552328866,False,False
596.5,0.005,0.001858371596113388,0.55,1.5981524948676316,7.205542515397106,287.81717998350433,106269.84010798154,5.5,5.625573458546156,18266.684240613657,1.5981524948676316,106269.84010798154,1.605653712989001,106003.60096055889,False,False
597.0,0.005,0.0018585928804889392,0.55,1.5986760627208834,7.20397181183735,287.7543977002889,106269.82447872871,5.5,5.625564566430808,18271.034686435283,1.5986760627208834,106269.82447872871,1.6180139975727652,105921.87269299862,False,False
597.5,0.005,0.0018588141230343874,0.55,1.5991995937003776,7.202401218898867,287.691619862285,106269.8088524745,5.5,5.625555676007816,18275.384827726797,1.5991995937003776,106269.8088524745,1.6188044397082078,106137.23584735059,False,False
598.0,0.005,0.0018590353237675605,0.55,1.599723087813083,7.200830736560751,287.62884646864677,106269.79322921755,5.5,5.625546787276485,18279.734664545096,1.599723087813083,106269.79322921755,1.587443089004858,106214.80396228937,False,False
598.5,0.005,0.0018592564827062679,0.55,1.6002465450659653,7.199260364802104,287.56607751852874,106269.7776089566,5.5,5.625537900236061,18284.084196946947,1.6002465450659653,106269.7776089566,1.5909812139543937,106076.51513384067,False,False
599.0,0.005,0.0018594775998683108,0.55,1.6007699654659873,7.197690103602039,287.5033130110858,106269.76199169035,5.5,5.625529014885823,18288.433424989154,1.6007699654659873,106269.76199169035,1.6156191533333257,106446.3729751549,False,False
599.5,0.005,0.0018596986752714754,0.55,1.6012933490201087,7.196119952939674,287.4405529454733,106269.74637741753,5.5,5.625520131225044,18292.782348728484,1.6012933490201087,106269.74637741753,1.5907105385117324,106135.92556387988,False,False
600.0,0.005,0.001859919708933538,0.55,1.6018166957352864,7.194549912794141,287.3777973208468,106269.73076613681,5.5,5.6255112492530115,18297.130968221703,1.6018166957352864,106269.73076613681,1.5885912844023695,106563.78802763835,False,False
