t_s,qin_m3s,qout_m3s,u,L_m,P_Pa,n_in_mols,n_out_mols,L_true_m,P_true_Pa,L_meas_m,P_meas_Pa,L_missing,P_missing,L_est_m,P_est_Pa,n_est_mol,res_L,res_P
0.0,0.0,0.0,0.0,1.0,118243.55555555556,0.0,0.0,1.0,118243.55555555556,1.000012301533575,118306.38426973608,False,False,1.000012301533575,118306.3842697361,400.2108989271673,0.0,1.4551915228366852e-11
0.5,0.004,0.0021852144210516,0.55,1.0003024642631582,117308.5906864866,4.0,10.405707835392825,1.0003024642631582,117308.5906864866,1.0032899196382428,117149.42298883563,False,False,1.0017749377548184,117262.52531493964,396.4466287227254,0.002975607288430604,-219.1277425588778
1.0,0.004,0.0021444981008655,0.55,1.000611714579681,116416.81054804171,4.0,10.114098100844895,1.000611714579681,116416.81054804171,0.9978703360260583,116306.1738327833,False,False,1.000666759739869,116350.93122847786,393.51006085607946,-0.004214100359136053,-66.2954664331337
1.5,0.004,0.0021049364490621,0.55,1.000927558504837,115567.41515146426,4.0,9.827898427815942,1.000927558504837,115567.41515146426,0.9920216401172642,115044.96081709467,False,False,0.998574930854544,115393.02224117912,390.54250709548745,-0.008961453553611443,-459.74635274501634
2.0,0.004,0.0020665591123005,0.55,1.0012497986527868,114759.57247424083,4.0,9.54732721599984,1.0012497986527868,114759.57247424083,0.9967030908010696,114492.40918249988,False,False,0.9984005465517343,114573.99008608884,387.79305917179374,-0.0021955625032220594,-102.10438475110277
2.5,0.004,0.0020293944464563,0.55,1.0015782329117109,113992.41761582604,4.0,9.272608254161357,1.0015782329117109,113992.41761582604,0.9916617673617464,113986.2694369889,False,False,0.9975389192269201,113842.18891957647,385.4267743952723,-0.007068842590768343,169.16941614712414
3.0,0.004,0.0019934691820362,0.55,1.0019126547147048,113265.05208498184,4.0,9.003969832317667,1.0019126547147048,113265.05208498184,1.002514090740679,113531.5880372099,False,False,0.9988548095786627,113186.64791294557,383.0394109377066,0.0046392929967477015,407.838462268337
3.5,0.004,0.0019588080685053,0.55,1.002252853369954,112576.54325223496,4.0,8.741643629425974,1.002252853369954,112576.54325223496,1.0156550058254994,112873.55122905735,False,False,1.0018271463759956,112563.67163516108,380.5538977185917,0.016459160807974715,370.44009653701505
4.0,0.004,0.0019254335019504,0.55,1.0025986144529622,111925.92400474408,4.0,8.485863351144875,1.0025986144529622,111925.92400474408,0.9976765492674488,111901.82606224532,False,False,1.0015655433058164,111909.16951060812,378.3741767056744,-0.0044964925905727204,-12.040396713913651
4.5,0.004,0.0018933651418813,0.55,1.0029497202626485,111312.1926443864,4.0,8.23686309406452,1.0029497202626485,111312.1926443864,0.996744971264449,111255.40613721772,False,False,1.0012383221288033,111287.6673384307,376.3138892615213,-0.005171889022072329,-41.21243427848094
5.0,0.004,0.0018626195243956,0.55,1.003305950341916,110734.31307285171,4.0,7.994875416419758,1.003305950341916,110734.31307285171,1.008204370843768,110485.1093167468,False,False,1.002160909072994,110691.14820097662,374.1816338741305,0.006609490302777132,-226.47006857155066
5.5,0.004,0.0018332096803289,0.55,1.0036670820618612,110191.21530964324,4.0,7.760129101132981,1.0036670820618612,110191.21530964324,1.0072359521434615,110311.92225873609,False,False,1.0032103514404198,110172.90219339884,372.2993739982387,0.004713457982990388,161.0167890766752
6.0,0.004,0.0018051447682956,0.55,1.0040328912671452,109681.79638974204,4.0,7.532846605481673,1.0040328912671452,109681.79638974204,1.0050870337571245,109607.52298958978,False,False,1.0036792132930314,109660.01383283014,370.5082303770928,0.001510679973578899,-57.19458090055559
6.5,0.004,0.0017784297335897,0.55,1.0044031529782136,109204.9216868565,4.0,7.3132412030746705,1.0044031529782136,109204.9216868565,0.9950984725311316,109386.6870486012,False,False,1.0033388454726087,109196.86803949873,368.98531015082176,-0.00895122165352391,202.0747441479325
7.0,0.004,0.001753065004648,0.55,1.0047776421441057,108759.42670519132,4.0,7.101513838322192,1.0047776421441057,108759.42670519132,1.0044851239194728,109284.93274642911,False,False,1.0043946425479218,108807.03465346417,367.53849223041465,0.0007716371020414226,532.8597378358827
7.5,0.004,0.0017290462390702,0.55,1.005156134437594,108344.11937707692,4.0,6.897849731128139,1.005156134437594,108344.11937707692,1.0121091663821769,108334.40688989835,False,False,1.0054327181078362,108390.8364359374,366.0057423261778,0.007336435963712029,-54.10053872606659
8.0,0.004,0.001706364130933,0.55,1.0055384070824385,107957.7828952125,4.0,6.702414789707682,1.0055384070824385,107957.7828952125,0.9920962616095876,107508.57655296028,False,False,1.0039009938050971,107938.32708880995,364.66417472161845,-0.013718276860120726,-492.57972269141464
8.5,0.004,0.00168500429025,0.55,1.0059242397007302,107599.1790964253,4.0,6.515351911398185,1.0059242397007302,107599.1790964253,1.001348082090328,107340.92396351665,False,False,1.0037154367282526,107555.13546051344,363.3920857299489,-0.0029390540847771263,-240.41938298600144
9.0,0.004,0.0016649472038689,0.55,1.006313415166752,107267.05239866738,4.0,6.336777273750588,1.006313415166752,107267.05239866738,0.9873011877687436,106829.6081662664,False,False,1.0020460489875895,107170.59275187379,362.29458816396516,-0.016804016124799315,-396.95862066464906
9.5,0.004,0.0016461682848622,0.55,1.0067057204526084,106960.13427466172,4.0,6.166776739227004,1.0067057204526084,106960.13427466172,0.9938103430547588,106601.00136783722,False,False,1.0013060257575568,106836.92337476158,361.25575649939015,-0.008629277905534916,-270.57722291177197
10.0,0.004,0.0016286380146092,0.55,1.0071009474501735,106677.1482247124,4.0,6.00540251422292,1.0071009474501735,106677.1482247124,0.9886835970722562,107068.72944175804,False,False,1.0011597406933728,106595.01112893313,360.4553435635855,-0.013019288084550218,504.4776784260175
10.5,0.004,0.0016123221784113,0.55,1.0074988937537717,106416.81518861756,4.0,5.852670214368764,1.0074988937537717,106416.81518861756,1.005147982443025,106484.81306065511,False,False,1.0020654568049525,106358.77834076495,359.5478886063468,0.003589005627644637,142.9173882490868
11.0,0.004,0.0015971821917913,0.55,1.0078993633884732,106177.85931365054,4.0,5.708556490668407,1.0078993633884732,106177.85931365054,0.9952248985740362,105721.8069841778,False,False,1.001298584184511,106081.25264469981,358.7014401504337,-0.007242049245021365,-403.3033361216512
11.5,0.004,0.0015831755108341,0.55,1.0083021674700008,105959.0139737875,4.0,5.572997362942444,1.0083021674700008,105959.0139737875,1.0110148110582178,106155.10362359651,False,False,1.0028971545774645,105906.65772167184,357.92016313614073,0.009311909311119804,283.92927159123064
12.0,0.004,0.001570256116284,0.55,1.0087071247839534,105759.02791652868,4.0,5.44588738703253,1.0087071247839534,105759.02791652868,1.0102746356501957,106137.14037875236,False,False,1.0044738881879134,105756.23008517813,357.2237513985725,0.006971544400325103,425.51546402371605
12.5,0.004,0.0015583750578834,0.55,1.0091140622743062,105576.67139955616,4.0,5.327079750274407,1.0091140622743062,105576.67139955616,1.0072447528280066,105468.7090323254,False,False,1.0049489398286624,105568.2591586824,356.53227219936355,0.0023635417054626018,-105.6843354418088
13.0,0.004,0.0015474810428702,0.55,1.0095228154338278,105410.742171656,4.0,5.216387347308433,1.0095228154338278,105410.742171656,0.9843552183256228,105207.94491991492,False,False,1.0032704848147476,105362.09010843858,356.03539798408485,-0.021002914285756624,-195.39460810218588
13.5,0.004,0.0015375210508448,0.55,1.0099332285920204,105260.07115192807,4.0,5.113584838310434,1.0099332285920204,105260.07115192807,1.004546299633554,105158.8578381826,False,False,1.0036810915815382,105212.57776128282,355.48145765002494,0.0008643667902457075,-57.4243560971081
14.0,0.004,0.0015284409564997,0.55,1.0103451550992704,105123.5276688172,4.0,5.018411638391142,1.0103451550992704,105123.5276688172,1.0098601456452596,105208.90962189346,False,False,1.0047621414817056,105098.14723616326,354.9667159255691,0.005766098522100638,128.06495987204835
14.5,0.004,0.0015201861420244,0.55,1.010758457408933,105000.02413569232,4.0,4.930575735188548,1.010758457408933,105000.02413569232,1.011891547268966,105192.01518076925,False,False,1.006039769850352,105002.6766020264,354.49299127119764,0.006715356849499532,214.6756130308786
15.0,0.004,0.0015127020822998,0.55,1.011173007061883,104888.52006159672,4.0,4.849758186593519,1.011173007061883,104888.52006159672,0.995871649406829,105243.1851130088,False,False,1.0060111976533963,104906.63372625492,354.172126836079,-0.010583052567917028,352.0822474835004
15.5,0.004,0.0015059348881482,0.55,1.0115886845805249,104788.02532276724,4.0,4.775618116455607,1.0115886845805249,104788.02532276724,1.0068111518201857,105151.7687845412,False,False,1.0069209497467313,104832.53081771718,353.8144076732839,0.00038401571295887393,347.240402435782
16.0,0.004,0.0014998317957077,0.55,1.0120053792812402,104697.60265049648,4.0,4.707798006043846,1.0120053792812402,104697.60265049648,1.0022201885006738,105053.22380496455,False,False,1.0073178092212636,104756.50700750297,353.5109448928863,-0.005117397300013371,315.43842893150577
16.5,0.004,0.001494341593197,0.55,1.0124229890157077,104616.36932161964,4.0,4.64592907427324,1.0124229890157077,104616.36932161964,1.0043346166214515,105024.94575115365,False,False,1.0079162835643296,104693.15196417173,353.2264950847103,-0.0034005934858045705,355.53007745021023
17.0,0.004,0.0014894149796767,0.55,1.012841419852428,104543.49806715878,4.0,4.589636549702559,1.012841419852428,104543.49806715878,1.0234504060862888,104741.91440409888,False,False,1.0097987716592147,104640.63804686598,352.8271940650959,0.015116106038473909,129.4166249076079
17.5,0.004,0.0014850048536528,0.55,1.0132605857101529,104478.21724057544,4.0,4.53854465989002,1.0132605857101529,104478.21724057544,1.0051852389568336,104018.94525927585,False,False,1.0090613554364662,104517.07046484986,352.49745730457215,-0.005031938293707849,-546.3831135822111
18.0,0.004,0.0014810665322965,0.55,1.01368040795477,104419.81030829836,4.0,4.492281195526702,1.01368040795477,104419.81030829836,1.013355190905315,104380.52103944428,False,False,1.009713626736437,104453.5912700112,352.20653860937466,0.0038740540479114127,-74.13743040179543
18.5,0.004,0.0014775579045302,0.55,1.0141008149706816,104367.61474089976,4.0,4.450481543957865,1.0141008149706816,104367.61474089976,1.0229447136445131,104461.79089468675,False,False,1.011311694769904,104418.01714394473,351.89842437465046,0.012810687398342457,63.91391226442647
19.0,0.004,0.0014744395231591,0.55,1.0145217417168215,104321.02039326908,4.0,4.412792125373503,1.0145217417168215,104321.02039326908,1.0086857373893887,104206.08251376676,False,False,1.011260804199407,104350.29448655205,351.6761808680682,-0.0030465942347199793,-159.9795557414909
19.5,0.004,0.001471674642587,0.55,1.0149431292763906,104279.4674666512,4.0,4.378873201740615,1.0149431292763906,104279.4674666512,1.013826109780549,104552.8457231218,False,False,1.0121915281012654,104326.82881154123,351.48760708908003,0.002143940317885784,247.22209021459275
20.0,0.004,0.0014692292094649,0.55,1.0153649244081464,104242.44414512649,4.0,4.348401060915124,1.0153649244081464,104242.44414512649,1.0164695658406413,104134.37995347082,False,False,1.0127433711411227,104277.96997322404,351.2581079877998,0.0038565043035705404,-150.30452793411678
20.5,0.004,0.0014670718139395,0.55,1.0157870791058232,104209.4839949047,4.0,4.321069604717033,1.0157870791058232,104209.4839949047,1.0164248968483738,103931.75988591558,False,False,1.0130352213658163,104221.86070789184,351.0348062359321,0.0032595177278151866,-309.3848704142292
21.0,0.004,0.0014651736090805,0.55,1.0162095501709765,104180.16320767904,4.0,4.29659138939114,1.0162095501709765,104180.16320767904,1.0039589919067995,104613.45290751074,False,False,1.0132040249338603,104211.3996267084,350.97973556771143,-0.009498814207526074,422.2473718898109
21.5,0.004,0.0014635082056672,0.55,1.0166322988033654,104154.09776021312,4.0,4.274698179888935,1.0166322988033654,104154.09776021312,1.0173937011071357,104353.89905315502,False,False,1.0141741350766027,104199.13421676953,350.82444150723376,0.0037669940063460583,171.9990195253049
22.0,0.004,0.0014620515488934,0.55,1.017055290211883,104130.94055221662,4.0,4.255141086422864,1.017055290211883,104130.94055221662,1.0306435244292984,104196.71668747671,False,False,1.0159985695629736,104191.8989454675,350.58573132655584,0.016046662236107956,25.734030688676285
22.5,0.004,0.0014607817827961,0.55,1.0174784932480836,104110.3785741352,4.0,4.237690353740628,1.0174784932480836,104110.3785741352,1.0020070464667987,104388.39130157317,False,False,1.0154870725695695,104164.02783581369,350.5520293133673,-0.014414164351736147,223.8623556032253
23.0,0.004,0.001459679107394,0.55,1.017901880063518,104092.13014632888,4.0,4.222134871657383,1.017901880063518,104092.13014632888,1.026495706943734,104410.8904181295,False,False,1.0171688226623554,104172.31865745955,350.3823820216905,0.010585647067065995,271.11831509447074
23.5,0.004,0.0014587256327023,0.55,1.018325425791401,104075.94226164976,4.0,4.208281470684305,1.018325425791401,104075.94226164976,1.0195189660483668,104178.25300494157,False,False,1.0177968280281564,104151.69657473372,350.23926497258384,0.0019273964151813594,31.135667855429347
24.0,0.004,0.001457905232998,0.55,1.018749108252568,104061.58805492178,4.0,4.195954060110581,1.018749108252568,104061.58805492178,1.0123344043114957,103324.2896292535,False,False,1.016660529972386,104062.58294534596,350.072931637005,-0.005885336372814187,-804.5061909417855
24.5,0.004,0.0014572034039901,0.55,1.0191729076852365,104048.86441541424,4.0,4.184992658476167,1.0191729076852365,104048.86441541424,1.0391770731486605,103846.18758021393,False,False,1.018701608308743,104060.89221752239,349.8277422939357,0.02209256613868993,-203.573898031289
25.0,0.004,0.0014566071249031,0.55,1.0195968064977523,104037.58975212704,4.0,4.1752523586785895,1.0195968064977523,104037.58975212704,1.0272194036185995,103900.61601325356,False,False,1.0196222982923986,104046.9806262103,349.6729548671969,0.008093984071165128,-147.63223154543084
25.5,0.004,0.0014561047269256,0.55,1.0200207890432649,104027.60191654056,4.0,4.166602262469162,1.0200207890432649,104027.60191654056,1.0080279000222123,103732.3416480066,False,False,1.0186236809941285,103999.58698492998,349.6307874781184,-0.012018276927718397,-303.5765120835713
26.0,0.004,0.0014556857690102,0.55,1.0204448414150964,104018.75628334976,4.0,4.158924412135845,1.0204448414150964,104018.75628334976,1.021190003702811,104078.35951352584,False,False,1.0193411164168298,104002.63367477163,349.55689271720235,0.0021418406563729064,84.3882990868733
26.5,0.004,0.0014553409216208,0.55,1.020868951261493,104010.92398649231,4.0,4.152112740935439,1.020868951261493,104010.92398649231,1.0266358470981949,104368.58462634771,False,False,1.0208374300226521,104031.79182584141,349.47936495882936,0.006870346505787994,371.92156074990635
27.0,0.004,0.0014550618587188,0.55,1.021293107618373,104003.99030537494,4.0,4.146072058412735,1.021293107618373,104003.99030537494,1.0194052863648655,103858.51862981282,False,False,1.020888657915966,104008.34908386575,349.3946044629315,-0.0018560770091200496,-163.9418645817641
27.5,0.004,0.0014548411580356,0.55,1.0217173007587006,103997.85319448115,4.0,4.140717082148893,1.0217173007587006,103997.85319448115,1.0285464034306526,103657.40339357992,False,False,1.0214805255753565,103985.19135484015,349.2474111838816,0.007233563054989345,-344.3084195748088
28.0,0.004,0.0014546722094952,0.55,1.0221415220571182,103992.42194838345,4.0,4.135971523678504,1.0221415220571182,103992.42194838345,1.021476348855624,104600.8323916566,False,False,1.0226769564861011,104025.70442193629,349.2431368322971,-0.0004285565910913114,619.6077758242172
28.5,0.004,0.0014545491315163,0.55,1.0225657638685322,103987.6159934846,4.0,4.131767233237378,1.0225657638685322,103987.6159934846,1.0292382394768755,103852.18471165534,False,False,1.023409286866571,104012.29516939903,349.11222619932437,0.0061374497006103645,-164.875764748067
29.0,0.004,0.0014544666948295,0.55,1.022990019419394,103983.36379747132,4.0,4.1280434055738064,1.022990019419394,103983.36379747132,1.0373752453359557,103613.47432005736,False,False,1.0244775885648398,103992.64158535979,348.920986808676,0.013542046198781632,-391.7152616219246
29.5,0.004,0.0014544202533797,0.55,1.0234142827104973,103979.60188740534,4.0,4.124745847178532,1.0234142827104973,103979.60188740534,1.016657660200441,104050.90506229088,False,False,1.0242801337606986,103982.69550966706,348.9107673501343,-0.008243956897184157,63.105981190063176
30.0,0.004,0.001454405681852,0.55,1.0238385484301886,103976.27396752386,4.0,4.121826303884503,1.0238385484301886,103976.27396752386,1.0258699345340847,104103.97874200072,False,False,1.024966913366543,103989.44342749416,348.8528778912751,0.0011656467517227043,124.97341556409083
30.5,0.004,0.0014544193193379,0.55,1.0242628118769657,103973.33012812634,4.0,4.119241846766547,1.0242628118769657,103973.33012812634,1.0196297361115816,103761.81510122214,False,False,1.0246076856533213,103962.01393363005,348.8029722931109,-0.005761196241958588,-223.15355786588043
31.0,0.004,0.0014544579186614,0.55,1.024687068890522,103970.72613732716,4.0,4.116954313568295,1.024687068890522,103970.72613732716,1.0259597530027804,104207.86220970364,False,False,1.025433462880686,103979.71885324387,348.7655523513804,0.0009277188885234988,247.1385892192484
31.5,0.004,0.0014545186008896,0.55,1.0251113157903735,103968.42280793189,4.0,4.114929802426018,1.0251113157903735,103968.42280793189,1.0132393705118723,103822.22697644588,False,False,1.0245787555157564,103950.39456672846,348.767379231977,-0.012618174500726553,-154.1417577676766
32.0,0.004,0.0014545988145751,0.55,1.025535549321278,103966.38543220762,4.0,4.113138214400784,1.025535549321278,103966.38543220762,1.019742533356251,103689.5001575905,False,False,1.024213911932992,103925.41781129749,348.7263341796334,-0.0052606991813004544,-260.957421756626
32.5,0.004,0.001454696299295,0.55,1.0259597666047289,103964.5832778491,4.0,4.111552841218119,1.0259597666047289,103964.5832778491,1.0239978068766835,104018.16053840656,False,False,1.0247007354352853,103934.13136531596,348.6985182535449,-0.0006408860564512953,89.75991008691199
33.0,0.004,0.0014548090530813,0.55,1.0263839650958817,103962.9891389746,4.0,4.110149994615069,1.0263839650958817,103962.9891389746,1.035371603816886,104194.21983211208,False,False,1.0263367321167645,103966.73878580474,348.61612063495187,0.01024622600242786,258.1266732038639
33.5,0.004,0.0014549353033635,0.55,1.026808142545321,103961.57893650523,4.0,4.108908673776697,1.026808142545321,103961.57893650523,1.0382603626198623,103771.42348914684,False,False,1.0274913318022048,103964.38763383536,348.4728809374074,0.01149948939017631,-193.46903098540497
34.0,0.004,0.0014550734810737,0.55,1.0272322969651422,103960.33136278106,4.0,4.107810267482371,1.0272322969651422,103960.33136278106,1.0139970190402996,104059.51902958532,False,False,1.0268521787882383,103953.48557678802,348.51126016733326,-0.013918375103880276,96.70842094483669
34.5,0.004,0.0014552221975923,0.55,1.0276564265988768,103959.22756574088,4.0,4.106838287758451,1.0276564265988768,103959.22756574088,1.0197100029390065,103931.18007391928,False,False,1.0266012107005473,103942.72116089672,348.50458705530684,-0.007566413940647498,-22.000826322720968
35.0,0.004,0.0014553802242408,0.55,1.0280805298948366,103958.2508684384,4.0,4.105978132034023,1.0280805298948366,103958.2508684384,1.0345495641205709,104805.58096335926,False,False,1.028790762432625,104014.81910450387,348.4895109535137,0.007523976026607038,861.9072257696243
35.5,0.004,0.0014555464740535,0.55,1.0285046054824942,103957.38652007956,4.0,4.105216871007647,1.0285046054824942,103957.38652007956,1.0085804076407492,103744.81861573063,False,False,1.0271081971513014,103964.12572279638,348.5169185466152,-0.020633754906622226,-262.5738454000384
36.0,0.004,0.0014557199855872,0.55,1.028928652151563,103956.62147514778,4.0,4.10454305964857,1.028928652151563,103956.62147514778,1.0242969535020394,104371.87295530963,False,False,1.0277893041307848,103988.42423850475,348.518508052986,-0.003235343408063196,409.2923627672717
36.5,0.004,0.0014558999085481,0.55,1.0293526688334718,103955.94419753448,4.0,4.103946568968193,1.0293526688334718,103955.94419753448,1.028379799576771,103940.2403110028,False,False,1.0281701673024364,103981.07376560447,348.4492163660873,0.0001667199914892059,-43.8140965000639
37.0,0.004,0.0014560854910399,0.55,1.0297766545849651,103955.34448691204,4.0,4.103418436404041,1.0297766545849651,103955.34448691204,1.0423468043578334,103917.31588581036,False,False,1.0296905247234502,103989.33694847315,348.2986297951223,0.013752816465111284,-60.238769475297886
37.5,0.004,0.0014562760682545,0.55,1.0302006085735893,103954.81332487632,4.0,4.102950732855207,1.0302006085735893,103954.81332487632,1.0370946475792968,104171.31285833725,False,False,1.030953938992905,104006.5974883785,348.2082690998849,0.00698052858941467,186.4603618508554
38.0,0.004,0.0014564710524476,0.55,1.030624530064848,103954.34273865008,4.0,4.10253644459235,1.030624530064848,103954.34273865008,1.027352395862626,104222.53990861223,False,False,1.0313239618266852,104011.55028347895,348.181452617373,-0.004024837311872087,222.43150460449397
38.5,0.004,0.0014566699240552,0.55,1.0310484184108388,103953.92568037614,4.0,4.10216936843916,1.0310484184108388,103953.92568037614,1.0273626594698393,,False,True,1.0313653335345645,103998.92604200549,348.1343409348754,-0.00438450982537808,
39.0,0.004,0.0014568722238244,0.55,1.0314722730402015,103953.55592024296,4.0,4.101844018780734,1.0314722730402015,103953.55592024296,1.0289703190350223,104052.15144078352,False,False,1.0316254792795791,103994.32653159871,348.0884379990197,-0.0028183544440743002,58.8290127718501
39.5,0.004,0.0014570775458449,0.55,1.0318960934492274,103953.22795187905,4.0,4.101555545101763,1.0318960934492274,103953.22795187905,1.047131387453789,103773.10903495166,False,False,1.0330578300486593,103991.40161359195,347.9106868982799,0.015082542001765287,-216.14543901111756
40.0,0.004,0.0014572855313796,0.55,1.0323198791939974,103952.9369086228,4.0,4.101299658891776,1.0323198791939974,103952.9369086228,1.0280396297682688,103791.64307736758,False,False,1.0327518478753592,103965.63555950856,347.8603560241937,-0.005441469135798904,-195.01877479275572
40.5,0.004,0.0014574958634027,0.55,1.0327436298834305,103952.67848943191,4.0,4.101072568875842,1.0327436298834305,103952.67848943191,1.029706825999783,104105.57444669692,False,False,1.033065461831208,103970.17793883516,347.8387868350279,-0.0034685964227505472,141.68082234101894
41.0,0.004,0.0014577082617679,0.55,1.0331673451731356,103952.44889333216,4.0,4.100870923641018,1.0331673451731356,103952.44889333216,1.0366932358459882,104126.71885451447,False,False,1.0339734006311978,103983.34318609122,347.77637318969647,0.0032042767696989216,158.8133769985434
41.5,0.004,0.0014579224789319,0.55,1.0335910247599802,103952.24476142906,4.0,4.100691760828396,1.0335910247599802,103952.24476142906,1.0323833203091155,104371.660043638,False,False,1.0347400799593212,104005.8031282535,347.7615762582521,-0.0020133537511830557,392.125018671868
42.0,0.004,0.0014581382961718,0.55,1.0340146683772848,103952.0631256176,4.0,4.100532462150004,1.0340146683772848,103952.0631256176,1.0320418260976276,104077.59226224324,False,False,1.0349985330822138,104001.40620489111,347.71656463384204,-0.0031212162077218775,78.20648419349163
42.5,0.004,0.0014583555202391,0.55,1.0344382757905783,103951.90136322031,4.0,4.100390713572637,1.0344382757905783,103951.90136322031,1.0232976043590678,104269.95184279764,False,False,1.0347439793364366,104001.20992548276,347.7457607888421,-0.012123915225472626,274.4550505685038
43.0,0.004,0.001458573980401,0.55,1.0348618467938449,103951.75715687324,4.0,4.100264470081169,1.0348618467938449,103951.75715687324,1.0347466321134593,104406.78846730842,False,False,1.0356700029049377,104024.8331622198,347.71612647219,-0.0004203587145115151,411.4639012415864
43.5,0.004,0.0014587935258234,0.55,1.0352853812062075,103951.62845905566,4.0,4.100151924500936,1.0352853812062075,103951.62845905566,1.0308495689764636,104001.068622415,False,False,1.035624527947076,104008.92426462601,347.66828237536185,-0.005243107850516182,-15.142223577859113
44.0,0.004,0.0014590140232573,0.55,1.035708878868998,103951.51346072902,4.0,4.100051479915372,1.035708878868998,103951.51346072902,1.0473701566309004,103505.84586525182,False,False,1.0363656585305656,103979.26817885727,347.48225505441275,0.011322779405127159,-496.2949908497394
44.5,0.004,0.0014592353549936,0.55,1.036132339643166,103951.41056361084,4.0,4.099961725268391,1.036132339643166,103951.41056361084,1.0426632246701777,103597.62743766066,False,False,1.0367962745075932,103955.26211704042,347.3515530916457,0.00587446389570645,-378.2961722384207
45.0,0.004,0.0014594574170543,0.55,1.0365557634069902,103951.31835566377,4.0,4.099881413786172,1.0365557634069902,103951.31835566377,1.0363143272768909,103519.9774952066,False,False,1.0365745917114146,103922.02039602514,347.2664583709693,-0.0009052696722546827,-434.73964520603477
45.5,0.004,0.0014596801175946,0.55,1.0369791500540575,103951.2355894292,4.0,4.099809443894692,1.0369791500540575,103951.2355894292,1.0436629602867311,104428.71270373344,False,False,1.0382239051316031,103969.75310170489,347.23260012403654,0.006664667188690299,503.33646262944967
46.0,0.004,0.0014599033754898,0.55,1.037402499491476,103951.16116287552,4.0,4.099744842346517,1.037402499491476,103951.16116287552,,103696.93858442684,True,False,1.03826076166247,103947.38464591284,347.1535751011443,,-270.57138150796527
46.5,0.004,0.0014601271190866,0.55,1.037825811638295,103951.09410247042,4.0,4.0996867493021245,1.037825811638295,103951.09410247042,1.0483470752225643,104320.6465720941,False,False,1.0400875327754242,103987.2331359029,347.0724543591542,0.00966303788285594,372.88928508719255
47.0,0.004,0.0014603512850995,0.55,1.0382490864241118,103951.03354822005,4.0,4.099634405140378,1.0382490864241118,103951.03354822005,1.0381950908173956,104126.7531216892,False,False,1.0404956408153638,103990.65289210381,347.0360129171852,-0.0023151241073147144,143.8082258309296
47.5,0.004,0.0014605758176355,0.55,1.0386723237878392,103950.9787404466,4.0,4.09958713879926,1.0386723237878392,103950.9787404466,1.0445061473296433,104465.5594784983,False,False,1.0418816038544825,104025.34698004188,346.98921912634086,0.0035878977835281933,479.594650182029
48.0,0.004,0.0014608006673324,0.55,1.039095523676617,103950.92900810303,4.0,4.099544357469275,1.039095523676617,103950.92900810303,1.0261865912233823,104251.8571539494,False,False,1.0411836520961886,104014.5839216336,347.0351793598251,-0.016117124245030423,235.22959752783936
48.5,0.004,0.0014610257905973,0.55,1.0395186860448509,103950.88375844686,4.0,4.099505537483688,1.0395186860448509,103950.88375844686,1.0429854865336352,103920.17268008283,False,False,1.0416131224629093,104002.39703310565,346.944152876709,0.0013795447022835194,-86.94160398178792
49.0,0.004,0.0014612511489333,0.55,1.039941810853362,103950.84246791484,4.0,4.099470216266961,1.039941810853362,103950.84246791484,1.0230597696796966,103890.83333279684,False,False,1.0402319255463055,103966.24985887742,346.9854918882848,-0.018975735005995364,-105.50513870929717
49.5,0.004,0.0014614767083456,0.55,1.0403648980686375,103950.80467405962,4.0,4.099437985218818,1.0403648980686375,103950.80467405962,1.0200116086192383,103976.35499004346,False,False,1.0388670190421878,103941.03570415237,347.0613147610346,-0.020643212042320558,11.946893384956638
50.0,0.004,0.0014617024388155,0.55,1.0407879476621684,103950.76996842482,4.0,4.099408483425574,1.0407879476621684,103950.76996842482,1.037743178885054,104003.34825399448,False,False,1.0392352828050437,103944.78849948145,347.03068129686005,-0.001547129791708901,61.19707841720083
50.5,0.004,0.0014619283138368,0.55,1.0412109596098622,103950.73799024936,4.0,4.099381392102821,1.0412109596098622,103950.73799024936,1.0322116835338762,103791.51488891237,False,False,1.0388120875653133,103925.56674634719,347.0161009015751,-0.007446815295402365,-153.9477279191924
51.0,0.004,0.0014621543100057,0.55,1.041633933891528,103950.70842090518,4.0,4.099356429684539,1.041633933891528,103950.70842090518,1.0432744618486502,103940.91993162858,False,False,1.0396013422807187,103934.1211679955,346.9521659215259,0.004038912746813894,12.419451514055254
51.5,0.004,0.0014623804066582,0.55,1.0420568704904185,103950.68097898232,4.0,4.099333347483853,1.0420568704904185,103950.68097898232,1.0645044367552787,104433.47699758304,False,False,1.042785484901612,104000.81494201724,346.80138869143315,0.02447979630137853,497.4301657125179
52.0,0.004,0.0014626065855506,0.55,1.0424797693928265,103950.65541594698,4.0,4.099311925858634,1.0424797693928265,103950.65541594698,1.0341625375787056,103440.01392269928,False,False,1.0417051160998856,103943.90828867072,346.73825637060673,-0.009045241486153488,-554.9201694318617
52.5,0.004,0.0014628328305767,0.55,1.0429026305877305,103950.63151230528,4.0,4.099291970823826,1.0429026305877305,103950.63151230528,1.0366631947232914,104028.17795416334,False,False,1.0417659989760641,103944.36031107913,346.7326281951947,-0.005464924852316644,83.49945182813099
53.0,0.004,0.001463059127518,0.55,1.0433254540664774,103950.609074214,4.0,4.099273311058177,1.0433254540664774,103950.609074214,1.0453794935271243,103678.52323241976,False,False,1.042116971208912,103929.42654467143,346.6416815407073,0.003190501417388525,-266.55404554406414
53.5,0.004,0.0014632854638228,0.55,1.0437482398225069,103950.58793048657,4.0,4.099255795259618,1.0437482398225069,103950.58793048657,1.0486783727366304,104006.69905532802,False,False,1.0431647797761483,103944.51500174867,346.56919379915314,0.006138278968182531,74.80061125013162
54.0,0.004,0.0014635118284123,0.55,1.0441709878511047,103950.56792994778,4.0,4.099239289809017,1.0441709878511047,103950.56792994778,1.042406927192047,104202.52466251024,False,False,1.0438209076819682,103962.53966270362,346.55237340837203,-0.0011807183936565213,257.3149418985122
54.5,0.004,0.0014637382115075,0.55,1.0445936981491868,103950.54893909764,4.0,4.0992236767058445,1.0445936981491868,103950.54893909764,1.0425343948466546,103933.26588496032,False,False,1.0440606247077073,103957.08908472481,346.5061037477899,-0.0017091257136816473,-27.85267744110024
55.0,0.004,0.0014639646044778,0.55,1.0450163707151072,103950.53084004656,4.0,4.099208851745032,1.0450163707151072,103950.53084004656,1.0520410002663128,104182.42691600107,False,False,1.045425710491932,103981.6309844735,346.4278477806721,0.007557725539276916,226.12128000889788
55.5,0.004,0.0014641909997065,0.55,1.0454390055484897,103950.51352869264,4.0,4.099194722905716,1.0454390055484897,103950.51352869264,1.0506380819188283,103473.56170827738,False,False,1.0456007829644105,103946.80906602148,346.2913135802582,0.00479010768789645,-504.409982275698
56.0,0.004,0.0014644173904723,0.55,1.045861602650077,103950.49691311047,4.0,4.099181208928544,1.045861602650077,103950.49691311047,1.0355248443293403,104282.59364691011,False,False,1.0455610674994185,103959.35042617374,346.3377499134276,-0.010498561079864022,335.366592317936
56.5,0.004,0.0014646437708448,0.55,1.0462841620216032,103950.48091212886,4.0,4.099168238058428,1.0462841620216032,103950.48091212886,1.0454923488354448,103769.5421393344,False,False,1.045695497093329,103943.96871429903,346.2707498150451,-0.0004912097648281932,-188.75457795892726
57.0,0.004,0.0014648701355915,0.55,1.046706683665671,103950.4654540738,4.0,4.099155746934322,1.046706683665671,103950.4654540738,1.047059552152286,104137.18787501151,False,False,1.046449477054687,103959.84091303128,346.23523855920183,0.000941410549348376,192.46761945082108
57.5,0.004,0.0014650964800964,0.55,1.047129167585655,103950.4504756588,4.0,4.099143679608266,1.047129167585655,103950.4504756588,1.0365843213651642,104005.18490445176,False,False,1.0460521601436321,103950.04265278428,346.24917753244085,-0.010287561864655403,46.458329482673435
58.0,0.004,0.001465322800288,0.55,1.0475516137856071,103950.43592100416,4.0,4.099131986679181,1.0475516137856071,103950.43592100416,1.0501500047923509,103174.76726726705,False,False,1.0457785690935757,103897.93950773735,346.10767927679626,0.003675297482918838,-775.3121298897895
58.5,0.004,0.0014655490925754,0.55,1.047974022270178,103950.4217407712,4.0,4.099120624527498,1.047974022270178,103950.4217407712,1.0393944574984126,103723.60250433016,False,False,1.0453845361273637,103883.04718689928,346.1042266650642,-0.0068072444495062,-180.5238748830452
59.0,0.004,0.0014657753537921,0.55,1.048396393044546,103950.40789139755,4.0,4.0991095546393685,1.048396393044546,103950.40789139755,1.0581170601237166,104016.5604017782,False,False,1.0470239307431757,103914.51579871745,346.01697257865817,0.012309195061801725,125.55715138126106
59.5,0.004,0.0014660015811461,0.55,1.0488187261143551,103950.39433442132,4.0,4.099098743009789,1.0488187261143551,103950.39433442132,1.050746185240406,104416.58715889209,False,False,1.048376916859431,103958.75051289547,346.00566180724576,0.0032994121698572965,497.8496827274794
60.0,0.004,0.0014662277721765,0.55,1.0492410214856591,103950.38103588475,4.0,4.099088159615079,1.0492410214856591,103950.38103588475,1.0501340863433497,104036.56152165588,False,False,1.0490160714514654,103965.05857295585,345.95172710871697,0.0013349243116149712,78.80422186471696
60.5,0.004,0.0014664539247144,0.55,1.0496632791648737,103950.36796580738,4.0,4.099077777947441,1.0496632791648737,103950.36796580738,1.0437529956363107,104027.6767297386,False,False,1.0490360886189738,103961.33598633383,345.936993333491,-0.0056851959938548635,64.3535222583887
61.0,0.004,0.0014666800368487,0.55,1.050085499158732,103950.35509772049,4.0,4.099067574603673,1.050085499158732,103950.35509772049,1.048899400919955,103526.54987083166,False,False,1.0488447944370765,103927.78974022374,345.8477842658208,-0.0005588460604728507,-433.4872215401847
61.5,0.004,0.0014669061068959,0.55,1.050507681474249,103950.34240825634,4.0,4.099057528921865,1.050507681474249,103950.34240825634,1.0305302185451788,104379.6864172134,False,False,1.0482512909541912,103941.15938224859,345.96183736387076,-0.018737111941460993,449.2472160717589
62.0,0.004,0.0014671321333737,0.55,1.050929826118687,103950.32987678524,4.0,4.099047622660732,1.050929826118687,103950.32987678524,1.0396157514134563,104492.45297534169,False,False,1.0486168380675236,103971.65191445865,346.0204731236143,-0.009057985033931626,550.2188184953702
62.5,0.004,0.001467358114977,0.55,1.0513519330995242,103950.31748509505,4.0,4.099037839716234,1.0513519330995242,103950.31748509505,1.054980331091412,103958.88999803222,False,False,1.0495333268995473,103975.37863135652,345.9254226396948,0.005941407894131556,-10.255709197896067
63.0,0.004,0.0014675840505576,0.55,1.0517740024244313,103950.30521710803,4.0,4.099028165871539,1.0517740024244313,103950.30521710803,1.03048833200621,103884.37810264202,False,False,1.048176702438633,103943.14184848937,345.9771782498987,-0.019466957995574408,-88.0543984464166
63.5,0.004,0.0014678099391052,0.55,1.052196034101247,103950.29305863124,4.0,4.099018588575992,1.052196034101247,103950.29305863124,1.0606621193160588,103464.57814388831,False,False,1.0490046627385408,103923.21269082106,345.8138186536007,0.012062986012004506,-479.40534073425806
64.0,0.004,0.001468035779732,0.55,1.0526180281379585,103950.28099713549,4.0,4.099009096750075,1.0526180281379585,103950.28099713549,1.035157063384219,104215.27731482244,False,False,1.0485843885513348,103930.69137383215,345.88795822112706,-0.014270170298697815,288.87491103701177
64.5,0.004,0.0014682615716577,0.55,1.053039984542682,103950.2690215607,4.0,4.0989996806132005,1.053039984542682,103950.2690215607,1.0606073695693248,104760.95281926842,False,False,1.051077439319622,104006.90675103903,345.84922320564624,0.011600452822749796,827.9538248049794
65.0,0.004,0.0014684873141971,0.55,1.0534619033236492,103950.25712214374,4.0,4.098990331531471,1.0534619033236492,103950.25712214374,1.045006932994856,104165.3910445797,False,False,1.05116014985412,104004.70038544855,345.83218640894864,-0.006491993402222951,165.11728626920376
65.5,0.004,0.001468713006749,0.55,1.053883784489191,103950.24529026652,4.0,4.09898104188345,1.053883784489191,103950.24529026652,1.0616736953326156,104329.35634571248,False,False,1.0528768321938469,104034.44134960123,345.7296942858208,0.01009204215685,331.0325366340112
66.0,0.004,0.0014689386487862,0.55,1.0543056280477268,103950.23351832182,4.0,4.098971804941546,1.0543056280477268,103950.23351832182,1.0556151401235747,104112.85970643428,False,False,1.0536114361254219,104033.81029229813,345.6414206100304,0.002317276019776271,88.25964864681009
66.5,0.004,0.0014691642398473,0.55,1.0547274340077522,103950.2217995948,4.0,4.098962614767262,1.0547274340077522,103950.2217995948,1.0393590846048373,103654.71703362415,False,False,1.0522951786815935,103979.61508101645,345.61569268682075,-0.014673324701292234,-369.32034420275886
67.0,0.004,0.0014693897795281,0.55,1.0551492023778308,103950.21012815836,4.0,4.098953466118716,1.0551492023778308,103950.21012815836,1.0676406898734154,104351.21191746432,False,False,1.0544819193013641,104021.25162378573,345.49759152645,0.01492384050282225,375.0504555551306
67.5,0.004,0.0014696152674756,0.55,1.0555709331665848,103950.19849878098,4.0,4.098944354369013,1.0555709331665848,103950.19849878098,1.0699880047218109,103579.82602894006,False,False,1.05562351666898,103998.89364089642,345.2894553562132,0.015085055587504614,-433.10487912475946
68.0,0.004,0.001469840703382,0.55,1.0559926263826878,103950.18690684502,4.0,4.098935275434134,1.0559926263826878,103950.18690684502,1.0553345773226857,103886.9874351461,False,False,1.0558449753251185,103984.53208853389,345.2158061367763,-0.0007101064646251043,-106.1834347358672
68.5,0.004,0.0014700660869787,0.55,1.056414282034858,103950.17534827472,4.0,4.098926225709376,1.056414282034858,103950.17534827472,1.0536751193131346,104033.83087177548,False,False,1.0561148743503803,103981.35108748006,345.17359966402694,-0.002591157026655022,53.34365787846036
69.0,0.004,0.0014702914180325,0.55,1.0568359001318524,103950.16381947276,4.0,4.098917202013012,1.0568359001318524,103950.16381947276,1.055237230472146,104215.03671770576,False,False,1.0567358957047208,103993.56700293098,345.1413273214075,-0.0012989548506290305,237.35918634655536
69.5,0.004,0.001470516696341,0.55,1.0572574806824622,103950.15231726412,4.0,4.098908201536811,1.0572574806824622,103950.15231726412,1.0475059574546748,104074.9480168934,False,False,1.0564462981897695,103983.44085376826,345.1416762224201,-0.009651063134126225,86.48704896378331
70.0,0.004,0.0014707419217291,0.55,1.0576790236955074,103950.14083884646,4.0,4.09889922180216,1.0576790236955074,103950.14083884646,1.0686648912930763,104066.19118909648,False,False,1.057988132248978,103999.78036206604,345.0150966014005,0.01179733406731498,86.67014371292316
70.5,0.004,0.0014709670940456,0.55,1.058100529179833,103950.12938174648,4.0,4.098890260621448,1.058100529179833,103950.12938174648,1.0526716098625313,103721.68296121784,False,False,1.0575627298732788,103967.18602878318,344.9568382862751,-0.005737469222081959,-272.2589819630957
71.0,0.004,0.0014711922131609,0.55,1.0585219971443065,103950.11794378128,4.0,4.098881316063865,1.0585219971443065,103950.11794378128,1.0580100930173897,103563.30651959314,False,False,1.05746065753892,103935.72698188106,344.86442190673705,2.6029780266334512e-05,-401.86203442385886
71.5,0.004,0.0014714172789637,0.55,1.0589434275978122,103950.10652302424,4.0,4.098872386425346,1.0589434275978122,103950.10652302424,1.0510104635657818,103968.5507235032,False,False,1.0573363106112756,103931.61939515201,344.8653655432284,-0.0068718734055457364,31.132835164724384
72.0,0.004,0.0014716422913597,0.55,1.0593648205492523,103950.09511777513,4.0,4.0988634702018585,1.0593648205492523,103950.09511777513,1.0531040895520505,103737.03668460224,False,False,1.0571037997985597,103913.94623716819,344.8339670239569,-0.004653955638085128,-196.75971009914065
72.5,0.004,0.0014718672502688,0.55,1.0597861760075409,103950.08372653316,4.0,4.098854566066088,1.0597861760075409,103950.08372653316,1.0470089244910292,103557.7480381124,False,False,1.056157519986668,103879.57716871792,344.83075844407193,-0.010516820232509883,-360.470033519523
73.0,0.004,0.001472092155624,0.55,1.0602074939816035,103950.07234797395,4.0,4.098845672846473,1.0602074939816035,103950.07234797395,1.0727781871187474,103570.28840652337,False,False,1.0575497099430253,103883.80261122908,344.68170231570906,0.01619826833982141,-317.6541794392833
73.5,0.004,0.0014723170073695,0.55,1.0606287744803753,103950.0609809286,4.0,4.098836789509105,1.0606287744803753,103950.0609809286,1.0590878987483152,103803.02243867668,False,False,1.0579518255219373,103886.52034686742,344.6436141666685,0.0011159601708623512,-88.64034974870447
74.0,0.004,0.0014725418054596,0.55,1.0610500175127986,103950.04962436543,4.0,4.098827915141487,1.0610500175127986,103950.04962436543,1.0707092337000867,103394.27596631325,False,False,1.0587769333427743,103872.15631238202,344.49931831406695,0.012335244750153684,-499.77986116289685
74.5,0.004,0.0014727665498576,0.55,1.0614712230878225,103950.03827737404,4.0,4.098819048938228,1.0614712230878225,103950.03827737404,1.0616044690569548,103545.79766652072,False,False,1.0589678501109352,103859.83240684337,344.43608618439134,0.00240529189913552,-335.61113654563087
75.0,0.004,0.0014729912405343,0.55,1.0618923912143998,103950.02693915083,4.0,4.098810190188596,1.0618923912143998,103950.02693915083,1.054948355937371,103459.48586043008,False,False,1.058475977029804,103835.52557668946,344.41306785418595,-0.004441853310575894,-411.0765550280048
75.5,0.004,0.0014732158774675,0.55,1.0623135219014883,103950.0156089866,4.0,4.098801338265302,1.0623135219014883,103950.0156089866,1.059046669301466,104004.6934481211,False,False,1.0591133193198825,103860.62169861076,344.4216671434487,0.0001480276051479823,155.51387594080006
76.0,0.004,0.0014734404606411,0.55,1.0627346151580483,103950.00428625544,4.0,4.098792492614658,1.0627346151580483,103950.00428625544,1.0571323046530194,104072.39955511098,False,False,1.059591736653431,103883.02700640394,344.4399255372169,-0.002403352283828486,201.142518324501
76.5,0.004,0.0014736649900444,0.55,1.063155670993041,103949.99297040484,4.0,4.098783652748081,1.063155670993041,103949.99297040484,1.0632352619848902,104552.13525935968,False,False,1.0611493565094714,103942.75467877906,344.45539692902184,0.0032214712195666184,661.1563870172686
77.0,0.004,0.0014738894656712,0.55,1.063576689415429,103949.98166094723,4.0,4.098774818234222,1.063576689415429,103949.98166094723,1.0598240210186596,103500.72272117752,False,False,1.060843647712266,103909.29795185456,344.38034467872586,-0.0017466102533838512,-442.8820324840199
77.5,0.004,0.0014741138875196,0.55,1.0639976704341758,103949.9703574522,4.0,4.098765988692485,1.0639976704341758,103949.9703574522,1.0609984532747578,103746.0912697793,False,False,1.0610234957260938,103901.56585922696,344.3336474818859,-0.00026685479156984826,-168.02483632370422
78.0,0.004,0.0014743382555915,0.55,1.064418614058244,103949.95905953983,4.0,4.098757163786856,1.064418614058244,103949.95905953983,1.0506328672168848,104223.74247633669,False,False,1.0609335567507527,103917.66933490252,344.39755397847375,-0.010812355668774698,316.4381894416438
78.5,0.004,0.0014745625698918,0.55,1.0648395202965952,103949.9477668748,4.0,4.098748343220761,1.0648395202965952,103949.9477668748,1.056771061020384,103884.9156253781,False,False,1.0609156841382175,103913.44884250869,344.3856608959169,-0.004584058348166886,-36.576648493050016
79.0,0.004,0.0014747868304282,0.55,1.0652603891581904,103949.93647916104,4.0,4.098739526732411,1.0652603891581904,103949.93647916104,1.0818009646461948,103851.8370975487,False,False,1.0630000939962507,103936.98834798942,344.21937959506295,0.020463671073787326,-65.93618923352915
79.5,0.004,0.0014750110372113,0.55,1.0656812206519886,103949.92519613724,4.0,4.098730714090726,1.0656812206519886,103949.92519613724,1.0589688884894717,104462.67610713912,False,False,1.063725080226412,103971.58335650967,344.24895422502897,-0.004452376857591922,524.1605505814368
80.0,0.004,0.0014752351902534,0.55,1.0661020147869462,103949.91391757267,4.0,4.098721905091684,1.0661020147869462,103949.91391757267,1.055561076910711,103848.39206971646,False,False,1.0632546279741264,103950.0956784968,344.2329531574817,-0.008584740353673181,-120.63248267375457
80.5,0.004,0.0014754592895692,0.55,1.066522771572018,103949.9026432636,4.0,4.098713099555166,1.066522771572018,103949.9026432636,1.0698960348977684,103603.0441824634,False,False,1.0637536526211413,103931.97936429158,344.1144772194371,0.0062203984194646456,-347.0277410038834
81.0,0.004,0.0014756833351747,0.55,1.0669434910161557,103949.89137303008,4.0,4.098704297322138,1.0669434910161557,103949.89137303008,1.081016213011721,103554.80938507,False,False,1.065118230038425,103926.12908535784,343.93519403486226,0.016841402672394645,-379.2887729346694
81.5,0.004,0.0014759073270878,0.55,1.0673641731283074,103949.88010671332,4.0,4.098695498252162,1.0673641731283074,103949.88010671332,1.0528239301034954,104050.5884034075,False,False,1.0646119689789202,103922.90180119051,343.9838398667086,-0.012715398532226363,121.64953822549433
82.0,0.004,0.0014761312653275,0.55,1.0677848179174194,103949.86884417292,4.0,4.098686702221241,1.0677848179174194,103949.86884417292,1.0656995994349068,104041.44132519473,False,False,1.0652406464732613,103935.3173873244,343.95125488357803,0.000666452196106615,115.34534894353419
82.5,0.004,0.001476355149914,0.55,1.0682054253924338,103949.857585285,4.0,4.098677909119814,1.0682054253924338,103949.857585285,1.0618848998530848,103538.34687419914,False,False,1.0648183479547197,103903.42466540466,343.8951907128391,-0.0037767360757654522,-398.68986046448117
83.0,0.004,0.0014765789808684,0.55,1.068625995562289,103949.84632993996,4.0,4.098669118851134,1.068625995562289,103949.84632993996,1.051015800819015,103654.22745262209,False,False,1.063692411340559,103873.64321838768,343.92850182356756,-0.014223915398880571,-254.7093460851902
83.5,0.004,0.0014768027582131,0.55,1.06904652843592,103949.83507804111,4.0,4.0986603313297065,1.06904652843592,103949.83507804111,1.076395795528504,104110.2488693858,False,False,1.0654597588031154,103913.7125723317,343.8540840250715,0.012281596258384653,227.5315460432903
84.0,0.004,0.0014770264819709,0.55,1.0694670240222584,103949.82382950284,4.0,4.098651546480028,1.0694670240222584,103949.82382950284,1.06923258483671,104123.00386126038,False,False,1.0664346871296277,103936.90650160868,343.8165710400044,0.0033516250967879913,205.0059115421318
84.5,0.004,0.0014772501521655,0.55,1.069887482330231,103949.8125842496,4.0,4.098642764235277,1.069887482330231,103949.8125842496,1.0706019007731566,103756.8459591684,False,False,1.0669385046619757,103929.5541360316,343.7332061853985,0.0037463475598651375,-181.5883941083157
85.0,0.004,0.0014774737688211,0.55,1.0703079033687606,103949.8013422144,4.0,4.098633984536482,1.0703079033687606,103949.8013422144,1.0627847886443047,104136.46620277,False,False,1.0672356433054457,103941.54290068705,343.7380309556616,-0.004574615768546675,204.51312344209873
85.5,0.004,0.0014776973319625,0.55,1.070728287146767,103949.79010333818,4.0,4.098625207331386,1.070728287146767,103949.79010333818,1.075276128776736,104121.34647952535,False,False,1.0685409012691156,103964.58123738327,343.66120130285515,0.0076197402370015155,178.82741129558417
86.0,0.004,0.0014779208416149,0.55,1.0711486336731644,103949.77886756852,4.0,4.098616432573844,1.0711486336731644,103949.77886756852,1.0657556601782912,103414.85434295266,False,False,1.067970780644023,103918.85634348342,343.57686196605454,-0.0032056243810643092,-547.9745125515037
86.5,0.004,0.0014781442978041,0.55,1.0715689429568638,103949.76763485908,4.0,4.098607660222992,1.0715689429568638,103949.76763485908,1.070139910871896,103856.14850972447,False,False,1.0684543481388922,103919.71645587297,343.52304048764165,0.0017482081439186281,-66.3763898278703
87.0,0.004,0.001478367700556,0.55,1.0719892150067711,103949.75640516884,4.0,4.098598890242638,1.0719892150067711,103949.75640516884,1.060906607084956,104074.29408250518,False,False,1.0683917668544527,103924.97840712692,343.54776844156675,-0.007968610867061576,151.01237856682565
87.5,0.004,0.001478591049897,0.55,1.0724094498317882,103949.74517846137,4.0,4.098590122600767,1.0724094498317882,103949.74517846137,1.0602484222297062,103777.82246781218,False,False,1.0678850971287621,103906.86756272214,343.54726390500093,-0.008564163804024139,-150.09532044523803
88.0,0.004,0.0014788143458538,0.55,1.0728296474408126,103949.73395470448,4.0,4.098581357268968,1.0728296474408126,103949.73395470448,1.0861849659938128,103308.05439401417,False,False,1.0690453945889082,103888.77626645494,343.3515236897349,0.01787881100482469,-603.910496442375
88.5,0.004,0.0014790375884531,0.55,1.073249807842737,103949.72273386946,4.0,4.098572594222115,1.073249807842737,103949.72273386946,1.0681787607973523,103864.81831742964,False,False,1.0693158306348853,103892.24136810399,343.3312940868135,-0.0012877816475962423,-31.216562591856928
89.0,0.004,0.0014792607777221,0.55,1.07366993104645,103949.71151593098,4.0,4.098563833437827,1.07366993104645,103949.71151593098,1.076586734610008,104175.3394639134,False,False,1.0706822753843819,103927.32111845647,343.2870878459304,0.006849817289314553,276.2545700487244
89.5,0.004,0.0014794839136879,0.55,1.0740900170608352,103949.70030086636,4.0,4.098555074896304,1.0740900170608352,103949.70030086636,1.0737521127131615,104423.8219766103,False,False,1.0719740059896374,103969.25910635576,343.27417598486915,0.0026492470636514387,493.8451284849434
90.0,0.004,0.0014797069963781,0.55,1.0745100658947722,103949.68908865556,4.0,4.098546318579882,1.0745100658947722,103949.68908865556,1.0700986138671502,103292.45429027936,False,False,1.0713156361742542,103914.73292094642,343.1712925600316,-0.0022954205731540167,-674.487078031103
90.5,0.004,0.0014799300258201,0.55,1.0749300775571355,103949.67787928072,4.0,4.098537564472907,1.0749300775571355,103949.67787928072,1.0698504678537633,104733.67428295,False,False,1.0726392547460042,103976.4148043439,343.2198044681592,-0.0018858365697111967,814.7876291753782
91.0,0.004,0.0014801530020416,0.55,1.0753500520567951,103949.66667272586,4.0,4.098528812561487,1.0753500520567951,103949.66667272586,1.0816508779712513,103611.52577341707,False,False,1.0733194954598666,103956.77514416327,343.0752350657982,0.008591729980442775,-361.7243127715483
91.5,0.004,0.0014803759250704,0.55,1.075769989402617,103949.65546897672,4.0,4.0985200628331055,1.075769989402617,103949.65546897672,1.072751313357278,104236.74673021706,False,False,1.0740226031075455,103975.42194566819,343.054337313621,-0.0009882240173439971,280.81847628732794
92.0,0.004,0.0014805987949342,0.55,1.0761898896034612,103949.64426802057,4.0,4.098511315276685,1.0761898896034612,103949.64426802057,1.0746754531217482,104319.90368918088,False,False,1.0749174043928937,103998.24446191645,343.0247040187239,0.00023306892132701762,347.5351770285488
92.5,0.004,0.001480821611661,0.55,1.0766097526681844,103949.63306984608,4.0,4.098502569882276,1.0766097526681844,103949.63306984608,1.0768319682401293,104244.53825988622,False,False,1.075794932378935,104012.86507918818,342.97000597149554,0.0014951046423499204,252.03900402037834
93.0,0.004,0.0014810443752788,0.55,1.077029578605638,103949.62187444296,4.0,4.098493826641064,1.077029578605638,103949.62187444296,1.088794661808158,103994.50741831108,False,False,1.0772738467771181,104019.45525612975,342.8182684941301,0.012580503141516264,-10.89146526507102
93.5,0.004,0.0014812670858155,0.55,1.0774493674246686,103949.61068180203,4.0,4.09848508554502,1.0774493674246686,103949.61068180203,1.084254477171,103601.18538299568,False,False,1.0777145371637427,103988.59711165153,342.6648938989758,0.006561604828489109,-410.0226720570354
94.0,0.004,0.0014814897432993,0.55,1.0778691191341188,103949.59949191508,4.0,4.098476346586999,1.0778691191341188,103949.59949191508,1.0816951218113986,104137.56712831093,False,False,1.0786393112023467,103999.54988806069,342.59253596602593,0.0035612706740133504,153.59359867971216
94.5,0.004,0.0014817123477582,0.55,1.0782888337428258,103949.5883047746,4.0,4.098467609760572,1.0782888337428258,103949.5883047746,1.0726531198092937,103735.01835174196,False,False,1.0781723665290943,103966.91955186459,342.539788136146,-0.006405307311035946,-258.6136808821757
95.0,0.004,0.0014819348992204,0.55,1.0787085112596224,103949.57712037384,4.0,4.098458875059924,1.0787085112596224,103949.57712037384,,103192.76863734264,True,False,1.0774854369876292,103906.48247939946,342.42115133821864,,-772.0855289766187
95.5,0.004,0.001482157397714,0.55,1.0791281516933366,103949.56593870664,4.0,4.098450142479786,1.0791281516933366,103949.56593870664,1.0886234510106896,104798.23552882152,False,False,1.0801183430346124,103991.16021443042,342.3914645439893,0.01071780643555953,886.6232643273543
96.0,0.004,0.0014823798432671,0.55,1.079547755052792,103949.55475976747,4.0,4.098441412015365,1.079547755052792,103949.55475976747,1.0892122263950008,104161.98536635569,False,False,1.0815618185320415,104009.93888883245,342.2839978935955,0.008674809266297379,175.762359790373
96.5,0.004,0.0014826022359079,0.55,1.0799673213468075,103949.54358355126,4.0,4.098432683662358,1.0799673213468075,103949.54358355126,1.078560237355574,104494.96672209722,False,False,1.0823359103742245,104035.2158124405,342.2763710673547,-0.0034203286733609506,492.1831087508326
97.0,0.004,0.0014828245756646,0.55,1.0803868505841967,103949.53241005332,4.0,4.098423957416811,1.0803868505841967,103949.53241005332,1.085805689000232,103676.045567805,False,False,1.0825600422022414,104002.81006522174,342.14347088592524,0.003051366991908333,-349.04579545960587
97.5,0.004,0.0014830468625653,0.55,1.080806342773769,103949.52123926942,4.0,4.098415233275081,1.080806342773769,103949.52123926942,1.0886207733126232,104389.772086293,False,False,1.0839962410313062,104032.41270921778,342.0723777453635,0.005641996268727079,393.2841369540256
98.0,0.004,0.0014832690966383,0.55,1.0812257979243294,103949.51007119556,4.0,4.098406511233885,1.0812257979243294,103949.51007119556,1.0895376424509793,104426.47081864026,False,False,1.0853960529669966,104058.72764098857,341.99465318926383,0.005123106548053924,403.8652556303714
98.5,0.004,0.0014834912779117,0.55,1.0816452160446774,103949.49890582812,4.0,4.098397791290102,1.0816452160446774,103949.49890582812,1.090859050777142,104415.86376317848,False,False,1.0867412235457505,104079.39888488468,341.9047189786876,0.00504510422815474,370.0291422971786
99.0,0.004,0.0014837134064136,0.55,1.0820645971436085,103949.48774316376,4.0,4.098389073440926,1.0820645971436085,103949.48774316376,1.0775084206369971,103943.12584320012,False,False,1.0861609442720161,104043.63211433275,341.85530290158596,-0.009650360132100078,-120.96219049603678
99.5,0.004,0.0014839354821722,0.55,1.0824839412299132,103949.47658319928,4.0,4.09838035768377,1.0824839412299132,103949.47658319928,1.0976336710565604,103588.7379700765,False,False,1.086954122568216,104012.43790300864,341.6597795529251,0.011054741170135163,-443.75895844698243
100.0,0.004,0.0014841575052157,0.55,1.0829032483123773,103949.46542593176,4.0,4.098371644016123,1.0829032483123773,103949.46542593176,1.07043731772952,103896.27158387266,False,False,1.085766436788733,103976.89106520687,341.68226681717687,-0.01693505013644714,-108.68660417833598
100.5,0.004,0.0014843794755722,0.55,1.083322518399782,103949.45427135837,4.0,4.0983629324357285,1.083322518399782,103949.45427135837,1.0919397491697185,103288.62353722838,False,False,1.0857854050477644,103929.46523422243,341.52419612004445,0.005754586197620037,-684.9906785836502
101.0,0.004,0.0014846013932698,0.55,1.0837417515009036,103949.44311947656,4.0,4.098354222940416,1.0837417515009036,103949.44311947656,1.0886810722912112,103438.83940265547,False,False,1.0857742667865686,103898.20322420419,341.42277048195956,0.0024764399551355787,-492.99122757850273
101.5,0.004,0.0014848232583366,0.55,1.0841609476245142,103949.4319702838,4.0,4.098345515528177,1.0841609476245142,103949.4319702838,1.0928971387597592,103977.0136046289,False,False,1.0868650113681892,103917.55515901084,341.3585509383163,0.006703311717553007,72.69759050532593
102.0,0.004,0.0014850450708007,0.55,1.0845801067793808,103949.42082377782,4.0,4.098336810197082,1.0845801067793808,103949.42082377782,1.103370189850348,103652.00128404736,False,False,1.0883147209654374,103920.32723990358,341.1977767360194,0.016085920334097947,-269.34226688918716
102.5,0.004,0.0014852668306902,0.55,1.0849992289742658,103949.4096799563,4.0,4.098328106945326,1.0849992289742658,103949.4096799563,1.0998436837080523,103900.07562331988,False,False,1.0896563136238886,103935.07971288647,341.08897984806913,0.011109862265928028,-23.70506719047262
103.0,0.004,0.0014854885380331,0.55,1.085418314217927,103949.39853881711,4.0,4.098319405771139,1.085418314217927,103949.39853881711,1.0739665451460338,103916.69861339671,False,False,1.0886676457853726,103916.35634960808,341.143384320924,-0.01610859397561004,-20.065901468216907
103.5,0.004,0.0014857101928574,0.55,1.085837362519117,103949.38740035825,4.0,4.098310706672887,1.085837362519117,103949.38740035825,1.0689506467164387,104528.60551491375,False,False,1.0881551209859985,103941.53859826516,341.2861253054275,-0.020136110449863853,608.3203647630289
104.0,0.004,0.0014859317951912,0.55,1.0862563738865854,103949.37626457766,4.0,4.098302009648968,1.0862563738865854,103949.37626457766,1.0944252644771233,104338.66423550296,False,False,1.0895926437432895,103978.60784869613,341.23929348408217,0.005851253792191313,396.2081894019939
104.5,0.004,0.0014861533450625,0.55,1.086675348329075,103949.36513147345,4.0,4.098293314697841,1.086675348329075,103949.36513147345,1.0765252241703158,103935.9033562246,False,False,1.088805354814404,103956.33103007839,341.2584731641344,-0.01348578993462568,-39.207704760468914
105.0,0.004,0.0014863748424992,0.55,1.0870942858553252,103949.35400104374,4.0,4.098284621818007,1.0870942858553252,103949.35400104374,1.08697023196885,104312.02386129454,False,False,1.0894975982414425,103979.21814806243,341.25244033360076,-0.0022537984106303366,356.54033582068223
105.5,0.004,0.0014865962875293,0.55,1.0875131864740704,103949.34287328676,4.0,4.0982759310080565,1.0875131864740704,103949.34287328676,1.0959104612441224,103715.42892987964,False,False,1.0900878313500881,103963.42828228859,341.1314255922171,0.005994490713759459,-260.220497025206
106.0,0.004,0.0014868176801807,0.55,1.0879320501940402,103949.33174820068,4.0,4.098267242266563,1.0879320501940402,103949.33174820068,1.0714940766821843,103848.2626409722,False,False,1.0887322856304775,103930.9302783334,341.18365314947135,-0.019012241921513517,-113.46918435241969
106.5,0.004,0.0014870390204814,0.55,1.0883508770239598,103949.32062578382,4.0,4.098258555592152,1.0883508770239598,103949.32062578382,1.067251072480865,104222.38791881903,False,False,1.087657671636256,103928.73387786336,341.3023786749975,-0.021900164276584366,289.2743951065204
107.0,0.004,0.0014872603084592,0.55,1.08876966697255,103949.3095060345,4.0,4.098249870983519,1.08876966697255,103949.3095060345,1.0913626571759223,103576.8113327632,False,False,1.0878942837574783,103908.87361388435,341.20943380816357,0.0032859161157605676,-354.3710171983839
107.5,0.004,0.0014874815441419,0.55,1.0891884200485262,103949.29838895104,4.0,4.098241188439348,1.0891884200485262,103949.29838895104,1.0896322789446593,103865.60417046097,False,False,1.0883633857313528,103911.70333353161,341.16376000977124,0.0013187359888353622,-48.0974540389434
108.0,0.004,0.0014877027275575,0.55,1.0896071362606,103949.28727453185,4.0,4.098232507958356,1.0896071362606,103949.28727453185,1.0871491055467808,103553.03351650544,False,False,1.0881684764877495,103887.48771257841,341.10708776609187,-0.0016334678439500205,-363.1573944873817
108.5,0.004,0.0014879238587338,0.55,1.0900258156174776,103949.27616277526,4.0,4.098223829539306,1.0900258156174776,103949.27616277526,1.0904111632551798,103984.51788512366,False,False,1.0888607153725742,103903.63271982985,341.07899366978467,0.0018232247722600459,89.6291753052501
109.0,0.004,0.0014881449376984,0.55,1.0904444581278612,103949.26505367972,4.0,4.098215153180916,1.0904444581278612,103949.26505367972,1.0818393020541883,104439.01978035654,False,False,1.0893365009760092,103939.38326914082,341.14058627678435,-0.007440642612821291,529.9306923851982
109.5,0.004,0.0014883659644794,0.55,1.090863063800448,103949.2539472437,4.0,4.098206478881973,1.090863063800448,103949.2539472437,1.0757281197277269,103723.6248805134,False,False,1.0882733591791833,103908.05165354551,341.1623190500368,-0.014027189404824725,-216.92983584676404
110.0,0.004,0.0014885869391042,0.55,1.0912816326439303,103949.24284346562,4.0,4.098197806641319,1.0912816326439303,103949.24284346562,1.0896150841351273,104017.00669223975,False,False,1.0889073101202245,103921.7287392608,341.1329363714793,0.0009224905809896988,104.02888245119539
110.5,0.004,0.0014888078616008,0.55,1.091700164666997,103949.23174234394,4.0,4.098189136457705,1.091700164666997,103949.23174234394,1.0819830777565032,103680.035171853,False,False,1.0883788659915834,103898.31635700018,341.1179941509811,-0.007343265573129143,-244.9779059207067
111.0,0.004,0.0014890287319968,0.55,1.0921186598783308,103949.22064387718,4.0,4.098180468329964,1.0921186598783308,103949.22064387718,1.0756838466542198,103604.35596090509,False,False,1.0872861525340025,103866.9147880976,341.14287759749664,-0.013114347709207275,-300.0568074867333
111.5,0.004,0.0014892495503199,0.55,1.0925371182866108,103949.2095480638,4.0,4.0981718022569495,1.0925371182866108,103949.2095480638,1.0975939290005436,103578.45469196128,False,False,1.0881613330944935,103866.48590088333,341.03896647423136,0.009888017611942468,-298.3465977728483
112.0,0.004,0.0014894703165977,0.55,1.092955539900511,103949.19845490236,4.0,4.098163138237469,1.092955539900511,103949.19845490236,1.0923415536162893,104385.62407932522,False,False,1.0895663888756826,103918.25355047378,341.0442979567272,0.0037605347062414918,509.19954701401
112.5,0.004,0.0014896910308579,0.55,1.0933739247287015,103949.18736439131,4.0,4.0981544762703885,1.0933739247287015,103949.18736439131,1.0974392100950296,104657.9180055766,False,False,1.0915838793878636,103984.94262709055,341.02660058060013,0.007453809434509573,735.9648386646877
113.0,0.004,0.0014899116931281,0.55,1.0937922727798468,103949.17627652924,4.0,4.098145816354574,1.0937922727798468,103949.17627652924,1.0838993233655874,104094.0893881209,False,False,1.0914587028700324,103979.5150059775,341.02347709860334,-0.0081026839131626,113.40330035364605
113.5,0.004,0.0014901323034358,0.55,1.0942105840626075,103949.16519131463,4.0,4.098137158488856,1.0942105840626075,103949.16519131463,1.0876299961442408,103734.27730057343,False,False,1.0911974423429869,103953.00054427689,340.96714186084483,-0.004246902997939284,-241.62518532310787
114.0,0.004,0.0014903528618087,0.55,1.0946288585856394,103949.15410874608,4.0,4.098128502672124,1.0946288585856394,103949.15410874608,1.0846384283134378,104160.62159904905,False,False,1.09129287901174,103959.71828560242,340.9779884155473,-0.006977513718195771,208.0799499307468
114.5,0.004,0.0014905733682743,0.55,1.0950470963575938,103949.14302882209,4.0,4.098119848903264,1.0950470963575938,103949.14302882209,1.086180677687013,103848.84597091917,False,False,1.0910954851053565,103943.81868523033,340.94897552568335,-0.005530621524935775,-109.61286503559677
115.0,0.004,0.00149079382286,0.55,1.095465297387117,103949.13195154122,4.0,4.098111197181119,1.095465297387117,103949.13195154122,1.0974193765646112,104189.55145580244,False,False,1.092339260024331,103969.56884137775,340.8876219392046,0.005905285598456489,245.09597672212112
115.5,0.004,0.0014910142255935,0.55,1.0958834616828514,103949.12087690204,4.0,4.098102547504612,1.0958834616828514,103949.12087690204,1.088053715519502,104036.41896836188,False,False,1.0924468462196124,103966.71934105757,340.86566639286036,-0.004703768294099797,69.28533964000235
116.0,0.004,0.0014912345765021,0.55,1.0963015892534345,103949.10980490311,4.0,4.098093899872609,1.0963015892534345,103949.10980490311,1.0998622521416372,104033.02105015964,False,False,1.0935520019892042,103977.95734467974,340.7729349159133,0.006997161496465232,68.3985319003259
116.5,0.004,0.0014914548756133,0.55,1.096719680107499,103949.098735543,4.0,4.098085254283996,1.096719680107499,103949.098735543,1.1001172393616812,104131.2815533556,False,False,1.0947003721766906,103993.42707266932,340.68897150547645,0.006147209048483537,156.76101463274972
117.0,0.004,0.0014916751229545,0.55,1.0971377342536732,103949.08766882031,4.0,4.098076610737685,1.0971377342536732,103949.08766882031,1.1173893441224745,103775.23957772716,False,False,1.0967389520972257,103998.64784436117,340.4670096987291,0.0222712079857037,-212.91093360930972
117.5,0.004,0.0014918953185531,0.55,1.097555751700581,103949.07660473356,4.0,4.098067969232575,1.097555751700581,103949.07660473356,1.0836278612419128,103827.76625779973,False,False,1.0957853335386272,103964.45880132064,340.4668774523934,-0.013528620515212308,-164.97645744291367
118.0,0.004,0.0014921154624365,0.55,1.0979737324568415,103949.06554328134,4.0,4.098059329767544,1.0979737324568415,103949.06554328134,1.106852756235192,103432.69186626514,False,False,1.0964163137493523,103935.78157734405,340.2990134927006,0.010649448482186186,-529.9263996959489
118.5,0.004,0.001492335554632,0.55,1.0983916765310695,103949.05448446228,4.0,4.098050692341489,1.0983916765310695,103949.05448446228,1.0974967969121854,103816.49365202624,False,False,1.096732546423942,103929.16836438431,340.2403009865251,0.0006622615851625824,-120.87120486370986
119.0,0.004,0.001492555595167,0.55,1.098809583931875,103949.04342827492,4.0,4.098042056953367,1.098809583931875,103949.04342827492,1.098669286630565,103522.34362125548,False,False,1.0967440893448528,103902.97508948618,340.15319780250775,0.0015184765989799676,-409.20005741299246
119.5,0.004,0.0014927755840687,0.55,1.0992274546678635,103949.0323747179,4.0,4.098033423602055,1.0992274546678635,103949.0323747179,1.0847288164487974,103905.62801500592,False,False,1.0960979385346725,103893.64534471833,340.1983524285188,-0.012433812528629407,-2.8726125766552286
120.0,0.004,0.0014929955213645,0.55,1.099645288747636,103949.02132378976,4.0,4.098024792286474,1.099645288747636,103949.02132378976,1.0950433506203894,103661.73203897387,False,False,1.096078911803269,103880.92999106212,340.1589449225706,-0.0014732833493296127,-238.56534505415766
120.5,0.004,0.0014932154070816,0.55,1.100063086179789,103949.01027548913,4.0,4.098016163005513,1.100063086179789,103949.01027548913,1.1074950588142287,103979.38060158552,False,False,1.0975542563666185,103908.72479524213,340.0770943682977,0.010997315210319325,90.26108861535613
121.0,0.004,0.0014934352412472,0.55,1.1004808469729146,103948.99922981454,4.0,4.098007535758118,1.1004808469729146,103948.99922981454,1.0996560632527417,104084.97102173926,False,False,1.0983405978466065,103928.21017903894,340.0487147600985,0.0016833995586491568,171.41477603037492
121.5,0.004,0.0014936550238885,0.55,1.1008985711356,103948.9881867646,4.0,4.097998910543174,1.1008985711356,103948.9881867646,1.1017091148397125,103522.95141544516,False,False,1.0984766405728899,103904.00065821776,339.953562944749,0.002950384965358932,-407.74534218746703
122.0,0.004,0.0014938747550328,0.55,1.1013162586764278,103948.97714633802,4.0,4.097990287359582,1.1013162586764278,103948.97714633802,1.0984090918704223,103704.99341806424,False,False,1.0985860830739724,103893.71210233922,339.90707937082755,-0.0004859246478878809,-204.40688584849704
122.5,0.004,0.0014940944347071,0.55,1.1017339096039769,103948.96610853326,4.0,4.0979816662063415,1.1017339096039769,103948.96610853326,1.1132796070738395,103665.97253798264,False,False,1.0999164744424206,103899.83379567643,339.77124011345154,0.014275048876446705,-234.38137492793612
123.0,0.004,0.0014943140629387,0.55,1.1021515239268205,103948.95507334902,4.0,4.097973047082287,1.1021515239268205,103948.95507334902,1.1019367982563852,104172.90310087254,False,False,1.1008210609428482,103927.38246593114,339.7553205848927,0.0016020307602799821,267.1684618002182
123.5,0.004,0.0014945336397545,0.55,1.1025691016535275,103948.94404078386,4.0,4.097964429986394,1.1025691016535275,103948.94404078386,1.0805649449287071,104460.8526489999,False,False,1.1001696578447986,103944.90631019836,339.8889597713114,-0.02067403834767889,530.8898447645915
124.0,0.004,0.0014947531651818,0.55,1.102986642792664,103948.93301083636,4.0,4.097955814917564,1.102986642792664,103948.93301083636,1.096065917287919,104204.39399544727,False,False,1.1005409253939475,103959.25005387023,339.8923400566068,-0.004521535272767441,259.007820442479
124.5,0.004,0.0014949726392476,0.55,1.1034041473527894,103948.9219835052,4.0,4.097947201874706,1.1034041473527894,103948.9219835052,1.0837161812819869,103844.09630519547,False,False,1.0993375743248386,103929.22360829604,339.9351927285786,-0.017242354889635214,-113.9170002930332
125.0,0.004,0.0014951920619788,0.55,1.1038216153424596,103948.91095878893,4.0,4.0979385908567885,1.1038216153424596,103948.91095878893,1.0713072311874945,104388.41287567976,False,False,1.0979260656807261,103931.91204641202,340.10940833291994,-0.028448376644109263,456.826677735211
125.5,0.004,0.0014954114334026,0.55,1.104239046770226,103948.8999366862,4.0,4.097929981862687,1.104239046770226,103948.8999366862,1.098937893272503,103494.66761575382,False,False,1.097819622468324,103902.12221508368,340.02439440610027,0.0005936981556129428,-439.2877568260883
126.0,0.004,0.001495630753546,0.55,1.104656441644635,103948.8889171956,4.0,4.0979213748913805,1.104656441644635,103948.8889171956,1.1179920401456622,104398.69633283402,False,False,1.1005663354478932,103967.37517739402,339.91592600333996,0.019753963913829775,490.9470488282386
126.5,0.004,0.0014958500224359,0.55,1.105073799974229,103948.87790031575,4.0,4.097912769941768,1.105073799974229,103948.87790031575,1.105544999035535,103752.0136384252,False,False,1.1010934939082209,103954.72398140842,339.8127695250631,0.0045611406939121135,-213.15499964782794
127.0,0.004,0.0014960692400992,0.55,1.1054911217675458,103948.86688604525,4.0,4.0979041670127945,1.1054911217675458,103948.86688604525,1.093765664693496,103114.77892149884,False,False,1.099749211101871,103882.56503837332,339.7343613242386,-0.007745439132911036,-839.2472473723028
127.5,0.004,0.0014962884065629,0.55,1.1059084070331189,103948.85587438272,4.0,4.097895566103359,1.1059084070331189,103948.85587438272,1.0965014083510944,104744.09729610814,False,False,1.100971327698964,103949.4463343951,339.80983739012794,-0.0036662931979141167,853.542143687926
128.0,0.004,0.0014965075218539,0.55,1.1063256557794765,103948.84486532684,4.0,4.097886967212417,1.1063256557794765,103948.84486532684,1.1176317880819764,104422.2517876239,False,False,1.103395065901593,104003.67118404798,339.70285112016813,0.016242784072183714,472.8715554636292
128.5,0.004,0.001496726585999,0.55,1.1067428680151432,103948.83385887613,4.0,4.097878370338937,1.1067428680151432,103948.83385887613,1.108319134249128,103639.2687407401,False,False,1.1037261800755664,103975.80135509736,339.5729996509261,0.0045071758013834895,-357.8669157294062
129.0,0.004,0.0014969455990252,0.55,1.107160043748639,103948.82285502928,4.0,4.097869775481794,1.107160043748639,103948.82285502928,1.1076400361642595,103999.52544930724,False,False,1.1044770788504426,103978.720931394,339.49449321400414,0.003496699434474726,26.94815675825521
129.5,0.004,0.0014971645609592,0.55,1.1075771829884793,103948.81185378492,4.0,4.097861182639965,1.1075771829884793,103948.81185378492,1.1070425651000988,103884.46201810894,False,False,1.104958259021017,103970.9219452343,339.41261600860116,0.0021484261979183294,-90.68365682993317
130.0,0.004,0.0014973834718279,0.55,1.1079942857431746,103948.80085514158,4.0,4.0978525918123765,1.1079942857431746,103948.80085514158,1.108378288358728,103979.46709613006,False,False,1.1056462333972563,103972.6610724928,339.3376344105725,0.0030029294469766654,11.192355763996602
130.5,0.004,0.001497602331658,0.55,1.1084113520212315,103948.78985909796,4.0,4.097844002997936,1.1084113520212315,103948.78985909796,1.1164654084906696,103503.8039278356,False,False,1.106338219771173,103947.32486773349,339.1738345638267,0.010402153848467766,-465.9995540219679
131.0,0.004,0.0014978211404764,0.55,1.1088283818311522,103948.77886565273,4.0,4.0978354161956085,1.1088283818311522,103948.77886565273,1.1143540548047128,103744.3306708527,False,False,1.107136836724579,103941.32330718594,339.0606492108106,0.0075986079000600615,-203.16544314459316
131.5,0.004,0.0014980398983097,0.55,1.109245375181434,103948.76787480444,4.0,4.097826831404355,1.109245375181434,103948.76787480444,1.111402422181679,,False,True,1.1078887647058462,103947.1257963094,338.99144183610605,0.0038483652472525165,
132.0,0.004,0.0014982586051846,0.55,1.10966233208057,103948.75688655172,4.0,4.097818248623081,1.10966233208057,103948.75688655172,1.0992336485046696,104015.5657375384,False,False,1.1076155717202483,103941.3652530261,339.00467544802905,-0.009072209359449523,68.2496032371564
132.5,0.004,0.0014984772611279,0.55,1.1100792525370484,103948.74590089322,4.0,4.097809667850734,1.1100792525370484,103948.74590089322,1.1151903401861456,104308.5174538952,False,False,1.1091475882529314,103979.17090572373,338.9483517834437,0.007157590716179607,366.2693508250086
133.0,0.004,0.0014986958661663,0.55,1.110496136559354,103948.7349178276,4.0,4.097801089086269,1.110496136559354,103948.7349178276,1.1036536657794291,103972.65999505571,False,False,1.1090524841368476,103968.14203300246,338.92354981719376,-0.005910568432127672,-2.861448365583783
133.5,0.004,0.0014989144203263,0.55,1.1109129841559662,103948.72393735344,4.0,4.097792512328629,1.1109129841559662,103948.72393735344,1.121851440914971,104653.49044312284,False,False,1.11144976589331,104032.71207545103,338.8528177099222,0.012382186627956315,687.6799238758977
134.0,0.004,0.0014991329236346,0.55,1.1113297953353605,103948.71295946938,4.0,4.097783937576749,1.1113297953353605,103948.71295946938,1.0986192871181193,103733.99349231878,False,False,1.1103466624020983,103985.01623181366,338.8268085621004,-0.013246361960364217,-288.69606296623533
134.5,0.004,0.0014993513761179,0.55,1.1117465701060074,103948.70198417414,4.0,4.0977753648295625,1.1117465701060074,103948.70198417414,1.1103703603432515,104026.5017017602,False,False,1.1107903083273734,103983.64294067393,338.7703147097002,-0.00039278167161804767,45.837721558564226
135.0,0.004,0.0014995697778026,0.55,1.1121633084763736,103948.69101146622,4.0,4.0977667940860805,1.1121633084763736,103948.69101146622,1.1120897256134608,103373.79564268618,False,False,1.1104813137579836,103935.03921723537,338.64818150126865,0.000882962085464678,-605.6568054644595
135.5,0.004,0.0014997881287153,0.55,1.112580010454921,103948.68004134436,4.0,4.097758225345145,1.112580010454921,103948.68004134436,1.0993335549484795,103572.740102715,False,False,1.109430739316841,103895.74908303784,338.64324326634255,-0.011564751704133736,-363.93499236233765
136.0,0.004,0.0015000064288827,0.55,1.112996676050107,103948.66907380716,4.0,4.097749658605803,1.112996676050107,103948.66907380716,1.130216392488672,104347.22686208658,False,False,1.1121724616858877,103959.4295854674,338.52940479650994,0.020368154409777572,445.0924512305355
136.5,0.004,0.0015002246783311,0.55,1.1134133052703854,103948.65810885328,4.0,4.097741093866942,1.1134133052703854,103948.65810885328,1.128017372942981,103665.81727860968,False,False,1.113521692848081,103954.56082946566,338.35539236952417,0.015428322862767851,-292.3123060619837
137.0,0.004,0.001500442877087,0.55,1.1138298981242043,103948.64714648132,4.0,4.097732531127552,1.1138298981242043,103948.64714648132,1.1091940605081134,104107.84969868172,False,False,1.1137358379345235,103959.7352020583,338.3471306059632,-0.004744153733105216,154.0093655137025
137.5,0.004,0.0015006610251771,0.55,1.1142464546200082,103948.63618668998,4.0,4.097723970386532,1.1142464546200082,103948.63618668998,1.1219636662756534,,False,True,1.1148320569650951,103968.38718104537,338.24677251901153,0.007811379999260959,
138.0,0.004,0.0015008791226275,0.55,1.1146629747662369,103948.62522947784,4.0,4.097715411642918,1.1146629747662369,103948.62522947784,1.118449735462939,103635.26054217156,False,False,1.1150667471834037,103944.00005056411,338.1399245737337,0.0032014168094864903,-330.74284755090775
138.5,0.004,0.0015010971694649,0.55,1.115079458571326,103948.61427484358,4.0,4.0977068548955735,1.115079458571326,103948.61427484358,1.0889438639378737,103844.13949258743,False,False,1.113059109788256,103904.3033177924,338.246010400866,-0.026539380258064238,-100.40488534483302
139.0,0.004,0.0015013151657156,0.55,1.1154959060437066,103948.6033227858,4.0,4.097698300143499,1.1154959060437066,103948.6033227858,1.1179998862064826,103794.3332323918,False,False,1.1137101187375174,103906.35496155913,338.17641281770494,0.00452368631581801,-115.31414619651332
139.5,0.004,0.0015015331114059,0.55,1.1159123171918055,103948.59237330328,4.0,4.097689747385617,1.1159123171918055,103948.59237330328,1.1152988763934732,103802.38261276588,False,False,1.114082288190157,103904.633033533,338.1272035240726,0.0011717462412730306,-109.06684737309115
140.0,0.004,0.0015017510065623,0.55,1.1163286920240454,103948.58142639454,4.0,4.097681196620952,1.1163286920240454,103948.58142639454,1.1171608655587908,104174.66388967277,False,False,1.1150782171190037,103932.97025198991,338.1026993318743,0.0026615804831338075,264.7281140839332
140.5,0.004,0.001501968851211,0.55,1.1167450305488436,103948.57048205825,4.0,4.097672647848413,1.1167450305488436,103948.57048205825,1.1059762813505718,104144.2738483832,False,False,1.1149570651570122,103939.19928212416,338.13716232649335,-0.009518547576029324,209.43007668865903
141.0,0.004,0.0015021866453784,0.55,1.1171613327746135,103948.55954029303,4.0,4.097664101066934,1.1171613327746135,103948.55954029303,1.1144678623124096,103775.33183130492,False,False,1.115078506356441,103926.9103212371,338.08295197149033,-0.0009057598546620138,-164.99028666016238
141.5,0.004,0.0015024043890906,0.55,1.1175775987097654,103948.5486010976,4.0,4.097655556275493,1.1175775987097654,103948.5486010976,1.1157950110759425,103676.41775994582,False,False,1.1151875872900479,103910.9705573702,338.0183173870579,0.0002998292927876012,-253.09757119443384
142.0,0.004,0.0015026220823741,0.55,1.1179938283627031,103948.53766447058,4.0,4.097647013473044,1.1179938283627031,103948.53766447058,1.1298747705348262,104033.23886482608,False,False,1.1169784061900034,103941.1764366883,337.9066816735933,0.014270349893441114,117.73531935636129
142.5,0.004,0.001502839725255,0.55,1.1184100217418274,103948.52673041068,4.0,4.097638472658579,1.1184100217418274,103948.52673041068,1.1217542923457375,103918.52210688547,False,False,1.1177361604672078,103945.45761052634,337.8317827097089,0.004359526783374701,-23.533224082289962
143.0,0.004,0.0015030573177596,0.55,1.118826178855534,103948.51579891644,4.0,4.097629933831052,1.118826178855534,103948.51579891644,1.1187706285535075,104257.00053765136,False,False,1.1186143449235204,103969.8116615778,337.807978879007,0.00061821988630828,311.18212469843274
143.5,0.004,0.001503274859914,0.55,1.1192422997122151,103948.50486998665,4.0,4.097621396989385,1.1192422997122151,103948.50486998665,1.1345319996913246,104745.09294117065,False,False,1.1213769528473074,104043.89047381507,337.7245546292637,0.015501738508126639,777.8510087826435
144.0,0.004,0.0015034923517444,0.55,1.1196583843202577,103948.49394361983,4.0,4.097612862132591,1.1196583843202577,103948.49394361983,1.1141059050226212,104201.37127394728,False,False,1.1213589158835047,104036.05569250754,337.7012390386892,-0.007685949148217741,168.89420752896694
144.5,0.004,0.001503709793277,0.55,1.1200744326880447,103948.48301981474,4.0,4.097604329259589,1.1200744326880447,103948.48301981474,1.1161801296392908,103938.06393849548,False,False,1.1211812290879868,104012.33601756138,337.64508509791096,-0.005593770865568448,-87.50689024831809
145.0,0.004,0.0015039271845378,0.55,1.120490444823955,103948.47209857,4.0,4.097595798369372,1.120490444823955,103948.47209857,1.1023228947105643,103896.85890730628,False,False,1.1198105142603094,103973.69224011802,337.68034548298317,-0.019273582068533024,-107.81223773091915
145.5,0.004,0.0015041445255531,0.55,1.1209064207363628,103948.46117988428,4.0,4.0975872694608935,1.1209064207363628,103948.46117988428,1.1365974791991988,103691.452943745,False,False,1.1212548177699708,103969.06436359759,337.49598922488093,0.016371193725650324,-279.1992544729874
146.0,0.004,0.0015043618163488,0.55,1.121322360433638,103948.45026375624,4.0,4.097578742533121,1.121322360433638,103948.45026375624,1.1309656841155822,103676.44842844144,False,False,1.1220811899177108,103955.77787538138,337.3559905328696,0.009295172730343193,-290.12524648432736
146.5,0.004,0.001504579056951,0.55,1.1217382639241462,103948.43935018452,4.0,4.097570217585032,1.1217382639241462,103948.43935018452,1.1309067443692633,103647.4146970342,False,False,1.1228094783343232,103941.74358411292,337.22508657717464,0.008409793909877061,-307.4669535514113
147.0,0.004,0.0015047962473858,0.55,1.1221541312162486,103948.42843916784,4.0,4.097561694615583,1.1221541312162486,103948.42843916784,1.128843115680718,103829.82788774624,False,False,1.1235561144776736,103940.72674744659,337.1342779229007,0.00561779346992064,-112.70946852384077
147.5,0.004,0.0015050133876792,0.55,1.122569962318302,103948.4175307048,4.0,4.097553173623762,1.122569962318302,103948.4175307048,1.1236714481949386,103820.27449697656,False,False,1.123786728986736,103932.18175352862,337.0795350217197,-0.000300455632143537,-121.36671045106777
148.0,0.004,0.0015052304778572,0.55,1.1229857572386592,103948.40662479412,4.0,4.097544654608503,1.1229857572386592,103948.40662479412,1.1251406466304823,104171.52583676268,False,False,1.1245945154035,103953.03492181723,337.05247935106985,0.0009380589738425815,237.39698929112637
148.5,0.004,0.0015054475179457,0.55,1.1234015159856685,103948.39572143444,4.0,4.097536137568818,1.1234015159856685,103948.39572143444,,103828.69601693432,True,False,1.124832174896399,103942.96661073499,336.9919787914247,,-123.76461624506919
149.0,0.004,0.0015056645079707,0.55,1.1238172385676732,103948.38482062444,4.0,4.097527622503651,1.1238172385676732,103948.38482062444,1.121781234310444,103889.14990569362,False,False,1.1248542848747045,103935.12634130982,336.9639687025159,-0.0034665951568670916,-54.45687429541431
149.5,0.004,0.0015058814479581,0.55,1.1242329249930136,103948.37392236276,4.0,4.097519109411992,1.1242329249930136,103948.37392236276,1.1247759611101509,103582.891714696,False,False,1.1247426064889814,103909.43615708727,336.89376492162273,-0.0004940584376038615,-353.8226830789208
150.0,0.004,0.0015060983379339,0.55,1.1246485752700246,103948.36302664812,4.0,4.097510598292772,1.1246485752700246,103948.36302664812,1.1397668703856625,104441.73571540722,False,False,1.1271741196775154,103971.4346202408,336.8097052313322,0.01460825049007064,527.5951786228397
150.5,0.004,0.0015063151779238,0.55,1.1250641894070372,103948.35213347914,4.0,4.097502089145039,1.1250641894070372,103948.35213347914,1.130621068425118,104100.4480563551,False,False,1.1280339544438245,103982.18463249477,336.74371196995816,0.0030317957708243526,131.81305004977912
151.0,0.004,0.0015065319679538,0.55,1.1254797674123782,103948.34124285454,4.0,4.097493581967703,1.1254797674123782,103948.34124285454,1.1248951661547897,104485.00319362171,False,False,1.128807989056239,104011.99103837882,336.7494561640163,-0.0035537542485701845,506.9136386445316
151.5,0.004,0.0015067487080497,0.55,1.12589530929437,103948.33035477296,4.0,4.097485076759776,1.12589530929437,103948.33035477296,1.120101388789936,104187.39609238376,False,False,1.1286656801788724,104007.27162157804,336.75086659324074,-0.009121188219937792,183.0731245897041
152.0,0.004,0.0015069653982373,0.55,1.1263108150613304,103948.3194692331,4.0,4.097476573520212,1.1263108150613304,103948.3194692331,1.1199608301872137,104395.21025480708,False,False,1.1288060225139902,104019.14392158268,336.772845017702,-0.009119499475382264,395.0420544942317
152.5,0.004,0.0015071820385424,0.55,1.126726284721573,103948.3085862336,4.0,4.097468072248013,1.126726284721573,103948.3085862336,1.1427533348332983,103873.76232860012,False,False,1.130215732473872,104016.32702906872,336.5983794734869,0.013532798694464887,-136.8598899977369
153.0,0.004,0.0015073986289908,0.55,1.1271417182834085,103948.2977057732,4.0,4.097459572942123,1.1271417182834085,103948.2977057732,1.1322085913256792,104163.44594816028,False,False,1.130971219445185,104021.74844206554,336.52730719710615,0.001578438287948014,155.31304015421483
153.5,0.004,0.0015076151696083,0.55,1.1275571157551405,103948.2868278505,4.0,4.097451075601565,1.1275571157551405,103948.2868278505,1.1282326213382468,104759.93873870332,False,False,1.1320962414616655,104065.72495296484,336.5375613358767,-0.0031528966849003748,747.0360293330014
154.0,0.004,0.0015078316604205,0.55,1.12797247714507,103948.27595246426,4.0,4.097442580225284,1.12797247714507,103948.27595246426,1.124510658723543,103581.21561398252,False,False,1.1312007213608608,104006.47376002003,336.4509752712435,-0.007999326745182334,-470.429524375606
154.5,0.004,0.0015080481014531,0.55,1.1283878024614946,103948.26507961308,4.0,4.0974340868122905,1.1283878024614946,103948.26507961308,1.1172972683444893,104301.14576613237,False,False,1.1307804955384064,104005.35184739478,336.49662927998224,-0.014317890652485454,301.6942352039623
155.0,0.004,0.0015082644927319,0.55,1.128803091712706,103948.2542092957,4.0,4.097425595361529,1.128803091712706,103948.2542092957,1.128134476138007,104457.63747481928,False,False,1.1315359655248878,104029.60042889585,336.48646186151126,-0.003060505200419339,459.1712807908625
155.5,0.004,0.0015084808342825,0.55,1.129218344906992,103948.24334151084,4.0,4.097417105872002,1.129218344906992,103948.24334151084,1.137954925251694,104074.58161482366,False,False,1.1325372870910473,104031.08190509508,336.3737915862221,0.0060047918124028765,54.766649648488965
156.0,0.004,0.0015086971261306,0.55,1.129633562052637,103948.23247625708,4.0,4.097408618342741,1.129633562052637,103948.23247625708,1.125708189584262,104177.79620697214,False,False,1.132537167390275,104024.40758226042,336.3522248914222,-0.007243163204151415,156.68288242029666
156.5,0.004,0.0015089133683017,0.55,1.13004874315792,103948.22161353315,4.0,4.097400132772647,1.13004874315792,103948.22161353315,1.1277763173279145,104332.11195384708,False,False,1.132925773162831,104033.1253173719,336.33482567216254,-0.005174985161362056,316.87718213314656
157.0,0.004,0.0015091295608215,0.55,1.1304638882311164,103948.2107533378,4.0,4.097391649160754,1.1304638882311164,103948.2107533378,1.1282535447167266,103747.12220354816,False,False,1.132541186855208,103995.96236367339,336.2597788495189,-0.005086239233003997,-275.7884906565305
157.5,0.004,0.0015093457037155,0.55,1.1308789972804971,103948.19989566963,4.0,4.09738316750604,1.1308789972804971,103948.19989566963,1.131974940960479,104073.4234141128,False,False,1.1329813856896886,103995.33328352084,336.20612407376746,-0.0009806765966631215,83.23133680417959
158.0,0.004,0.0015095617970093,0.55,1.1312940703143288,103948.1890405274,4.0,4.097374687807517,1.1312940703143288,103948.1890405274,1.115363961526873,103681.78755984176,False,False,1.1314497653526896,103944.99051779673,336.2228924181782,-0.018031823203431108,-307.8486297050258
158.5,0.004,0.0015097778407284,0.55,1.131709107340874,103948.17818790973,4.0,4.097366210064129,1.131709107340874,103948.17818790973,1.1293551238212232,103740.80407551328,False,False,1.1313816340182377,103926.96986727157,336.17258669347837,-0.0025096983888541757,-204.56215516362863
159.0,0.004,0.0015099938348984,0.55,1.132124108368391,103948.16733781532,4.0,4.097357734274876,1.132124108368391,103948.16733781532,1.1235801531868503,103758.69851413184,False,False,1.1308709509154178,103906.9673410396,336.1677198104775,-0.008216731760988694,-170.8323432701145
159.5,0.004,0.0015102097795447,0.55,1.1325390734051335,103948.15649024292,4.0,4.09734926043876,1.1325390734051335,103948.15649024292,1.1413849237307596,103904.27600843526,False,False,1.1321385157090558,103923.31190043558,336.0720586351492,0.010098468369607705,-7.687293078895891
160.0,0.004,0.0015104256746928,0.55,1.1329540024593514,103948.14564519118,4.0,4.097340788554781,1.1329540024593514,103948.14564519118,1.1252480156937028,103993.07833673622,False,False,1.1320177682278194,103922.7002480741,336.0842304275126,-0.007305723234642514,66.7625783009862
160.5,0.004,0.0015106415203681,0.55,1.13336889553929,103948.13480265884,4.0,4.097332318621905,1.13336889553929,103948.13480265884,1.139139363012297,104087.0447527644,False,False,1.1332170761520917,103945.8147326366,336.01841022783213,0.006706354662285863,161.2660259413242
161.0,0.004,0.0015108573165961,0.55,1.1337837526531906,103948.12396264447,4.0,4.097323850639167,1.1337837526531906,103948.12396264447,1.1490281271804583,103512.85135569988,False,False,1.1343764378041945,103931.72165067357,335.8369810204317,0.015396156516742199,-433.2339227928169
161.5,0.004,0.0015110730634021,0.55,1.1341985738092903,103948.11312514692,4.0,4.097315384605465,1.1341985738092903,103948.11312514692,1.131062611196474,104556.14575169908,False,False,1.1352912406150342,103976.10187860583,335.87313171120894,-0.0037287672820647266,622.4473943139164
162.0,0.004,0.0015112887608116,0.55,1.1346133590158218,103948.10229016482,4.0,4.097306920519913,1.1346133590158218,103948.10229016482,1.1285975964945871,104303.1609771917,False,False,1.1355342939308917,103989.18631413585,335.88689785174836,-0.007108042855864971,330.4549019915139
162.5,0.004,0.0015115044088498,0.55,1.1350281082810134,103948.09145769686,4.0,4.0972984583814345,1.1350281082810134,103948.09145769686,1.1369424308722744,104171.16028851469,False,False,1.1362796018582717,103999.50215690286,335.83281481910115,0.0009938954494372876,186.94567298069887
163.0,0.004,0.0015117200075423,0.55,1.1354428216130896,103948.08062774176,4.0,4.097289998189039,1.1354428216130896,103948.08062774176,1.1354225313369994,103838.12151025976,False,False,1.1363806827245855,103980.05333325299,335.75815943337045,-0.0012711401112637244,-155.16609130706638
163.5,0.004,0.0015119355569141,0.55,1.1358574990202706,103948.06980029824,4.0,4.097281539941738,1.1358574990202706,103948.06980029824,1.1259213355468731,103920.67780027798,False,False,1.1357946713091016,103959.09088703302,335.7591661104402,-0.010873610259720667,-55.498859180603176
164.0,0.004,0.0015121510569907,0.55,1.136272140510772,103948.05897536495,4.0,4.097273083638523,1.136272140510772,103948.05897536495,1.140881334667906,104116.40890155494,False,False,1.1368164630342548,103975.26178477556,335.69159451738744,0.004672131215625042,158.66256060711748
164.5,0.004,0.0015123665077974,0.55,1.1366867460928058,103948.04815294062,4.0,4.097264629278392,1.1366867460928058,103948.04815294062,1.15684190662756,104074.4801488592,False,False,1.1390376676732115,104002.98226875222,335.5205993511144,0.019611168465953677,102.51949218544178
165.0,0.004,0.0015125819093593,0.55,1.1371013157745793,103948.03733302398,4.0,4.097256176860314,1.1371013157745793,103948.03733302398,1.134520195821922,103431.71860160094,False,False,1.1382859944551393,103947.74166958104,335.43049545262414,-0.00493126633701646,-564.6165127348941
165.5,0.004,0.0015127972617017,0.55,1.1375158495642956,103948.0265156137,4.0,4.097247726383344,1.1375158495642956,103948.0265156137,1.135487087603649,104175.81029489472,False,False,1.138726903613126,103961.18222404398,335.4221799444804,-0.003213340859943292,228.04732898564544
166.0,0.004,0.0015130125648498,0.55,1.137930347470154,103948.01570070848,4.0,4.09723927784645,1.137930347470154,103948.01570070848,1.1274810272344633,104844.48997722947,False,False,1.1393131919452983,104012.60532509764,335.5193287582395,-0.011660132252705457,884.9159911558236
166.5,0.004,0.0015132278188288,0.55,1.1383448095003492,103948.00488830708,4.0,4.097230831248631,1.1383448095003492,103948.00488830708,1.1415356940172148,103380.01790326144,False,False,1.1390564201622135,103959.65533626109,335.3786254695678,0.0018088313405824064,-624.7844441929628
167.0,0.004,0.0015134430236639,0.55,1.1387592356630718,103947.99407840816,4.0,4.097222386588901,1.1387592356630718,103947.99407840816,1.1262894734159956,104253.89736489838,False,False,1.138736978157519,103964.9487694998,335.433151328239,-0.013181189920557168,295.6667159581557
167.5,0.004,0.0015136581793803,0.55,1.1391736259665084,103947.9832710104,4.0,4.097213943866271,1.1391736259665084,103947.9832710104,1.1281043157229935,104061.5338635332,False,False,1.138339782246987,103957.2411317352,335.4548441943301,-0.011046878253864856,98.64889480933198
168.0,0.004,0.0015138732860029,0.55,1.1395879804188411,103947.9724661126,4.0,4.097205503079705,1.1395879804188411,103947.9724661126,1.152384653137279,103913.64790019914,False,False,1.139859756137463,103969.06635474518,335.3148049953631,0.013630540423944737,-42.46334837570612
168.5,0.004,0.001514088343557,0.55,1.1400022990282483,103947.96166371345,4.0,4.0971970642282525,1.1400022990282483,103947.96166371345,1.130947768434302,104370.06638572011,False,False,1.1400109921167245,103985.94132427419,335.3514957772501,-0.009326063350523217,403.56598548019247
169.0,0.004,0.0015143033520676,0.55,1.1404165818029035,103947.9508638116,4.0,4.097188627310922,1.1404165818029035,103947.9508638116,1.1512301574962172,103583.87196988754,False,False,1.1408214643803263,103964.09366864432,335.1860248066601,0.010805278199307544,-397.46657808867167
169.5,0.004,0.0015145183115599,0.55,1.140830828750977,103947.9400664058,4.0,4.097180192326694,1.140830828750977,103947.9400664058,1.156074408788805,103998.06856423937,False,False,1.1425473097386056,103982.45717767616,335.04287046210567,0.014838900429910984,35.94331118458649
170.0,0.004,0.0015147332220587,0.55,1.1412450398806335,103947.92927149477,4.0,4.097171759274579,1.1412450398806335,103947.92927149477,1.1438383044554012,104398.51566707324,False,False,1.14359024222091,104011.14471629706,335.0129848960382,0.0008772909730605516,420.2530888170004
170.5,0.004,0.0015149480835892,0.55,1.1416592152000355,103947.91847907726,4.0,4.097163328153577,1.1416592152000355,103947.91847907726,1.1471931292285438,103887.28891562748,False,False,1.1441217987679997,103998.46518265302,334.90980914352735,0.003189571029626803,-116.2030005902343
171.0,0.004,0.0015151628961763,0.55,1.1420733547173394,103947.90768915192,4.0,4.097154898962748,1.1420733547173394,103947.90768915192,1.1615958641542072,103819.12877924395,False,False,1.1457598470376609,103999.46747845084,334.7209405412129,0.017060663915713148,-173.20485868411197
171.5,0.004,0.0015153776598451,0.55,1.1424874584406983,103947.89690171754,4.0,4.097146471701042,1.1424874584406983,103947.89690171754,1.1405201744200413,103983.29006843692,False,False,1.145678458361957,103985.73210866879,334.6862767404108,-0.005652922125943816,-9.916489089519018
172.0,0.004,0.0015155923746204,0.55,1.1429015263782618,103947.8861167728,4.0,4.09713804636752,1.1429015263782618,103947.8861167728,1.1369714684088457,103810.85951237136,False,False,1.1450901500105493,103957.36660228913,334.66394397834927,-0.00912038886133959,-170.26806573421345
172.5,0.004,0.0015158070405273,0.55,1.143315558538174,103947.8753343164,4.0,4.097129622961159,1.143315558538174,103947.8753343164,1.129783247890345,104424.6259534045,False,False,1.144782520286397,103973.04250200474,334.75047552027746,-0.015720646217009637,468.42843811857165
173.0,0.004,0.0015160216575906,0.55,1.1437295549285755,103947.8645543471,4.0,4.097121201480992,1.1437295549285755,103947.8645543471,1.144146625732039,103668.31022224575,False,False,1.1447088452520768,103945.87272648525,334.6716355339863,-0.00104950257083547,-301.6652094780875
173.5,0.004,0.0015162362258352,0.55,1.144143515557603,103947.8537768636,4.0,4.097112781926009,1.144143515557603,103947.8537768636,1.158934957666786,104216.93315796278,False,False,1.1466562224202885,103982.99757252671,334.562829749882,0.013812215931404026,270.83216428807646
174.0,0.004,0.001516450745286,0.55,1.1445574404333887,103947.84300186468,4.0,4.097104364295233,1.1445574404333887,103947.84300186468,1.1541533942473974,103561.83786199476,False,False,1.147122840802786,103955.51592909335,334.41971031543846,0.007083829091913962,-416.8808229288843
174.5,0.004,0.0015166652159678,0.55,1.144971329564061,103947.832229349,4.0,4.0970959485877225,1.144971329564061,103947.832229349,1.1355504171498811,104154.10395016556,False,False,1.1467785144413642,103955.4617020934,334.45989844266535,-0.011986011039733402,199.53959371361998
175.0,0.004,0.0015168796379055,0.55,1.145385182957743,103947.82145931528,4.0,4.097087534802441,1.145385182957743,103947.82145931528,1.136831429119417,103915.48161844266,False,False,1.1462580632387576,103939.27408851944,334.46881616429636,-0.01036070306351311,-39.03629756043665
175.5,0.004,0.0015170940111239,0.55,1.1457990006225558,103947.81069176226,4.0,4.097079122938402,1.1457990006225558,103947.81069176226,,103151.2621003657,True,False,1.1455357888195734,103879.29466269212,334.3604111633847,,-789.0387496023759
176.0,0.004,0.0015173083356478,0.55,1.1462127825666144,103947.7999266887,4.0,4.09707071299465,1.1462127825666144,103947.7999266887,1.1491354633915678,103945.9569806826,False,False,1.1463231394931754,103896.10984187237,334.32229284087066,0.003185157322059151,58.287120888213394
176.5,0.004,0.0015175226115019,0.55,1.1466265287980308,103947.7891640933,4.0,4.097062304970199,1.1466265287980308,103947.7891640933,1.144573414526994,103618.754041711,False,False,1.1461548660519942,103878.2646223089,334.28458024342166,-0.002163998850485571,-283.662079272166
177.0,0.004,0.001517736838711,0.55,1.1470402393249124,103947.77840397484,4.0,4.097053898864046,1.1470402393249124,103947.77840397484,1.1491847787793432,103810.74395019672,False,False,1.146701031293952,103884.19454937876,334.23968438695374,0.0026154385055359164,-76.02266641064489
177.5,0.004,0.0015179510172998,0.55,1.1474539141553624,103947.76764633197,4.0,4.097045494675274,1.1474539141553624,103947.76764633197,1.1504213079358168,104422.23318592674,False,False,1.1481140770975105,103935.86687059901,334.24032762463384,0.0033059115588316423,530.2673063578841
178.0,0.004,0.001518165147293,0.55,1.1478675532974802,103947.75689116347,4.0,4.097037092402823,1.1478675532974802,103947.75689116347,1.1448798174306958,103603.18256505128,False,False,1.1477639558388886,103907.75690793278,334.19095372346703,-0.003647965194097935,-334.1213076406275
178.5,0.004,0.0015183792287154,0.55,1.148281156759361,103947.74613846808,4.0,4.097028692045776,1.148281156759361,103947.74613846808,1.1478794173433315,103620.7610107501,False,False,1.1477671979587458,103890.28444979858,334.134378519416,-0.00029856632997193877,-291.87112965172855
179.0,0.004,0.0015185932615915,0.55,1.1486947245490955,103947.73538824452,4.0,4.0970202936031095,1.1486947245490955,103947.73538824452,1.150760648321256,104392.00024530607,False,False,1.1490559981987414,103937.61516095643,334.13555505546697,0.0025792411393856796,494.6946043381031
179.5,0.004,0.001518807245946,0.55,1.1491082566747717,103947.72464049152,4.0,4.097011897073891,1.1491082566747717,103947.72464049152,1.1482685596394395,103983.483716632,False,False,1.1494239154445902,103940.78643437462,334.10262811941044,-0.0012010444272829712,44.64731767629564
180.0,0.004,0.0015190211818036,0.55,1.1495217531444708,103947.71389520784,4.0,4.09700350245711,1.1495217531444708,103947.71389520784,1.1545569617944114,104423.13317048532,False,False,1.1508783093656292,103983.59387565574,334.0696935679795,0.0047195052136881355,481.5132196616032
180.5,0.004,0.0015192350691888,0.55,1.1499352139662726,103947.70315239222,4.0,4.0969951097518,1.1499352139662726,103947.70315239222,1.1686439716995527,104047.485364627,False,False,1.1528799160915235,104004.94478552396,333.9035442378715,0.017352690440226803,68.26217661122791
181.0,0.004,0.0015194489081263,0.55,1.1503486391482516,103947.69241204335,4.0,4.09698671895702,1.1503486391482516,103947.69241204335,1.15626836199596,103675.57301056143,False,False,1.153124488519047,103976.99509461391,333.78513774833664,0.002975867452255976,-322.4119172336359
181.5,0.004,0.0015196626986405,0.55,1.150762028698478,103947.68167416,4.0,4.096978330071757,1.150762028698478,103947.68167416,1.1513201341625636,103927.2314626034,False,False,1.153285835680227,103967.27661326082,333.73502408669276,-0.002217200719474288,-46.18189364064892
182.0,0.004,0.0015198764407561,0.55,1.1511753826250188,103947.67093874096,4.0,4.096969943095023,1.1511753826250188,103947.67093874096,1.1343141963913996,104326.90946787511,False,False,1.1525099728385069,103969.44592769179,333.83294789880983,-0.019384572289400603,362.03598181366397
182.5,0.004,0.0015200901344975,0.55,1.151588700935936,103947.66020578492,4.0,4.0969615580259084,1.151588700935936,103947.66020578492,1.155468271796088,104237.91177324024,False,False,1.153497935837133,103990.40198557578,333.7843854173696,0.002545321450516669,271.1292314907332
183.0,0.004,0.0015203037798893,0.55,1.152001983639288,103947.6494752906,4.0,4.096953174863415,1.152001983639288,103947.6494752906,1.1325351995216155,103947.92293491335,False,False,1.1520298582667614,103957.04203856137,333.84940132840296,-0.02137541182118108,-37.27217495290097
183.5,0.004,0.0015205173769558,0.55,1.1524152307431286,103947.6387472568,4.0,4.096944793606564,1.1524152307431286,103947.6387472568,1.1383248898815674,103962.68184847051,False,False,1.151243214418521,103939.69657668693,333.8858956813623,-0.01411811577693034,6.794173503600177
184.0,0.004,0.0015207309257217,0.55,1.1528284422555082,103947.6280216822,4.0,4.09693641425438,1.1528284422555082,103947.6280216822,1.1613748347801958,103912.91788964764,False,False,1.152451590273668,103950.0545761218,333.777528039152,0.009718225250021195,-27.739954895092524
184.5,0.004,0.0015209444262113,0.55,1.153241618184473,103947.6172985656,4.0,4.096928036805884,1.153241618184473,103947.6172985656,1.1603039687858396,103769.2171471917,False,False,1.1532633381242718,103944.85926171328,333.6657013101005,0.007439195167978863,-180.5322214745247
185.0,0.004,0.0015211578784491,0.55,1.1536547585380648,103947.6065779058,4.0,4.0969196612601335,1.1536547585380648,103947.6065779058,1.152155368554576,104543.37050271836,False,False,1.1543336399451491,103988.78057789106,333.6811869064565,-0.0015211366148824013,598.18570280516
185.5,0.004,0.0015213712824594,0.55,1.1540678633243215,103947.59585970144,4.0,4.09691128761622,1.1540678633243215,103947.59585970144,1.1369677522627994,103949.81381075089,False,False,1.153182964282857,103960.10274101564,333.7240552659984,-0.017778507913332575,-33.951912219738006
186.0,0.004,0.0015215846382666,0.55,1.154480932551277,103947.58514395128,4.0,4.096902915873052,1.154480932551277,103947.58514395128,1.1507674473823686,103598.71240831356,False,False,1.1528804881822097,103927.89854316469,333.65612344140595,-0.00282853303370012,-359.8595132758055
186.5,0.004,0.0015217979458951,0.55,1.1548939662269613,103947.57443065412,4.0,4.096894546029733,1.1548939662269613,103947.57443065412,1.148106583044801,103800.44916606892,False,False,1.1526802439029318,103914.31359028672,333.63597323816316,-0.0051872810240214395,-129.84796497061325
187.0,0.004,0.0015220112053692,0.55,1.1553069643593998,103947.5637198087,4.0,4.096886178085296,1.1553069643593998,103947.5637198087,1.161675371820702,104171.60967803796,False,False,1.1541591170138512,103947.7148659182,333.5698708410705,0.00858159383623458,253.23277789869462
187.5,0.004,0.0015222244167133,0.55,1.1557199269566143,103947.55301141378,4.0,4.096877812038787,1.1557199269566143,103947.55301141378,1.1782972322808896,104145.42084097728,False,False,1.156856766296576,103990.835388019,333.39191424173015,0.023725055151080587,197.73149177189043
188.0,0.004,0.0015224375799516,0.55,1.1561328540266225,103947.5423054681,4.0,4.096869447889229,1.1561328540266225,103947.5423054681,1.158302158906169,103905.24259506614,False,False,1.1572512409551878,103980.675269934,333.3130889030323,0.001033010969123449,-80.31670337788819
188.5,0.004,0.0015226506951084,0.55,1.1565457455774375,103947.53160197043,4.0,4.096861085635666,1.1565457455774375,103947.53160197043,1.1487526342971166,103741.35451498,False,False,1.1565932482188512,103948.14097678677,333.2859249704875,-0.008911059259497423,-235.2741620621382
189.0,0.004,0.0015228637622079,0.55,1.1569586016170696,103947.52090091948,4.0,4.096852725277145,1.1569586016170696,103947.52090091948,1.1452530863140375,103954.89553720142,False,False,1.156013055025954,103934.63393634133,333.3106154291081,-0.011753007542232963,6.839785582604236
189.5,0.004,0.0015230767812745,0.55,1.1573714221535238,103947.51020231404,4.0,4.096844366812666,1.1573714221535238,103947.51020231404,1.1568104793458411,103431.30393729814,False,False,1.1557936625884127,103898.33817288186,333.2199210794775,0.0003843888261607642,-504.8968460409669
190.0,0.004,0.0015232897523323,0.55,1.1577842071948017,103947.49950615288,4.0,4.096836010241308,1.1577842071948017,103947.49950615288,1.156016275259666,103545.96654164045,False,False,1.1557193262482401,103876.99492537188,333.16017686317304,-0.0001908178436316188,-358.3943932062248
190.5,0.004,0.0015235026754055,0.55,1.1581969567489008,103947.48881243472,4.0,4.096827655562094,1.1581969567489008,103947.48881243472,1.146681765153626,104193.9086906766,False,False,1.1557323483159516,103897.77093708116,333.2252852399781,-0.00945121945280425,308.2564306042186
191.0,0.004,0.0015237155505183,0.55,1.1586096708238145,103947.47812115836,4.0,4.0968193027740805,1.1586096708238145,103947.47812115836,1.159773223180736,103799.64748271466,False,False,1.15631802855925,103900.28041286592,333.1647156577444,0.003627433166369709,-104.2161556079518
191.5,0.004,0.0015239283776949,0.55,1.1590223494275318,103947.46743232258,4.0,4.09681095187629,1.1590223494275318,103947.46743232258,1.147513214214423,104063.1126124904,False,False,1.1561520319579932,103907.02292939129,333.2057854481638,-0.009218179389851144,157.04923106565548
192.0,0.004,0.0015241411569593,0.55,1.1594349925680385,103947.45674592609,4.0,4.096802602867814,1.1594349925680385,103947.45674592609,1.1705560652853315,104323.23450584734,False,False,1.1582989474341459,103959.64633047694,333.1228609893969,0.013990723823955387,411.2582256392925
192.5,0.004,0.0015243538883357,0.55,1.1598476002533158,103947.4460619676,4.0,4.09679425574764,1.1598476002533158,103947.4460619676,1.1704741063111974,104147.81980971756,False,False,1.1599642546203517,103986.50688727161,333.01366286950287,0.011762579268831619,189.6675885051518
193.0,0.004,0.0015245665718483,0.55,1.160260172491341,103947.43538044604,4.0,4.096785910514815,1.160260172491341,103947.43538044604,1.1711076851443052,103953.79227644148,False,False,1.1612541181860634,103992.37172632688,332.8811909634815,0.01073127166521215,-27.947808935961802
193.5,0.004,0.001524779207521,0.55,1.1606727092900877,103947.42470136004,4.0,4.096777567168452,1.1606727092900877,103947.42470136004,1.155932204584002,104603.81926071925,False,False,1.161992904659567,104027.10297851553,332.9057046405952,-0.005733901038963873,616.9319314985187
194.0,0.004,0.0015249917953779,0.55,1.1610852106575245,103947.41402470844,4.0,4.096769225707527,1.1610852106575245,103947.41402470844,1.1662304162907051,104153.36366363223,False,False,1.1629103829158227,104032.36840821413,332.8149269135121,0.0038259454585665154,135.94667919185304
194.5,0.004,0.0015252043354431,0.55,1.1614976766016172,103947.40335048993,4.0,4.096760886131133,1.1614976766016172,103947.40335048993,1.1601769815494236,103838.06524730731,False,False,1.1628102361008008,104004.20817744915,332.7365830716639,-0.003144834625030901,-183.97688546382415
195.0,0.004,0.0015254168277406,0.55,1.161910107130327,103947.39267870336,4.0,4.096752548438279,1.161910107130327,103947.39267870336,1.1580219865163022,104173.20169664042,False,False,1.1630119418310725,104004.5514892893,332.714025931782,-0.005199981324396141,175.91991757838696
195.5,0.004,0.0015256292722943,0.55,1.1623225022516113,103947.3820093474,4.0,4.0967442126280575,1.1623225022516113,103947.3820093474,1.158931045680191,104073.18595751644,False,False,1.1631411354755823,103998.01787260277,332.6779741567634,-0.004492607031406859,75.60354521252157
196.0,0.004,0.0015258416691284,0.55,1.1627348619734232,103947.37134242096,4.0,4.096735878699455,1.1627348619734232,103947.37134242096,1.1497377092430818,103683.37555073656,False,False,1.1619683839872927,103951.80497286076,332.6676115451713,-0.013815193315697583,-308.46377507032594
196.5,0.004,0.0015260540182666,0.55,1.1631471863037122,103947.36067792268,4.0,4.09672754665161,1.1631471863037122,103947.36067792268,1.1487085493447609,103969.86523914592,False,False,1.1612410949433705,103936.4317758904,332.70365264571024,-0.013672179184654576,18.61047634339775
197.0,0.004,0.001526266319733,0.55,1.1635594752504232,103947.3500158514,4.0,4.096719216483487,1.1635594752504232,103947.3500158514,1.1715026231591836,103896.46275573398,False,False,1.1624378819575494,103946.3147613537,332.5950111373896,0.009848962233732106,-41.30193964118371
197.5,0.004,0.0015264785735514,0.55,1.163971728821498,103947.33935620588,4.0,4.0967108881942,1.163971728821498,103947.33935620588,1.1620593747823027,103340.87365309488,False,False,1.1619837617584996,103899.38376664023,332.49805103553905,-0.0007908679828407816,-605.5606266497925
198.0,0.004,0.0015266907797458,0.55,1.1643839470248736,103947.32869898491,4.0,4.096702561782794,1.1643839470248736,103947.32869898491,1.16654819553615,103894.15326180376,False,False,1.1627355837013362,103909.34841037581,332.4418489507977,0.004151548737797439,-11.117762440640945
198.5,0.004,0.0015269029383401,0.55,1.1647961298684837,103947.31804418724,4.0,4.096694237248303,1.1647961298684837,103947.31804418724,1.1748132337530246,103860.00144033026,False,False,1.1640707270102448,103923.73819334128,332.33142662341385,0.0116649329258256,-54.00438959166058
199.0,0.004,0.001527115049358,0.55,1.1652082773602572,103947.30739181166,4.0,4.096685914589783,1.1652082773602572,103947.30739181166,1.1478769524100965,103812.11559130427,False,False,1.1629177341987005,103898.23573419177,332.3849554022413,-0.016606227953471553,-114.50652035635721
199.5,0.004,0.0015273271128235,0.55,1.16562038950812,103947.29674185696,4.0,4.096677593806303,1.16562038950812,103947.29674185696,1.1577790887699608,103439.96770239946,False,False,1.1622464083401458,103862.49146855333,332.34922818847895,-0.00555146177515109,-464.29603457581834
200.0,0.004,0.0015275391287604,0.55,1.166032466319993,103947.28609432184,4.0,4.09666927489692,1.166032466319993,103947.28609432184,1.1677858147546438,103837.89108884652,False,False,1.163050321487735,103876.36100252949,332.2994447819379,0.005126162057836892,-35.05760446666682
200.5,0.005,0.0015277510971924,0.55,1.166611174470461,103953.38987506588,4.0,4.096660957860666,1.166611174470461,103953.38987506588,1.1705321223371168,,False,True,1.1642297538656343,103900.03967765062,332.2370110920529,0.006902102905899987,
201.0,0.005,0.0015284272122225,0.55,1.1671897699350906,103958.74615371588,4.0,4.101425995970384,1.1671897699350906,103958.74615371588,1.1634190254310797,103990.18481592844,False,False,1.1647975662800536,103916.44176233075,332.22292434606976,-0.0013900796536139293,78.2332263506105
201.5,0.005,0.0015290567579029,0.55,1.16776826047544,103963.44683047968,4.0,4.105602925732291,1.16776826047544,103963.44683047968,1.1780600528024183,103613.23895034248,False,False,1.1660410688546259,103917.42532540327,332.0803564799123,0.012683353738217606,-313.09320156679314
202.0,0.005,0.0015296454751249,0.55,1.1683466528962525,103967.57235828596,4.0,4.109265106447857,1.1683466528962525,103967.57235828596,1.170450602284549,104162.64035601325,False,False,1.167266810703592,103950.07668079034,332.0410214437786,0.00383051788910449,235.4453353951103
202.5,0.005,0.0015301983846766,0.55,1.168924953165473,103971.19320482714,4.0,4.112476515802877,1.168924953165473,103971.19320482714,1.1567911317771944,103596.29179728816,False,False,1.1664159353133647,103914.82473833626,332.0281206360366,-0.011054252190076275,-359.5457571564475
203.0,0.005,0.0015307198802475,0.55,1.1695031665187652,103974.37111933118,4.0,4.115293004257863,1.1695031665187652,103974.37111933118,1.1601955287588588,103905.35875480284,False,False,1.1663871371449173,103915.26380113693,332.0328979964676,-0.006799416672235381,-19.55609270009154
203.5,0.005,0.0015312138087942,0.55,1.1700812975506327,103977.1602321169,4.0,4.117763369077869,1.1700812975506327,103977.1602321169,1.178136008155579,104379.65784825392,False,False,1.1685241965336164,103973.35086661857,331.9679462173943,0.011169862946853737,454.35803809858044
204.0,0.005,0.0015316835401267,0.55,1.1706593502939449,103979.60801051329,4.0,4.119930276782386,1.1706593502939449,103979.60801051329,1.1752976648585054,103766.0808199106,False,False,1.1693523719111751,103967.59909205695,331.85249026644163,0.006195242784286181,-210.1856581630709
204.5,0.005,0.0015321320272721,0.55,1.1712373282893995,103981.75609105706,4.0,4.121831057586546,1.1712373282893995,103981.75609105706,1.1522467158993337,103824.25558766644,False,False,1.168226461804584,103938.88901519876,331.89281126263313,-0.01768386967475344,-146.9592021372664
205.0,0.005,0.0015325618589232,0.55,1.1718152346462456,103983.64100486264,4.0,4.123498391265017,1.1718152346462456,103983.64100486264,1.1852923576848695,104314.64692806391,False,False,1.1706992724076921,103993.81550410649,331.77822558809174,0.01648728977965752,368.6267653676914
205.5,0.005,0.0015329753050717,0.55,1.1723930720954003,103985.29481055036,4.0,4.124960900556624,1.1723930720954003,103985.29481055036,1.1783733424063392,103866.8807621051,False,False,1.1717134190857958,103992.94829215972,331.65653584814027,0.00709624148100918,-127.35356517639593
206.0,0.005,0.0015333743567641,0.55,1.1729708430359396,103986.74564702983,4.0,4.126243665553721,1.1729708430359396,103986.74564702983,1.1864042729129043,103895.16873148618,False,False,1.1733638912985607,104002.77048866378,331.49430155638703,0.01411310329363169,-98.30079054200905
206.5,0.005,0.0015337607607731,0.55,1.173548549575811,103988.01821668156,4.0,4.127368670350511,1.173548549575811,103988.01821668156,1.1697115407650598,104056.22582218448,False,False,1.1736527352097346,104001.2018743906,331.4554281023546,-0.0042298588719877905,54.13306690749596
207.0,0.005,0.0015341360498642,0.55,1.1741261935675,103989.13420800163,4.0,4.12835519144876,1.1741261935675,103989.13420800163,1.1711691313541768,104312.65993995004,False,False,1.1743829298946253,104021.02158218196,331.4329454448967,-0.0030611035730832015,311.94621210408513
207.5,0.005,0.0015345015692403,0.55,1.1747037766392934,103990.1126655264,4.0,4.129220135959144,1.1747037766392934,103990.1126655264,1.1634392057917802,103310.72489223946,False,False,1.1730407125514888,103950.01402205795,331.3640293143264,-0.011520958035071693,-707.4017489519756
208.0,0.005,0.0015348584996624,0.55,1.175281300222683,103990.97031378958,4.0,4.129978336428536,1.175281300222683,103990.97031378958,1.200650595924002,103735.61896802936,False,False,1.17562965622088,103971.08751288937,331.12767942085827,0.02703180522998405,-220.15714722168923
208.5,0.005,0.0015352078776785,0.55,1.1758587655764032,103991.72184115891,4.0,4.130642808117562,1.1758587655764032,103991.72184115891,1.1741042233223318,103681.24780891472,False,False,1.1756403198633814,103949.27256783425,331.05695312889696,-0.0021030725502331205,-293.01692360533343
209.0,0.005,0.0015355506133326,0.55,1.1764361738075144,103992.38014862526,4.0,4.131224973711435,1.1764361738075144,103992.38014862526,1.1923115057283338,103658.05610430022,False,False,1.1771956203893905,103951.50435321071,330.8817526409007,0.016093322998558257,-297.0666891866131
209.5,0.005,0.0015358875056737,0.55,1.1770135258899022,103992.95656795002,4.0,4.131734859741328,1.1770135258899022,103992.95656795002,1.170540601376029,103729.6215253466,False,False,1.1768566707659678,103931.0369959256,330.85632719895216,-0.0072327256866473455,-227.45724470914865
210.0,0.005,0.0015362192563459,0.55,1.1775908226805112,103993.46105300504,4.0,4.132181268395682,1.1775908226805112,103993.46105300504,1.1792292346038422,103734.99656033349,False,False,1.1773177127891485,103925.63748174801,330.78510957439215,0.0017946177732541813,-204.1332764102408
210.5,0.005,0.0015365464815003,0.55,1.1781680649335944,103993.90234764556,4.0,4.132571927895783,1.1781680649335944,103993.90234764556,1.1614545400678935,104086.66716300564,False,False,1.1766969046628524,103926.50545176631,330.860624243984,-0.016441134775925903,152.2709378892323
211.0,0.005,0.00153686972224,0.55,1.178745253313221,103994.28813302894,4.0,4.132913624179871,1.178745253313221,103994.28813302894,1.1749165818255534,103720.64982438744,False,False,1.176790914297131,103915.96451600059,330.8160503042494,-0.002358329199606768,-214.5073164012574
211.5,0.005,0.0015371894537807,0.55,1.1793223884042576,103994.62515692196,4.0,4.1332123162723216,1.1793223884042576,103994.62515692196,1.189159937488258,104032.3004403104,False,False,1.1785134204146546,103948.05441232798,330.71630739384324,0.011790916464464285,106.38247424649308
212.0,0.005,0.001537506093488,0.55,1.1798994707220096,103994.91934721924,4.0,4.133473237399819,1.1798994707220096,103994.91934721924,1.1673820325662647,104118.3455196808,False,False,1.1783111300265219,103952.69767216058,330.75479239677054,-0.01170901709547989,164.2942519258795
212.5,0.005,0.0015378200079292,0.55,1.180476500720688,103995.17591161562,4.0,4.133700983646876,1.180476500720688,103995.17591161562,1.1911987761700342,103770.75995741104,False,False,1.1796892791544191,103958.42517686816,330.6114622720837,0.012310047255017276,-187.36423336601
213.0,0.005,0.0015381315190627,0.55,1.1810534788008442,103995.39942513248,4.0,4.133899591709981,1.1810534788008442,103995.39942513248,1.184425856959329,104035.56227775651,False,False,1.180716600107568,103973.64914811078,330.5394324364497,0.004159155661205949,72.4157017214311
213.5,0.005,0.001538440909671,0.55,1.181630405315899,103995.59390698692,4.0,4.134072607108871,1.181630405315899,103995.59390698692,1.1711908960660564,104498.84964162076,False,False,1.1811249929524852,104004.56090773674,330.58980788628753,-0.010102882192802864,522.3473162367882
214.0,0.005,0.0015387484281304,0.55,1.1822072805778774,103995.7628881072,4.0,4.134223144040049,1.1822072805778774,103995.7628881072,1.1771913078636207,104094.77907737084,False,False,1.1814386211739738,104005.26843762521,330.5552751526686,-0.004510511693498698,91.1402700086619
214.5,0.005,0.0015390542925983,0.55,1.1827841048624443,103995.90947043795,4.0,4.134353937906864,1.1827841048624443,103995.90947043795,1.1781934480953902,103800.01564328,False,False,1.1814193452192454,103983.97960796619,330.48987400408566,-0.0038219656706879324,-204.2434578902321
215.0,0.005,0.0015393586946907,0.55,1.1833608784133292,103996.03637903664,4.0,4.134467391430605,1.1833608784133292,103996.03637903664,1.182865685033904,103976.0801957129,False,False,1.1820577809458865,103985.8737366027,330.42103355891015,0.0008693275777453824,-9.487142177298665
215.5,0.005,0.0015396618027112,0.55,1.1839376014462106,103996.14600783976,4.0,4.134565615132319,1.1839376014462106,103996.14600783976,1.1785761617867796,103714.7633980021,False,False,1.1819282915461713,103961.41892822212,330.35850686981945,-0.004058557465076884,-272.4648808928323
216.0,0.005,0.0015399637644871,0.55,1.1845142741521295,103996.2404598704,4.0,4.134650462877655,1.1845142741521295,103996.2404598704,1.1762413951440842,104079.38132507882,False,False,1.1821227577376596,103967.04277132185,330.353579546499,-0.006264096353550297,113.61197599128354
216.5,0.005,0.0015402647098598,0.55,1.1850908967004865,103996.32158256276,4.0,4.134723563089868,1.1850908967004865,103996.32158256276,1.182045019675338,104261.05632439697,False,False,1.1830285033901917,103992.24810973255,330.32745834604117,-0.0006548637450392025,290.3535966603231
217.0,0.005,0.001540564752873,0.55,1.1856674692416742,103996.39099879832,4.0,4.134786346161278,1.1856674692416742,103996.39099879832,1.1753985718555835,103745.00771037264,False,False,1.1825785097004822,103963.96617112287,330.2903752412651,-0.008206721701841335,-247.81349315639818
217.5,0.005,0.0015408639936936,0.55,1.186243991909392,103996.45013417398,4.0,4.134840068528559,1.186243991909392,103996.45013417398,1.1733487261829612,103932.26698358989,False,False,1.182273729049285,103953.57598457139,330.29309223636125,-0.009806901783284028,-35.735825209805625
218.0,0.005,0.0015411625203002,0.55,1.1868204648226752,103996.5002409607,4.0,4.134885833818569,1.1868204648226752,103996.5002409607,1.1863386999976016,104337.6890832768,False,False,1.1836489316789967,103992.15178801317,330.2543989639135,0.003487720116336357,378.79947697099124
218.5,0.005,0.0015414604099648,0.55,1.187396888087681,103996.54241915424,4.0,4.134924611422615,1.187396888087681,103996.54241915424,1.1962256303432268,103843.99670639644,False,False,1.1850498062513384,103995.59578801166,330.10105978523154,0.011999960458997316,-148.73811097917496
219.0,0.005,0.0015417577305563,0.55,1.187973261799255,103996.57763497085,4.0,4.134957252812554,1.187973261799255,103996.57763497085,1.1726795447480816,104054.20838587392,False,False,1.1846021643041984,103984.81559877173,330.1193297247214,-0.012946844971380544,58.45442270580679
219.5,0.005,0.0015420545416832,0.55,1.188549586042308,103996.60673709816,4.0,4.13498450587344,1.188549586042308,103996.60673709816,1.1885846675569476,103682.76749708172,False,False,1.1850664834515985,103966.96922784598,330.0082386938672,0.0034057713138357926,-303.52529587585013
220.0,0.005,0.0015423508956995,0.55,1.1891258608930246,103996.63047097396,4.0,4.135007027494408,1.1891258608930246,103996.63047097396,1.1826262989450116,103745.59473780108,False,False,1.1850885770033415,103949.71058871709,329.9508672345326,-0.003017059491515095,-225.03801515836676
220.5,0.005,0.001542646838587,0.55,1.1897020864199268,103996.64949133171,4.0,4.135025394629804,1.1897020864199268,103996.64949133171,1.1799306320485798,103839.61053446248,False,False,1.1850242404976814,103939.75535882829,329.926808452275,-0.005734994823625605,-115.88609508350783
221.0,0.005,0.0015429424107307,0.55,1.190278262684805,103996.66437322326,4.0,4.135040114016183,1.190278262684805,103996.66437322326,1.1988126392119511,104649.56038018755,False,False,1.1876551885450721,104016.54602556149,329.86197248667594,0.013211241325399303,702.7914210045856
221.5,0.005,0.0015432376476001,0.55,1.1908543897435382,103996.67562170344,4.0,4.135051630708967,1.1908543897435382,103996.67562170344,1.1856726928526315,103873.96057930248,False,False,1.1878276340768628,104000.27057850169,329.7901359559833,-0.0025586430769595214,-140.17967263399623
222.0,0.005,0.0015435325803474,0.55,1.1914304676468137,103996.683680339,4.0,4.135060335581808,1.1914304676468137,103996.683680339,1.2064134844774623,103837.6960745181,False,False,1.1897212143992562,104008.83569004817,329.5952134067265,0.01800955148048855,-162.15286288279458
222.5,0.005,0.0015438272363331,0.55,1.1920064964407582,103996.6889386844,4.0,4.13506657191508,1.1920064964407582,103996.6889386844,1.1842081027992943,103827.73088014127,False,False,1.1895407417326085,103986.20140730137,329.54464887224236,-0.006089161832021128,-179.63093104452128
223.0,0.005,0.0015441216395879,0.55,1.1925824761674937,103996.69173884986,4.0,4.1350706411838045,1.1925824761674937,103996.69173884986,1.196447496103752,103947.01103263238,False,False,1.1906019035331905,103991.92550775163,329.4383542474242,0.0063304576533611545,-40.48475252170465
223.5,0.005,0.0015444158112176,0.55,1.1931584068656238,103996.6923812713,4.0,4.135072808142448,1.1931584068656238,103996.6923812713,1.1908855768000517,104193.4714167772,False,False,1.1914197967164335,104007.7036873984,329.39241516426773,-0.000292474621367278,200.9556705897703
224.0,0.005,0.0015447097697602,0.55,1.1937342885706637,103996.69112978014,4.0,4.135073305291741,1.1937342885706637,103996.69112978014,1.1861940704794,104053.5382608812,False,False,1.1915648263615857,104003.08104546391,329.36076682573923,-0.00580164350081791,47.17646711099951
224.5,0.005,0.0015450035314978,0.55,1.194310121315414,103996.68821605656,4.0,4.135072336802938,1.194310121315414,103996.68821605656,1.2001868717411914,104614.03261846668,False,False,1.193637215290017,104059.28900206556,329.295596349656,0.008046093294709067,611.7291872982169
225.0,0.005,0.0015452971107323,0.55,1.1948859051302918,103996.68384354212,4.0,4.135070081965004,1.1948859051302918,103996.68384354212,1.1933360793995438,104060.822177562,False,False,1.1941500723001872,104051.32613126162,329.21022436079585,-0.0008763393153641275,9.1578773449437
225.5,0.005,0.0015455905200258,0.55,1.1954616400436209,103996.67819087644,4.0,4.135066698212931,1.1954616400436209,103996.67819087644,1.2014937458507573,104430.89943568342,False,False,1.1958148701457465,104082.81112765493,329.114450667848,0.006768432622328735,386.23612951605173
226.0,0.005,0.0015458837704135,0.55,1.1960373260818853,103996.67141491672,4.0,4.135062323787782,1.1960373260818853,103996.67141491672,1.1955644110097152,104079.68474972418,False,False,1.19632928738083,104071.91334477914,329.01962290751754,-0.0008252389069782762,7.354859967192169
226.5,0.005,0.0015461768715895,0.55,1.1966129632699538,103996.6636533898,4.0,4.135057080073628,1.1966129632699538,103996.6636533898,1.1857548007169394,104178.33810292404,False,False,1.1961103557061907,104058.38998995288,329.0025582917919,-0.011149333557545882,115.59329617339245
227.0,0.005,0.0015464698320699,0.55,1.1971885516312757,103996.65502722186,4.0,4.135051073650084,1.1971885516312757,103996.65502722186,1.1961678591993865,103563.57504530788,False,False,1.1959923311680873,104012.25608932225,328.87053884295506,-0.0005174993714780474,-487.2846741951216
227.5,0.005,0.0015467626593372,0.55,1.1977640911880525,103996.64564258486,4.0,4.13504439809537,1.1977640911880525,103996.64564258486,1.198283642883214,103958.5278081431,False,False,1.1966447692907458,104008.36283469708,328.7817100562538,0.0017158294618422332,-51.81315589720907
228.0,0.005,0.001547055359966,0.55,1.1983395819613916,103996.63559269405,4.0,4.135037135570018,1.1983395819613916,103996.63559269405,1.2079242115002036,103975.9512705054,False,False,1.198088952176372,104017.32192420146,328.6406401827267,0.01070397571084114,-30.970048775765463
228.5,0.005,0.0015473479397334,0.55,1.198915023971436,103996.62495938664,4.0,4.135029358207978,1.198915023971436,103996.62495938664,1.1898523338980842,103923.7378573174,False,False,1.197794101205746,103997.1569671717,328.61150624463306,-0.008811871007347483,-91.04158944521623
229.0,0.005,0.0015476404037171,0.55,1.199490417237483,103996.61381450883,4.0,4.135021129338346,1.199490417237483,103996.61381450883,1.1990971187048098,103350.7502263516,False,False,1.1975727848015563,103947.76232439894,328.48136963654116,0.0007275344813653106,-646.3338834494207
229.5,0.005,0.0015479327563802,0.55,1.2000657617780863,103996.6022211335,4.0,4.135012504558678,1.2000657617780863,103996.6022211335,1.182846974475786,104260.78955969527,False,False,1.197254934699736,103959.29471550875,328.55507305747983,-0.015301815685801134,307.0137929179182
230.0,0.005,0.0015482250016461,0.55,1.2006410576111453,103996.59023462984,4.0,4.135003532677373,1.2006410576111453,103996.59023462984,1.2071559882145784,103880.4451357252,False,False,1.19851311732283,103968.55341673101,328.4368293780362,0.009325138773987884,-83.4375856025581
230.5,0.005,0.0015485171429649,0.55,1.2012163047539843,103996.57790360316,4.0,4.134994256541484,1.2012163047539843,103996.57790360316,1.190401475007578,103865.15650692926,False,False,1.1982084484830293,103953.36337658831,328.4245571404019,-0.008687355669077856,-106.84008783788886
231.0,0.005,0.0015488091833708,0.55,1.2017915032234223,103996.5652707196,4.0,4.13498471376378,1.2017915032234223,103996.5652707196,1.1837279080125864,103920.01383240757,False,False,1.1974527231606937,103937.74556372759,328.4637875012495,-0.01505643461130024,-38.669256458233576
231.5,0.005,0.0015491011255332,0.55,1.2023666530358337,103996.55237343092,4.0,4.134974937361232,1.2023666530358337,103996.55237343092,1.2017744846930862,103928.1286167686,False,False,1.198325062656585,103948.16139027248,328.3944535009338,0.0037456437171927703,-16.87152057258936
232.0,0.005,0.0015493929718008,0.55,1.2029417542072005,103996.5392446106,4.0,4.1349649563155815,1.2029417542072005,103996.5392446106,1.2139986037938288,104118.66877084725,False,False,1.2004030660652067,103984.84538829344,328.2666898357625,0.01509760385105352,164.5441063180624
232.5,0.005,0.0015496847242413,0.55,1.20351680675316,103996.52591311296,4.0,4.134954796065844,1.20351680675316,103996.52591311296,1.188272337271041,103615.21623764338,False,False,1.19940540601092,103942.40022686377,328.2496288206684,-0.012706115662395767,-371.0610591481527
233.0,0.005,0.0015499763846755,0.55,1.2040918106890477,103996.51240426328,4.0,4.13494447894079,1.2040918106890477,103996.51240426328,1.193211454835163,103717.19978718818,False,False,1.1990983098335837,103923.096043031,328.22465346958325,-0.006769855336422159,-231.8765254966711
233.5,0.005,0.0015502679547072,0.55,1.2046667660299295,103996.49874028924,4.0,4.13493402453836,1.2046667660299295,103996.49874028924,1.1972340171193967,104083.68872905908,False,False,1.1996673608058794,103940.9533903393,328.2143571775642,-0.0024404200012697608,151.51871576733538
234.0,0.005,0.0015505594357503,0.55,1.205241672790638,103996.48494069897,4.0,4.134923450059404,1.205241672790638,103996.48494069897,1.1939467063272178,104040.15978409506,False,False,1.1998298830631917,103947.43331193615,328.2157691383119,-0.006296551116947491,92.35107881958538
234.5,0.005,0.0015508508290516,0.55,1.205816530985796,103996.47102261314,4.0,4.134912770600281,1.205816530985796,103996.47102261314,1.2096108098691418,103883.47457994052,False,False,1.201096099791852,103959.05341790042,328.1040264237754,0.009205110073839284,-70.01065321154601
235.0,0.005,0.0015511421357114,0.55,1.206391340629844,103996.4570010569,4.0,4.134901999409916,1.206391340629844,103996.4570010569,1.1983176661793993,103824.2832793646,False,False,1.2012016164684263,103948.89223274932,328.0595887406594,-0.003354024292556712,-139.38215190608753
235.5,0.005,0.0015514333567013,0.55,1.2069661017370603,103996.4428892158,4.0,4.134891148115529,1.2069661017370603,103996.4428892158,1.1997509543724585,103746.1154782648,False,False,1.2013284633867127,103936.22246446383,328.004736853201,-0.0020263473511499264,-208.6465048938262
236.0,0.005,0.0015517244928801,0.55,1.2075408143215804,103996.42869866066,4.0,4.1348802269208536,1.2075408143215804,103996.42869866066,1.2133738683084037,103978.92214949196,False,False,1.2029267714128267,103960.06376878396,327.8926109685632,0.011469601292906528,35.25814036060183
236.5,0.005,0.0015520155450074,0.55,1.2081154783974126,103996.41443954506,4.0,4.134869244780084,1.2081154783974126,103996.41443954506,1.2005603320877258,104350.6341815025,False,False,1.2037637689950156,103990.91249588768,327.8917607532514,-0.002941864245558312,386.0861800354178
237.0,0.005,0.001552306513756,0.55,1.2086900939784533,103996.40012077852,4.0,4.134858209550645,1.2086900939784533,103996.40012077852,1.2130178949562604,103678.98489536482,False,False,1.2046621776633601,103977.72128631664,327.74483212655434,0.008679085895866523,-312.6036621701205
237.5,0.005,0.0015525973997222,0.55,1.2092646610784996,103996.38575017876,4.0,4.134847128127304,1.2092646610784996,103996.38575017876,1.1995508093596792,104453.3811641738,False,False,1.2053818814010926,104009.94969406252,327.7620090317401,-0.005686466321316086,473.3607638227404
238.0,0.005,0.0015528882034355,0.55,1.2098391797112604,103996.3713346051,4.0,4.134836006559879,1.2098391797112604,103996.3713346051,1.1977177945691075,104249.56577421924,False,False,1.205576498014146,104017.17877637676,327.7619628596772,-0.00823879640317382,241.284386190644
238.5,0.005,0.0015531789253666,0.55,1.210413649890366,103996.35688007595,4.0,4.134824850156606,1.210413649890366,103996.35688007595,1.1920591569984569,103860.46775888297,False,False,1.204747665725458,103985.78061875264,327.76021169780876,-0.014091960727131925,-154.15564385145262
239.0,0.005,0.0015534695659344,0.55,1.2109880716293768,103996.34239187156,4.0,4.13481366357495,1.2109880716293768,103996.34239187156,1.229600099498494,104231.26485451047,False,False,1.2077116091647775,104035.11867261013,327.5680186756081,0.024277424939934455,244.1790521991934
239.5,0.005,0.0015537601255128,0.55,1.2115624449417914,103996.32787462448,4.0,4.134802450901137,1.2115624449417914,103996.32787462448,1.2083598546204817,103556.55684956588,False,False,1.2076614434365842,103993.50290131959,327.442868711786,7.398827659832463e-05,-473.801650473295
240.0,0.005,0.0015540506044358,0.55,1.212136769841052,103996.31333239874,4.0,4.134791215720177,1.212136769841052,103996.31333239874,1.2145761035205365,103476.84084885036,False,False,1.2080878833099256,103961.15971924821,327.2910393823534,0.006339976517297341,-517.0076505002653
240.5,0.005,0.0015543410030027,0.55,1.2127110463405515,103996.29876875952,4.0,4.13477996117713,1.2127110463405515,103996.29876875952,1.2124005512507436,103609.36409191418,False,False,1.2085077989498965,103942.26695161047,327.1823440374164,0.003737691953868749,-356.1360103845218
241.0,0.005,0.001554631321482,0.55,1.213285274453638,103996.28418683432,4.0,4.134768690031039,1.213285274453638,103996.28418683432,1.2148848920237103,103873.36024724008,False,False,1.2094760122442514,103950.00878259589,327.0932234430493,0.005801960606820922,-75.59234971365368
241.5,0.005,0.0015549215601155,0.55,1.2138594541936187,103996.26958936648,4.0,4.1347574047022,1.2138594541936187,103996.26958936648,1.2143563189873623,103898.64659868156,False,False,1.2103413576463924,103956.4389004614,327.0120183654569,0.004305335065297733,-57.084426712972345
242.0,0.005,0.0015552117191214,0.55,1.2144335855737651,103996.25497876234,4.0,4.13474610731366,1.2144335855737651,103996.25497876234,1.233515755965792,103841.71225361954,False,False,1.2126792259647274,103979.06906225478,326.80909376737026,0.022599565293970336,-119.64920425949094
242.5,0.005,0.0015555017986973,0.55,1.2150076686073157,103996.24035713248,4.0,4.134734799727668,1.2150076686073157,103996.24035713248,1.2046184026977442,104026.0671643019,False,False,1.2125789774098157,103974.35216411966,326.80602188228704,-0.008635228741981082,44.88446468216716
243.0,0.005,0.0015557917990224,0.55,1.2155817033074785,103996.22572632787,4.0,4.134723483577566,1.2155817033074785,103996.22572632787,1.2000070822464968,103355.67955401228,False,False,1.2112102276858958,103913.02463870766,326.7736427140796,-0.013146356957326022,-621.370274435656
243.5,0.005,0.0015560817202603,0.55,1.216155689687435,103996.2110879721,4.0,4.1347121602958525,1.216155689687435,103996.2110879721,1.2060360930025915,104144.81590987756,False,False,1.211589897663408,103933.67679781897,326.7940909415121,-0.005749335379896747,221.4563679529383
244.0,0.005,0.0015563715625605,0.55,1.2167296277603417,103996.19644348872,4.0,4.134700831138988,1.2167296277603417,103996.19644348872,1.2033825376627565,103570.40626982102,False,False,1.2109262232223692,103902.2024404095,326.77288479069966,-0.00878231852058975,-371.02444910466147
244.5,0.005,0.0015566613260601,0.55,1.2173035175393316,103996.1817941262,4.0,4.134689497208685,1.2173035175393316,103996.1817941262,1.2247731380641511,103797.9266125586,False,False,1.2124768936442119,103920.73089236414,326.6494451285258,0.01327157993055783,-115.96696422688547
245.0,0.005,0.0015569510108855,0.55,1.2178773590375174,103996.1671409792,4.0,4.134678159471141,1.2178773590375174,103996.1671409792,,103872.31200109128,True,False,1.2129682490398024,103925.52659569343,326.6069382488754,,-57.789822412873036
245.5,0.005,0.0015572406171539,0.55,1.2184511522679915,103996.1524850076,4.0,4.134666818773528,1.2184511522679915,103996.1524850076,1.2088379968164884,103649.28929398488,False,False,1.2127129905418021,103906.02825999938,326.57556843895765,-0.0047051767686767665,-285.0086255572969
246.0,0.005,0.0015575301449738,0.55,1.2190248972438291,103996.13782705276,4.0,4.134655475858745,1.2190248972438291,103996.13782705276,1.2051205394791995,103584.83792646148,False,False,1.2120950108990793,103881.29528249978,326.57022198138725,-0.008167595466257893,-332.4031768995774
246.5,0.005,0.0015578195944468,0.55,1.2195985939780882,103996.1231678525,4.0,4.134644131377898,1.2195985939780882,103996.1231678525,1.2160506274466774,103694.2986682882,False,False,1.212699945997551,103884.1430795478,326.5083116004876,0.0033801680141636314,-201.31851154331525
247.0,0.005,0.0015581089656677,0.55,1.2201722424838102,103996.10850805332,4.0,4.134632785902027,1.2201722424838102,103996.10850805332,1.234083481262574,103992.53141541097,False,False,1.2152433541112402,103930.50124857074,326.35594411065756,0.020808167078510742,94.42412828057422
247.5,0.005,0.0015583982587262,0.55,1.2207458427740223,103996.09384822204,4.0,4.134621439931505,1.2207458427740223,103996.09384822204,1.1925501485960397,104173.08850193988,False,False,1.214085211045345,103928.90088958276,326.4866437501028,-0.023267886847266883,234.43796328926692
248.0,0.005,0.0015586874737065,0.55,1.221319394861738,103996.0791888554,4.0,4.134610093905002,1.221319394861738,103996.0791888554,1.2265856625518967,104165.34974216658,False,False,1.2160053154726664,103969.17175556778,326.38804447566986,0.011925655861296125,228.09933804508182
248.5,0.005,0.0015589766106889,0.55,1.2218928987599564,103996.0645303886,4.0,4.134598748206956,1.2218928987599564,103996.0645303886,1.2111353464854706,103697.71721890743,False,False,1.2157412945737496,103944.669023641,326.3420694142291,-0.005444193631817695,-274.7872416748869
249.0,0.005,0.0015592656697497,0.55,1.2224663544816647,103996.04987320302,4.0,4.13458740317423,1.2224663544816647,103996.04987320302,1.2328700259470775,103758.57672873944,False,False,1.2174964015583096,103955.81939584293,326.1713392484297,0.016554235959909125,-192.4729234645929
249.5,0.005,0.001559554650962,0.55,1.2230397620398377,103996.0352176328,4.0,4.134576059101992,1.2230397620398377,103996.0352176328,1.21226052263107,103719.8542682378,False,False,1.2172496056993425,103935.15244204996,326.1354189166768,-0.005810112884765406,-240.95483147042978
250.0,0.005,0.0015598435543957,0.55,1.2236131214474384,103996.02056397048,4.0,4.134564716248838,1.2236131214474384,103996.02056397048,1.22075896317528,104130.96425759942,False,False,1.2183258757196014,103960.84664638291,326.0898751967983,0.002934893108628156,188.24443713825895
250.5,0.005,0.0015601323801185,0.55,1.2241864327174186,103996.00591247236,4.0,4.1345533748412375,1.2241864327174186,103996.00591247236,1.209123641711023,103384.7798583168,False,False,1.2172911797271262,103908.41705741007,326.0466554677133,-0.009776346948541681,-580.4297102605342
251.0,0.005,0.0015604211281954,0.55,1.2247596958627194,103995.99126336288,4.0,4.134542035077528,1.2247596958627194,103995.99126336288,1.2149871173577385,104367.49304153754,False,False,1.2182102311382157,103950.71709732231,326.07165769392395,-0.0028787945523396363,448.1592835474585
251.5,0.005,0.0015607097986898,0.55,1.2253329108962712,103995.9766168384,4.0,4.134530697131462,1.2253329108962712,103995.9766168384,1.2391913025267325,103850.53515425153,False,False,1.2203946253499172,103972.40372384197,325.88358364589783,0.020406846044946247,-105.8062472884485
252.0,0.005,0.0015609983916631,0.55,1.225906077830994,103995.96197307082,4.0,4.134519361155032,1.225906077830994,103995.96197307082,1.2341118646898943,103760.90451393073,False,False,1.2218101709936653,103974.2729820462,325.72347960937367,0.013143418050525213,-214.42173633276252
252.5,0.005,0.0015612869071752,0.55,1.226479196679798,103995.94733221052,4.0,4.13450802728127,1.226479196679798,103995.94733221052,1.2224625151582913,104097.7834709828,False,False,1.222550715358666,103986.48804528029,325.6749122343281,7.866118615695861e-05,120.82320631231414
253.0,0.005,0.0015615753452847,0.55,1.227052267455584,103995.93269438906,4.0,4.134496695626616,1.227052267455584,103995.93269438906,1.2183505437535411,104305.71841092096,False,False,1.2231381329092827,104006.82080086581,325.66970012846764,-0.004773668669447284,318.0608713414258
253.5,0.005,0.0015618637060489,0.55,1.2276252901712426,103995.9180597214,4.0,4.134485366292884,1.2276252901712426,103995.9180597214,1.2086872188061244,104098.69303678688,False,False,1.2225522271333986,103994.81745588094,325.7008218056576,-0.015024156312237746,93.2209488578228
254.0,0.005,0.0015621519895241,0.55,1.2281982648396552,103995.90342830804,4.0,4.13447403936909,1.2281982648396552,103995.90342830804,1.2242616977206453,104311.7267655036,False,False,1.2236431787075372,104021.10981243246,325.6552025794133,0.0011360578124752774,316.7716968857858
254.5,0.005,0.0015624401957657,0.55,1.2287711914736943,103995.88880023676,4.0,4.134462714933026,1.2287711914736943,103995.88880023676,1.2284621589478313,104036.1964452329,False,False,1.2246025093492838,104024.50534600017,325.55330365588634,0.004245924742740215,18.20036833982158
255.0,0.005,0.0015627283248282,0.55,1.2293440700862228,103995.87417558423,4.0,4.134451393052694,1.2293440700862228,103995.87417558423,1.228503526507878,104364.76575729655,False,False,1.2259165617232908,104051.95612382406,325.4850345088802,0.003328076595647378,343.7966954979347
255.5,0.005,0.0015630163767655,0.55,1.2299169006900952,103995.85955441729,4.0,4.134440073787404,1.2299169006900952,103995.85955441729,1.2289789814103336,104369.40756600288,False,False,1.227133480668277,104073.55772136833,325.4097949467612,0.002489866152713738,324.3684185106249
256.0,0.005,0.0015633043516306,0.55,1.2304896832981569,103995.84493679428,4.0,4.13442875718891,1.2304896832981569,103995.84493679428,1.2192715870258874,103966.00129999463,False,False,1.2268569031780325,104046.1359840186,325.3565038133129,-0.008434127683712767,-97.98757115515764
256.5,0.005,0.0015635922494761,0.55,1.231062417923244,103995.83032276592,4.0,4.134417443302419,1.231062417923244,103995.83032276592,1.2303996790695877,104427.592089144,False,False,1.2281991874276328,104074.0616426778,325.2863039326147,0.002970242705439441,387.6640268929186
257.0,0.005,0.0015638800703543,0.55,1.2316351045781848,103995.81571237644,4.0,4.134406132167217,1.2316351045781848,103995.81571237644,1.2312483707828337,104045.23582277048,False,False,1.2289564209665849,104065.88576439438,325.17189139987886,0.002477043734953721,-19.188332447127323
257.5,0.005,0.0015641678143165,0.55,1.2322077432757987,103995.80110566426,4.0,4.134394823817534,1.2322077432757987,103995.80110566426,1.2451133636538303,104021.86907175486,False,False,1.2308066631145609,104073.18808839418,324.97757435065046,0.0155847843501693,-35.374620141345076
258.0,0.005,0.0015644554814142,0.55,1.2327803340288963,103995.78650266276,4.0,4.134383518283137,1.2327803340288963,103995.78650266276,1.2514476685724198,103719.34440152852,False,False,1.2326245545085448,104060.53309865756,324.7247460706066,0.02006907555529036,-344.29580221913056
258.5,0.005,0.0015647430716981,0.55,1.23335287685028,103995.7719034009,4.0,4.134372215589887,1.23335287685028,103995.7719034009,1.231982986581102,103909.13790166474,False,False,1.2329016682975933,104039.71199286447,324.627262922015,-0.0012134726829109432,-143.38675705587957
259.0,0.005,0.0015650305852188,0.55,1.2339253717527434,103995.75730790368,4.0,4.134360915760234,1.2339253717527434,103995.75730790368,1.2262623122409846,104229.03213165676,False,False,1.2331210928477205,104041.00014816516,324.60553973980484,-0.007211446802242394,194.76960415222857
259.5,0.005,0.0015653180220265,0.55,1.2344978187490725,103995.7427161928,4.0,4.134349618813527,1.2344978187490725,103995.7427161928,1.233847997451453,103601.94864327188,False,False,1.2331275082766515,104001.31420277666,324.48096813816255,0.00015484519491537618,-433.4421973665594
260.0,0.005,0.0015656053821713,0.55,1.2350702178520436,103995.72812828684,4.0,4.134338324766596,1.2350702178520436,103995.72812828684,,104190.61533108444,True,False,1.2339768310232555,104015.93706263514,324.4269739198291,,190.0032137416856
260.5,0.005,0.0015658926657029,0.55,1.2356425690744264,103995.7135442019,4.0,4.134327033633871,1.2356425690744264,103995.7135442019,1.2282182309169638,104100.29832958274,False,False,1.2340940873778987,104012.29917233335,324.40187477392317,-0.0063308397532477745,86.87915487754799
261.0,0.005,0.0015661798726708,0.55,1.2362148724289812,103995.69896395173,4.0,4.134315745427797,1.2362148724289812,103995.69896395173,1.2356283709097595,104078.96738882674,False,False,1.2348480843580731,104016.88079685201,324.32772717086385,0.0009620171299258296,68.73600599056226
261.5,0.005,0.0015664670031244,0.55,1.2367871279284604,103995.684387548,4.0,4.134304460159044,1.2367871279284604,103995.684387548,1.226354083616937,103333.73672892082,False,False,1.233684184807063,103949.33697276853,324.25354993827,-0.009066157844907607,-680.5057685462671
262.0,0.005,0.001566754057113,0.55,1.237359335585608,103995.66981500076,4.0,4.134293177836724,1.237359335585608,103995.66981500076,1.2434204030971585,103964.69693911038,False,False,1.2350796690247425,103966.9840394723,324.14499780594144,0.009163283365978936,9.580237842179486
262.5,0.005,0.0015670410346855,0.55,1.2379314954131604,103995.6552463184,4.0,4.134281898468566,1.2379314954131604,103995.6552463184,1.2368923399213196,104190.13324862569,False,False,1.236055214098095,103989.31381053453,324.1002244288368,0.0012400310993143648,219.5805393695773
263.0,0.005,0.0015673279358908,0.55,1.2385036074238451,103995.640681508,4.0,4.134270622061128,1.2385036074238451,103995.640681508,1.2410036904924446,103766.75419443256,False,False,1.2367114180998169,103977.7801931972,323.9873400054,0.004376143272692756,-223.34014123407542
263.5,0.005,0.0015676147607778,0.55,1.239075671630382,103995.62612057544,4.0,4.134259348619917,1.239075671630382,103995.62612057544,1.237246271270675,104022.71813030475,False,False,1.2373374067383345,103983.31241789272,323.9311788177548,-3.754094502261829e-05,42.72124873912253
264.0,0.005,0.0015679015093949,0.55,1.239647688045483,103995.61156352556,4.0,4.134248078149488,1.239647688045483,103995.61156352556,1.2323751435729589,103282.1895828051,False,False,1.2364966605914995,103922.95862429428,323.8416863116227,-0.005534549104479591,-702.6477274694189
264.5,0.005,0.0015681881817908,0.55,1.240219656681851,103995.59701036238,4.0,4.134236810653648,1.240219656681851,103995.59701036238,1.2307400610843626,104197.01492124892,False,False,1.2368741780823054,103945.29036700698,323.8670268671175,-0.0063295639440630325,264.9612009124394
265.0,0.005,0.0015684747780139,0.55,1.240791577552182,103995.582461089,4.0,4.134225546135486,1.240791577552182,103995.582461089,1.2384188175089366,103796.85261818628,False,False,1.237325635311102,103940.59748469657,323.7994919579383,0.0009719318301917301,-154.72210694562818
265.5,0.005,0.0015687612981124,0.55,1.241363450669163,103995.56791570788,4.0,4.1342142845974585,1.241363450669163,103995.56791570788,1.2358758472948852,104256.97499997789,False,False,1.2381343917129137,103969.33423453226,323.7941971435904,-0.002022504966743721,309.5037871943641
266.0,0.005,0.0015690477421346,0.55,1.2419352760454745,103995.55337422086,4.0,4.134203026041461,1.2419352760454745,103995.55337422086,1.24427428937757,103442.7174914412,False,False,1.2384819069431088,103937.63677687115,323.6547515962214,0.0055675379574848805,-529.8856730484113
266.5,0.005,0.0015693341101287,0.55,1.242507053693786,103995.53883662925,4.0,4.134191770468991,1.242507053693786,103995.53883662925,1.2424627366618095,104203.21905312692,False,False,1.2396888028701,103969.22184420402,323.6116120550866,0.0034081800732297385,258.3368166728178
267.0,0.005,0.0015696204021426,0.55,1.2430787836267625,103995.52430293385,4.0,4.134180517881033,1.2430787836267625,103995.52430293385,1.229455716147535,103924.44251663816,False,False,1.2392726563523477,103955.82827686435,323.6187052586141,-0.010805317176822316,-48.05925261120137
267.5,0.005,0.0015699066182245,0.55,1.2436504658570582,103995.5097731352,4.0,4.134169268278285,1.2436504658570582,103995.5097731352,1.2443216788513416,104237.79091243588,False,False,1.240595149296637,103987.8958113436,323.5634593564967,0.004476622395162,277.00374802319857
268.0,0.005,0.0015701927584221,0.55,1.244222100397321,103995.49524723318,4.0,4.134158021661144,1.244222100397321,103995.49524723318,1.2307934962259135,103717.78231109957,False,False,1.2399210230782156,103955.11621908627,323.5404860999829,-0.010373619851929528,-271.05784528978984
268.5,0.005,0.0015704788227833,0.55,1.2447936872601906,103995.48072522772,4.0,4.134146778029579,1.2447936872601906,103995.48072522772,1.2386289110049975,103809.94361780476,False,False,1.2401348541058728,103946.13012621852,323.4874551801848,-0.0018644649403556368,-150.219961779585
269.0,0.005,0.0015707648113558,0.55,1.245365226458298,103995.46620711828,4.0,4.134135537383533,1.245365226458298,103995.46620711828,1.2424216903661194,104668.20161056504,False,False,1.2418036731237982,104010.61628510013,323.49241466993914,0.0017144109090652115,715.8956014728174
269.5,0.005,0.0015710507241874,0.55,1.2459367180042666,103995.451692904,4.0,4.134124299722605,1.2459367180042666,103995.451692904,1.2251839852251536,103746.46604777285,False,False,1.2405609111239932,103967.49030369968,323.50398054076646,-0.01719132537855783,-262.2614294759114
270.0,0.005,0.0015713365613258,0.55,1.2465081619107123,103995.43718258398,4.0,4.134113065046186,1.2465081619107123,103995.43718258398,1.247423236389312,103783.6290203616,False,False,1.2414199721145416,103963.76595193849,323.39168313098656,0.006290150525344318,-187.3563038114953
270.5,0.005,0.0015716223228183,0.55,1.2470795581902423,103995.42267615708,4.0,4.134101833353583,1.2470795581902423,103995.42267615708,1.2485893916873858,103912.44806500756,False,False,1.2424804800114104,103971.26983038659,323.29069123837627,0.006597279407930534,-55.2780106060527
271.0,0.005,0.0015719080087127,0.55,1.247650906855457,103995.40817362197,4.0,4.134090604643938,1.247650906855457,103995.40817362197,1.2460706649212103,103688.64055587586,False,False,1.242929430639966,103955.40557648595,323.18873576288723,0.0030182090346686508,-285.6471712433704
271.5,0.005,0.0015721936190562,0.55,1.2482222079189478,103995.39367497712,4.0,4.134079378916253,1.2482222079189478,103995.39367497712,1.243979035194232,104352.53071088222,False,False,1.244063595134456,103991.85592230613,323.16906146163393,0.0004775068738396282,392.1181327808008
272.0,0.005,0.0015724791538964,0.55,1.2487934613932985,103995.3791802211,4.0,4.134068156169367,1.2487934613932985,103995.3791802211,1.2450574247922168,104512.88317448238,False,False,1.245364462270677,104033.86534834438,323.14700649795896,0.00042219302067492137,520.587165084391
272.5,0.005,0.0015727646132805,0.55,1.2493646672910848,103995.3646893521,4.0,4.134056936402192,1.2493646672910848,103995.3646893521,1.2395992726049745,103784.1328693771,False,False,1.2450697596933995,104002.10198215564,323.0829051217355,-0.006336296474248826,-244.94303160150594
273.0,0.005,0.0015730499972558,0.55,1.2499358256248754,103995.35020236835,4.0,4.134045719613353,1.2499358256248754,103995.35020236835,1.2472388219275872,103477.5405486644,False,False,1.2450787557056395,103961.78710363364,322.9566122127674,0.0015976125238374994,-523.7203436999116
273.5,0.005,0.0015733353058696,0.55,1.2505069364072303,103995.33571926809,4.0,4.134034505801513,1.2505069364072303,103995.33571926809,1.244980818372082,104346.92891016533,False,False,1.246100900705129,103995.25250593305,322.9407086770414,-0.000669790834335382,380.93954444583505
274.0,0.005,0.0015736205391689,0.55,1.2510779996507024,103995.3212400493,4.0,4.134023294965299,1.2510779996507024,103995.3212400493,1.2519948535775764,104327.83839358682,False,False,1.2475681632871385,104027.93594434237,322.8700867520908,0.005322520695395516,332.57605259101547
274.5,0.005,0.0015739056972011,0.55,1.2516490153678357,103995.30676470998,4.0,4.134012087103225,1.2516490153678357,103995.30676470998,1.239607654472387,104241.80452236356,False,False,1.2477050315439555,104030.87755249592,322.8631609917775,-0.008531491020330906,217.93312276467623
275.0,0.005,0.001574190780013,0.55,1.252219983571167,103995.29229324816,4.0,4.134000882213728,1.252219983571167,103995.29229324816,1.2545758826612785,104342.24572367284,False,False,1.2492331073755452,104059.06198136281,322.7713298832041,0.006299909774080126,315.7984491406969
275.5,0.005,0.0015744757876517,0.55,1.252790904273225,103995.27782566164,4.0,4.133989680295322,1.252790904273225,103995.27782566164,1.2542230932080016,103735.02024591452,False,False,1.2497562410791303,104031.33649397695,322.62396326011515,0.004419453736818957,-316.1141149248433
276.0,0.005,0.0015747607201642,0.55,1.253361777486531,103995.26336194835,4.0,4.133978481346332,1.253361777486531,103995.26336194835,1.251946149164744,103944.7144393468,False,False,1.2503547505481707,104022.26257896202,322.52561959211164,0.0016191424434643942,-82.12501194818469
276.5,0.005,0.0015750455775974,0.55,1.2539326032235982,103995.24890210616,4.0,4.13396728536518,1.2539326032235982,103995.24890210616,1.2495405549927354,103580.016020804,False,False,1.2502213615357176,103982.37003549286,322.4175711531229,-0.0013850020361709792,-438.8744885043707
277.0,0.005,0.0015753303599981,0.55,1.254503381496932,103995.23444613274,4.0,4.133956092350213,1.254503381496932,103995.23444613274,1.2600267804216332,103569.785597257,False,False,1.2510241103191717,103962.2330727877,322.2610267558548,0.009234201942579734,-414.1937777598214
277.5,0.005,0.0015756150674132,0.55,1.2550741123190297,103995.21999402596,4.0,4.133944902299687,1.2550741123190297,103995.21999402596,1.238428095251091,104289.55038620684,False,False,1.250908071587583,103976.15099155327,322.31777435455604,-0.013167366719714746,323.1808971274586
278.0,0.005,0.0015758996998894,0.55,1.2556447957023815,103995.20554578357,4.0,4.1339337152119695,1.2556447957023815,103995.20554578357,1.2602493290838328,103793.63156705064,False,False,1.2519775775725432,103974.4325413818,322.1870549482291,0.008770035614899419,-184.9070320884639
278.5,0.005,0.0015761842574734,0.55,1.2562154316594694,103995.19110140324,4.0,4.133922531085316,1.2562154316594694,103995.19110140324,1.258645806321373,104679.06257960926,False,False,1.2540026987503563,104039.93655345486,322.15245181091893,0.006097078984382387,702.0290968909248
279.0,0.005,0.0015764687402118,0.55,1.2567860202027674,103995.17666088272,4.0,4.1339113499179945,1.2567860202027674,103995.17666088272,1.2596197831281135,104017.4306938775,False,False,1.2549789695710556,104039.08041216449,322.0352685055474,0.005046758490856673,-16.91983661366976
279.5,0.005,0.0015767531481514,0.55,1.2573565613447422,103995.16222421972,4.0,4.133900171708247,1.2573565613447422,103995.16222421972,1.2611896872690689,103803.03477964962,False,False,1.2557197296504827,104022.04764600973,321.8956575914519,0.005640464529484968,-230.56088523814105
280.0,0.005,0.0015770374813386,0.55,1.2579270550978523,103995.14779141187,4.0,4.133888996454344,1.2579270550978523,103995.14779141187,1.2513906110319235,104234.5133525238,False,False,1.2561627516701415,104029.95215639581,321.86814898291874,-0.004899480165210024,215.83452924364246
280.5,0.005,0.00157732173982,0.55,1.258497501474549,103995.13336245692,4.0,4.133877824154468,1.258497501474549,103995.13336245692,1.2559029008915346,104535.51206973674,False,False,1.2573446192022264,104065.1938272925,321.8384995987796,-0.0008300965340553024,509.91538964706706
281.0,0.005,0.001577605923642,0.55,1.2590679004872751,103995.11893735248,4.0,4.133866654806891,1.2590679004872751,103995.11893735248,1.2654384837994388,104140.95822518005,False,False,1.2586662803071236,104072.27502833224,321.70529771355325,0.007524068565726516,84.5002347521804
281.5,0.005,0.0015778900328511,0.55,1.2596382521484668,103995.10451609622,4.0,4.133855488409808,1.2596382521484668,103995.10451609622,1.263944644589298,103629.96096485812,False,False,1.2590554565864276,104033.75818959181,321.5405812190681,0.004708748554853148,-432.69379128750006
282.0,0.005,0.0015781740674936,0.55,1.2602085564705512,103995.0900986858,4.0,4.133844324961432,1.2602085564705512,103995.0900986858,1.2622756841249776,104106.3909392513,False,False,1.259954081768174,104038.29600353887,321.4491839490895,0.002650260372558888,77.47608430677792
282.5,0.005,0.0015784580276158,0.55,1.2607788134659486,103995.07568511882,4.0,4.13383316445996,1.2607788134659486,103995.07568511882,1.2456356110147522,104407.75510343885,False,False,1.2597625630801488,104044.87368096613,321.49197661344607,-0.014888317992743039,374.87189575370576
283.0,0.005,0.001578741913264,0.55,1.2613490231470712,103995.06127539302,4.0,4.133822006903593,1.2613490231470712,103995.06127539302,1.2667278942959033,103847.08899068512,False,False,1.260618517913325,104031.05503096599,321.34886830245074,0.0063955336087540005,-191.55473769413948
283.5,0.005,0.0015790257244844,0.55,1.261919185526324,103995.04686950592,4.0,4.133810852290573,1.261919185526324,103995.04686950592,1.273613895446255,103762.95428228252,False,False,1.2618898149606255,104020.46483680171,321.16703852933705,0.012425513345387218,-263.5866111700452
284.0,0.005,0.0015793094613232,0.55,1.262489300616103,103995.0324674552,4.0,4.133799700619011,1.262489300616103,103995.0324674552,1.2725860155465318,104299.96684086409,False,False,1.2636973017249176,104052.05292434244,321.0524941115211,0.01012633650317385,282.70015635529126
284.5,0.005,0.0015795931238265,0.55,1.263059368428799,103995.01806923856,4.0,4.133788551887161,1.263059368428799,103995.01806923856,1.26539814891649,104037.00839138914,False,False,1.264352109055203,104045.64135811516,320.9558869188942,0.0011314477345272245,-7.900079287588596
285.0,0.005,0.0015798767120405,0.55,1.2636293889767922,103995.00367485356,4.0,4.133777406093209,1.2636293889767922,103995.00367485356,1.2480526029407504,103664.24104404871,False,False,1.2629877503149636,103988.97035187866,320.94105464265016,-0.016868915037660193,-375.04983299129526
285.5,0.005,0.0015801602260111,0.55,1.264199362272457,103994.98928429784,4.0,4.133766263235346,1.264199362272457,103994.98928429784,1.2736248104147372,103881.0653038234,False,False,1.2642667028780965,103993.16474802252,320.804024244778,0.010066973277596647,-108.65094985191536
286.0,0.005,0.0015804436657843,0.55,1.2647692883281596,103994.97489756905,4.0,4.133755123311757,1.2647692883281596,103994.97489756905,1.263296741960962,103768.27615027926,False,False,1.2644050172504964,103973.5797277353,320.7273909689585,-0.0015398995639634983,-225.10332077732892
286.5,0.005,0.0015807270314061,0.55,1.2653391671562586,103994.9605146648,4.0,4.133743986320621,1.2653391671562586,103994.9605146648,1.240013970675589,104083.84111412591,False,False,1.263000780288482,103954.8338176131,320.83417170290426,-0.024961169037400532,107.58040603135305
287.0,0.005,0.0015810103229223,0.55,1.2659089987691048,103994.94613558274,4.0,4.133732852260133,1.2659089987691048,103994.94613558274,1.2696810728001768,104027.8514896308,False,False,1.2641803837079442,103972.62236647139,320.7507741018748,0.006109866044323065,67.96529343255679
287.5,0.005,0.0015812935403788,0.55,1.2664787831790416,103994.93176032048,4.0,4.133721721128494,1.2664787831790416,103994.93176032048,1.2515570653482462,104340.06587323856,False,False,1.2641175397287805,103988.55134996794,320.8072833181121,-0.013193469061277163,364.6412357202207
288.0,0.005,0.0015815766838214,0.55,1.2670485203984048,103994.91738887566,4.0,4.13371059292388,1.2670485203984048,103994.91738887566,1.254084114596454,104207.81690147004,False,False,1.264079332285175,103993.97121764923,320.8284841518528,-0.010603422177927868,218.47020027939288
288.5,0.005,0.0015818597532959,0.55,1.2676182104395222,103994.90302124592,4.0,4.133699467644479,1.2676182104395222,103994.90302124592,1.2612686215157836,103525.84282303712,False,False,1.2637368577673578,103952.79129508266,320.7415857509963,-0.0033806569523433527,-468.2423285671248
289.0,0.005,0.0015821427488479,0.55,1.2681878533147142,103994.88865742888,4.0,4.133688345288499,1.2681878533147142,103994.88865742888,1.280913765093543,104116.98581686546,False,False,1.2659288117524912,103990.67161549353,320.60143182105736,0.01660652175837196,158.8844852510374
289.5,0.005,0.0015824256705231,0.55,1.2687574490362936,103994.87429742218,4.0,4.133677225854096,1.2687574490362936,103994.87429742218,1.2650489954945097,104263.9539933242,False,False,1.2667400215867335,104011.159750225,320.5694539184344,-0.0014496416141789314,272.7591047794558
290.0,0.005,0.0015827085183671,0.55,1.2693269976165658,103994.85994122346,4.0,4.133666109339501,1.2693269976165658,103994.85994122346,1.2720369134939329,104131.62372133332,False,False,1.2678746847980256,104024.56464519133,320.47767298005414,0.004727337982594504,122.517265692004
290.5,0.005,0.0015829912924254,0.55,1.269896499067828,103994.84558883036,4.0,4.13365499574289,1.269896499067828,103994.84558883036,1.2873761787053504,,False,True,1.270084044202586,104045.62790567697,320.28335460217886,0.018932167513595832,
291.0,0.005,0.0015832739927437,0.55,1.2704659534023708,103994.83124024051,4.0,4.133643885062474,1.2704659534023708,103994.83124024051,1.2864062510289287,103829.95814243949,False,False,1.2717128758396778,104041.69357015504,320.08015051038285,0.015753272876956714,-209.28951323484944
291.5,0.005,0.0015835566193673,0.55,1.2710353606324762,103994.8168954516,4.0,4.133632777296417,1.2710353606324762,103994.8168954516,1.2700018264742026,103709.56734726582,False,False,1.271632240019998,104005.94679182547,319.9796338326303,-0.0022798875168374977,-326.2283288456092
292.0,0.005,0.0015838391723417,0.55,1.2716047207704193,103994.80255446116,4.0,4.1336216724429615,1.2716047207704193,103994.80255446116,1.269189510549814,104273.82356203393,False,False,1.2723136041612544,104022.79239162459,319.9515376892056,-0.0030119294329113977,269.29401826237154
292.5,0.005,0.0015841216517123,0.55,1.2721740338284673,103994.78821726696,4.0,4.133610570500263,1.2721740338284673,103994.78821726696,1.2595653274875718,103675.14881582125,False,False,1.2712775354329573,103975.06547534709,319.9262128458872,-0.013317252778744404,-344.10830527076905
293.0,0.005,0.0015844040575243,0.55,1.27274329981888,103994.7738838665,4.0,4.133599471466542,1.27274329981888,103994.7738838665,1.265798719077064,103346.91262403318,False,False,1.270479106545587,103919.47950340225,319.84873843228746,-0.0060483529419745885,-630.6309038465115
293.5,0.005,0.0015846863898231,0.55,1.2733125187539094,103994.75955425756,4.0,4.133588375339951,1.2733125187539094,103994.75955425756,1.277566102230037,104302.34953765466,False,False,1.2721056701628373,103966.75067617332,319.8035425875713,0.0065168387872294176,373.3255486202397
294.0,0.005,0.001584968648654,0.55,1.2738816906458004,103994.74522843778,4.0,4.133577282118767,1.2738816906458004,103994.74522843778,1.277838998263897,103777.48975073716,False,False,1.2728557458191623,103961.1177328721,319.69828551624494,0.00516377748527197,-192.7897556471289
294.5,0.005,0.001585250834062,0.55,1.27445081550679,103994.7309064048,4.0,4.13356619180119,1.27445081550679,103994.7309064048,1.2755531978185295,103902.9110461019,False,False,1.2735225535507038,103962.94260322204,319.62572724567093,0.002127907570952825,-62.4483756221307
295.0,0.005,0.0015855329460924,0.55,1.275019893349108,103994.7165881562,4.0,4.133555104385417,1.275019893349108,103994.7165881562,1.284967909924747,103575.32278368708,False,False,1.2744922567829966,103948.81650809925,319.46863455962983,0.01087588544931406,-391.6289002806443
295.5,0.005,0.0015858149847902,0.55,1.2755889241849765,103994.70227368968,4.0,4.13354401986959,1.2755889241849765,103994.70227368968,1.2678652440546443,103597.04399758816,False,False,1.2739721187004605,103917.4717726241,319.4332512249645,-0.007196543770171537,-357.57496216954314
296.0,0.005,0.0015860969502005,0.55,1.2761579080266094,103994.68796300294,4.0,4.133532938251977,1.2761579080266094,103994.68796300294,1.2755971428247748,103647.71131041026,False,False,1.2742586025652065,103906.31385179595,319.36538645736016,0.0010551376680723035,-279.5630106110184
296.5,0.005,0.0015863788423683,0.55,1.2767268448862148,103994.67365609364,4.0,4.133521859530785,1.2767268448862148,103994.67365609364,1.2840392747711629,,False,True,1.2756271364805398,103929.55342146916,319.2764332667188,0.009210698330742062,
297.0,0.005,0.0015866606613387,0.55,1.2772957347759917,103994.65935295937,4.0,4.133510783704248,1.2772957347759917,103994.65935295937,1.283137193838271,104105.65907580616,False,False,1.2770315337186167,103960.66423513531,319.2073728567104,0.006940428750483507,167.8477853876975
297.5,0.005,0.0015869424071564,0.55,1.2778645777081323,103994.64505359788,4.0,4.133499710770517,1.2778645777081323,103994.64505359788,1.2885740354654565,103305.30168887063,False,False,1.2776285758967076,103924.4261746152,319.02613973881176,0.010973299193893338,-659.6551383767801
298.0,0.005,0.0015872240798663,0.55,1.2784333736948212,103994.63075800677,4.0,4.133488640727871,1.2784333736948212,103994.63075800677,1.2824035777624718,104220.28271039216,False,False,1.2789503621137124,103961.79887097116,318.9859143897302,0.0042054883608173554,286.9430591418786
298.5,0.005,0.0015875056795134,0.55,1.2790021227482358,103994.61646618374,4.0,4.133477573574496,1.2790021227482358,103994.61646618374,1.2759080971922674,103640.01701734716,False,False,1.278768334623854,103935.24913105299,318.9257852915789,-0.0036112971830357665,-325.92712821412715
299.0,0.005,0.0015877872061423,0.55,1.2795708248805453,103994.60217812646,4.0,4.133466509308613,1.2795708248805453,103994.60217812646,1.2831927474831692,103674.70865074024,False,False,1.2793047204545915,103925.95727456146,318.83441489408364,0.0038551015951751033,-268.06977839095634
299.5,0.005,0.0015880686597978,0.55,1.2801394801039123,103994.58789383262,4.0,4.133455447928443,1.2801394801039123,103994.58789383262,1.2701135281400713,104197.94451025513,False,False,1.279396304379795,103943.91787465374,318.8787817691087,-0.009760551513064986,263.269627510439
300.0,0.005,0.0015883500405246,0.55,1.2807080884304916,103994.57361329989,4.0,4.133444389432229,1.2807080884304916,103994.57361329989,1.2643134951150603,103972.18343354556,False,False,1.2786622855062515,103933.19962151453,318.9319249737283,-0.015651982270281417,21.843468103004852
300.5,0.005,0.0015886313483673,0.55,1.2812766498724304,104239.20357367083,5.5,4.133433333818169,1.2812766498724304,104239.20357367083,1.2870833676814022,103778.27343779863,False,False,1.2793515469378882,104162.41534303628,319.5543445208137,0.007851741730882988,-407.17778832154
301.0,0.005,0.0016034014621045,0.55,1.2818427496287463,104453.62371286216,5.5,4.318669108821992,1.2818427496287463,104453.62371286216,1.2812913463005362,105007.00151903246,False,False,1.28087627595713,104437.82211878888,320.2196894664512,0.001372785780405561,620.9616242546472
301.5,0.005,0.0016162696282439,0.55,1.2824067046907055,104642.58737121736,5.5,4.4747281216089325,1.2824067046907055,104642.58737121736,1.2854908009548758,104384.40088973512,False,False,1.2814503438859581,104613.55439052432,320.69078772991435,0.004050337245569358,-244.16884171745915
302.0,0.005,0.001627557226851,0.55,1.2829687784862305,104809.82678442758,5.5,4.607880117341491,1.2829687784862305,104809.82678442758,1.2659919348478164,104884.02157001184,False,False,1.2807924684499536,104772.48875745412,321.2557213681499,-0.016020841314394074,99.98228095597005
302.5,0.005,0.0016375125453737,0.55,1.2835291930620014,104958.34642420146,5.5,4.722593717475233,1.2835291930620014,104958.34642420146,1.279878052814747,105018.31352878382,False,False,1.2813577798376194,104931.04013833347,321.6749863847427,-0.0014753645808398552,93.27353276831855
303.0,0.005,0.0016463323853087,0.55,1.28408813766445,105090.6115622039,5.5,4.82217970578548,1.28408813766445,105090.6115622039,1.2780895665271348,105514.00971076288,False,False,1.2822180484031105,105099.48469341638,322.0894153933507,-0.0038275928510604906,447.83725247118855
303.5,0.005,0.0016541758901113,0.55,1.284645775016098,105208.6757090552,5.5,4.90916632414354,1.284645775016098,105208.6757090552,1.2760036538687314,105071.97505842143,False,False,1.282001482671317,105195.53088482731,322.4094490181069,-0.0067720959039325734,-144.55353246493905
304.0,0.005,0.0016611738296059,0.55,1.285202246044497,105314.27022824773,5.5,4.985531520104278,1.285202246044497,105314.27022824773,1.2626520959798724,105616.69713356248,False,False,1.281323527710827,105304.50413294662,322.82393907751975,-0.01990619171709751,314.28635616581596
304.5,0.005,0.001667435075565,0.55,1.2857576735319027,105408.8694154915,5.5,5.052853595819431,1.2857576735319027,105408.8694154915,1.2824089387105322,105186.30255879606,False,False,1.2816219564730231,105381.94175923875,323.0258712667111,0.0005295853508735515,-213.6887923436443
305.0,0.005,0.0016730512604803,0.55,1.2863121649884894,105493.73903951002,5.5,5.112412762986337,1.2863121649884894,105493.73903951002,1.2952852078701511,105830.37769706069,False,False,1.2837899059782925,105518.05208309575,323.1851374597211,0.013108181007086328,360.92408249361324
305.5,0.005,0.0016781002169023,0.55,1.286865814952339,105569.97337036162,5.5,5.165261837783652,1.286865814952339,105569.97337036162,1.2906757921709764,105341.07798148708,False,False,1.284518020866762,105577.55242452999,323.2806948480792,0.0063322670332730535,-250.68555205049051
306.0,0.005,0.0016826485726421,0.55,1.2874187068568987,105638.52397260524,5.5,5.212276812518152,1.2874187068568987,105638.52397260524,1.2814092407602409,105529.86124302087,False,False,1.2845994849779203,105630.25185301852,323.43235839051425,-0.0036617843751787227,-115.42880306893494
306.5,0.005,0.0016867537461179,0.55,1.287970914565879,105700.2224680867,5.5,5.254193889139754,1.287970914565879,105700.2224680867,1.287822154849376,106269.0124324564,False,False,1.2861988179757524,105748.03253513917,323.60228495301516,0.0026701651610179233,576.2930234504747
307.0,0.005,0.0016904655057125,0.55,1.2885225036482604,105755.79879203298,5.5,5.291637156471977,1.2885225036482604,105755.79879203298,1.2960905044506406,105850.89020846848,False,False,1.287605722617649,105815.62773251267,323.64126374107894,0.009340405097499671,52.03205032325059
307.5,0.005,0.0016938272059586,0.55,1.2890735324472673,105805.89602043088,5.5,5.32513964784127,1.2890735324472673,105805.89602043088,1.2614693538207251,105838.82371224168,False,False,1.28589691476621,105823.4534518301,323.8691080222814,-0.026686912617370107,-21.018642122115125
308.0,0.005,0.0016968767799989,0.55,1.2896240529839342,105851.08254723846,5.5,5.35515961767318,1.2896240529839342,105851.08254723846,1.2883786875158678,106523.69732974208,False,False,1.287551978032953,105929.30531206969,323.99537075497676,0.001931169279938194,656.8161627272348
308.5,0.005,0.0016996475453928,0.55,1.2901741117263688,105891.86218411,5.5,5.382093301153943,1.2901741117263688,105891.86218411,1.295606113198183,106000.26918632006,False,False,1.2887816683444526,105975.6739812594,323.9902461295056,0.00750464079977653,37.7934478627285
309.0,0.005,0.0017021688649996,0.55,1.2907237502488689,105928.68261083968,5.5,5.406285044122634,1.2907237502488689,105928.68261083968,1.297545036501211,105683.84141852111,False,False,1.2895525885516639,105985.54442440595,323.92828873294343,0.008214397137752183,-320.5468605819915
309.5,0.005,0.0017044666939384,0.55,1.2912730057998791,105961.94250145416,5.5,5.428035437372718,1.2912730057998791,105961.94250145416,1.3082803078699794,106182.3309009425,False,False,1.2918587663367587,106052.5474943099,323.857285306828,0.018178898766070928,169.01470970828086
310.0,0.005,0.0017065640359809,0.55,1.2918219117938825,105991.99757583089,5.5,5.447607916260728,1.2918219117938825,105991.99757583089,1.303172368584847,105637.49330072846,False,False,1.2926713266947962,106047.48837259969,323.7446693865084,0.010765576461559068,-436.4257309087843
310.5,0.005,0.0017084813272072,0.55,1.2923704982393478,106019.16577134958,5.5,5.465234165643562,1.2923704982393478,106019.16577134958,1.2954961265868103,106357.66073297276,False,False,1.2938255057906423,106099.0735365193,323.7640651278396,0.002276789902293963,288.3137820284319
311.0,0.005,0.0017102367606933,0.55,1.2929187921125656,106043.73168767896,5.5,5.48111858443487,1.2929187921125656,106043.73168767896,1.29593855217372,106405.52501562504,False,False,1.294922174156447,106145.00599947757,323.7729680958522,0.0015655991554399673,289.50268620629504
311.5,0.005,0.0017118465629807,0.55,1.293466817685402,106065.95042644412,5.5,5.495442002345708,1.293466817685402,106065.95042644412,1.301336271165348,105894.06267288176,False,False,1.2955744146934158,106140.66984441293,323.6816775568424,0.005867155217810671,-263.5392322488042
312.0,0.005,0.0017133252308063,0.55,1.294014596813601,106086.05092350412,5.5,5.508364796311367,1.294014596813601,106086.05092350412,1.2886213268661777,105897.68036871895,False,False,1.2951277273641044,106119.99778674946,323.67208877972536,-0.007500019509417255,-255.9969347610895
312.5,0.005,0.0017146857348374,0.55,1.294562149191128,106104.23885297772,5.5,5.520029520793019,1.294562149191128,106104.23885297772,1.2941602686416962,106157.190131683,False,False,1.2955813733992838,106135.06503759946,323.66375258204806,-0.0015146141732302887,22.226599107758375
313.0,0.005,0.0017159396958258,0.55,1.2951094925751572,106120.69916762057,5.5,5.530563141223272,1.2951094925751572,106120.69916762057,1.3041718826059423,106124.94571315424,False,False,1.2967614031705903,106156.88020295347,323.58902440569335,0.008043526664402112,-23.657637835625792
313.5,0.005,0.0017170975375645,0.55,1.2956566429855632,106135.5983286912,5.5,5.540078941023451,1.2956566429855632,106135.5983286912,1.315231095134514,105842.29204363129,False,False,1.2983219828271872,106161.21833603556,323.4154323897386,0.017922999553062535,-326.06352019937185
314.0,0.005,0.0017181686202144,0.55,1.296203614882194,106149.08626932056,5.5,5.548678158230449,1.296203614882194,106149.08626932056,1.2946109418248766,106319.51262921622,False,False,1.2987289789654028,106180.52555801041,323.42552098276656,-0.004257574507456452,147.22737461228098
314.5,0.005,0.0017191613569348,0.55,1.296750421322705,106161.29812808277,5.5,5.556451396678608,1.296750421322705,106161.29812808277,1.2962664144294065,105548.7354192036,False,False,1.2980959962360175,106125.74808743347,323.3344174658907,-0.003008890272050646,-641.0329910087312
315.0,0.005,0.001720083316237,0.55,1.2972970741033325,106172.3557835521,5.5,5.563479848056395,1.2972970741033325,106172.3557835521,1.299281876041209,106042.497946075,False,False,1.298554376643324,106131.86102127195,323.2981846748866,0.0006390040860844159,-97.67743441576022
315.5,0.005,0.0017209413120765,0.55,1.297843583884653,106182.36921582062,5.5,5.569836354394398,1.297843583884653,106182.36921582062,1.3112756208247336,106061.18692636356,False,False,1.299987740226258,106153.6657915601,323.1930317729922,0.012174459520164715,-84.52231039064645
316.0,0.005,0.0017217414833648,0.55,1.298389960304092,106191.43771700875,5.5,5.575586335198478,1.298389960304092,106191.43771700875,1.2980868272682005,106109.458051552,False,False,1.3002502380578094,106157.00654277354,323.1717808166366,-0.0024473884456517325,-55.991516874870285
316.5,0.005,0.0017224893643183,0.55,1.2989362120767056,106199.65096955244,5.5,5.580788599190623,1.2989362120767056,106199.65096955244,1.313629802441417,106291.81814116516,False,False,1.3020388087713244,106196.80052939743,323.078744956888,0.012833139508857228,123.34384557727026
317.0,0.005,0.0017231899468393,0.55,1.2994823470855656,106207.09000835528,5.5,5.585496057212425,1.2994823470855656,106207.09000835528,1.2898157749112782,105838.68328042953,False,False,1.3009958447739365,106153.47270155344,323.07177341664203,-0.012768958467870073,-365.8244709067949
317.5,0.005,0.0017238477359451,0.55,1.300028372462908,106213.82808064736,5.5,5.5897563500991465,1.300028372462908,106213.82808064736,1.298168009505538,106390.3826056181,False,False,1.3015890304760416,106182.00077149212,323.0875732737654,-0.0033742355849544214,225.1064571759198
318.0,0.005,0.0017244667991131,0.55,1.300574294663056,106219.93141550792,5.5,5.593612403102581,1.300574294663056,106219.93141550792,1.2985926430962005,106165.8852109114,False,False,1.301805109529242,106184.11226075524,323.0681258470011,-0.0035424815191844594,-25.220221948780818
318.5,0.005,0.0017250508102835,0.55,1.3011201195280089,106225.4599134202,5.5,5.597102916621302,1.3011201195280089,106225.4599134202,1.3089851767689709,106030.3950798761,False,False,1.3026647045368476,106186.39885411321,322.97215712276846,0.006634008872231867,-162.6224129987968
319.0,0.005,0.0017256030891594,0.55,1.301665852346482,106230.46776488311,5.5,5.6002628015022005,1.301665852346482,106230.46776488311,1.3121184561162649,105820.41992453444,False,False,1.303404721688407,106171.49398138946,322.83822772000076,0.008907779617223666,-374.6683453366277
319.5,0.005,0.0017261266363575,0.55,1.3022114979070891,106235.00400595854,5.5,5.603123565945331,1.3022114979070891,106235.00400595854,1.2871170543259067,105880.07122443875,False,False,1.302119288567948,106131.29599756825,322.8698314038727,-0.016833719148042547,-301.5220970610826
320.0,0.005,0.0017266241648861,0.55,1.3027570605462748,106239.11301765674,5.5,5.605713660019988,1.3027570605462748,106239.11301765674,1.2936058842881626,106347.21044926552,False,False,1.3022081442348856,106152.35040697131,322.9232466302154,-0.009059921840674168,202.00496939801087
320.5,0.005,0.0017270981283688,0.55,1.303302544191547,106242.8349752218,5.5,5.608058782948261,1.303302544191547,106242.8349752218,1.3066710689793113,105953.68024235916,False,False,1.302773605141459,106149.6036597963,322.84720741555134,0.003916606655734567,-210.5816652616777
321.0,0.005,0.0017275507463763,0.55,1.303847952400484,106246.20625265784,5.5,5.610182157596985,1.303847952400484,106246.20625265784,1.2972610159416258,106265.46586201344,False,False,1.3029684396849788,106163.60735122096,322.86647475245223,-0.006058889280903923,103.68941414702567
321.5,0.005,0.0017279840271856,0.55,1.304393288395953,106249.25978721066,5.5,5.612104776018553,1.304393288395953,106249.25978721066,1.2891690106394766,106567.8546736381,False,False,1.302897049687329,106192.67592200114,322.96342712310553,-0.014345586189514092,393.4016036729736
322.0,0.005,0.0017283997882445,0.55,1.3049385550979122,106252.02540797697,5.5,5.613845619372535,1.3049385550979122,106252.02540797697,1.315323354818147,106561.81819258085,False,False,1.3049506215559634,106250.24636108217,322.89247851698974,0.011880408221574879,361.04575495298195
322.5,0.005,0.0017287996745886,0.55,1.3054837551521474,106254.53013234294,5.5,5.615421855128294,1.3054837551521474,106254.53013234294,1.3104234559936838,106722.6492205718,False,False,1.306586736781791,106303.65791745835,322.858674558907,0.004927619086902091,469.7310315001523
323.0,0.005,0.0017291851754268,0.55,1.306028890956243,106256.79843354008,5.5,5.6168490140820815,1.306028890956243,106256.79843354008,1.3109606659248505,106167.91043648472,False,False,1.3072540507461745,106293.72968645737,322.7485379077714,0.0038293242692759577,-133.40842756666825
323.5,0.005,0.0017295576390882,0.55,1.3065739646830616,106258.85248224504,5.5,5.618141149406665,1.3065739646830616,106258.85248224504,1.3018195075186008,105933.3077606994,False,False,1.3067811299184577,106250.54230151698,322.6740649989956,-0.005979187791378404,-359.0093078402424
324.0,0.005,0.0017299182864992,0.55,1.3071189783019783,106260.71236483514,5.5,5.619310979681429,1.3071189783019783,106260.71236483514,,106566.87001795149,True,False,1.3078234756353992,106283.47932292696,322.6491700305671,,313.68738252650655
324.5,0.005,0.0017302682233427,0.55,1.307663933598088,106262.3962806295,5.5,5.620370017618493,1.307663933598088,106262.3962806295,1.3052643336338168,106355.27743578088,False,False,1.3082042487690584,106285.63574703287,322.6100809486362,-0.003103836617007971,72.25240290853253
325.0,0.005,0.0017306084510329,0.55,1.3082088321895824,106263.92072020107,5.5,5.621328685998428,1.3082088321895824,106263.92072020107,1.319173184967812,106601.10591522433,False,False,1.3101389237318697,106329.27933777786,322.5105880423793,0.010424290082164056,316.1278042510967
325.5,0.005,0.0017309398766264,0.55,1.308753675543478,106265.30062662608,5.5,5.622196422154509,1.308753675543478,106265.30062662608,1.2996370240340518,106268.61744794228,False,False,1.309642846610277,106304.38456835422,322.49454398472886,-0.011046002610469285,-55.91333754439256
326.0,0.005,0.0017312633217752,0.55,1.309298464989849,106266.54954134444,5.5,5.622981772192312,1.309298464989849,106266.54954134444,1.300757110513011,106625.24334868322,False,False,1.3098545338935146,106320.11681797751,322.51689192979546,-0.00943010269985578,323.27766553577385
326.5,0.005,0.0017315795308182,0.55,1.3098432017347126,106267.67973613314,5.5,5.623692475998696,1.3098432017347126,106267.67973613314,1.3118898338406897,106521.59596214944,False,False,1.310827410712369,106337.68683198876,322.453533915124,0.0014910923014332944,205.37038468488026
327.0,0.005,0.0017318891780949,0.55,1.3103878868716967,106268.7023325416,5.5,5.624335543977804,1.3103878868716967,106268.7023325416,1.303364565413726,106483.62860356687,False,False,1.3109132505534065,106335.99736611512,322.4381181287678,-0.008006819788779262,151.47862026875373
327.5,0.005,0.0017321928745603,0.55,1.3109325213926033,106269.62741000224,5.5,5.624917326349455,1.3109325213926033,106269.62741000224,1.3176870320462917,106420.6842733412,False,False,1.3121150612878671,106347.35024867956,322.32842307256936,0.00622979816658753,90.06648961393512
328.0,0.005,0.001732491173767,0.55,1.3114771061969754,106270.4641037078,5.5,5.625443575755983,1.3114771061969754,106270.4641037078,1.314077983638266,106389.77380746652,False,False,1.3128495195294378,106347.41150878368,322.2405332112574,0.0014191329310606626,48.868821099968045
328.5,0.005,0.0017327845772779,0.55,1.3120216421007624,106271.22069323892,5.5,5.625919503843785,1.3120216421007624,106271.22069323892,1.3027919299221316,106341.13143534333,False,False,1.3125033420295795,106327.09912401205,322.22049052893317,-0.010601322935535507,0.17486538864613976
329.0,0.005,0.0017330735395639,0.55,1.3125661298441684,106271.90468282728,5.5,5.626349832416139,1.3125661298441684,106271.90468282728,1.3132947858536197,106339.67655468598,False,False,1.3130929074607096,106324.49569393671,322.14191603474006,0.000247500068965234,17.13343836812419
329.5,0.005,0.0017333584724371,0.55,1.3131105700987622,106272.52287405344,5.5,5.626738839691649,1.3131105700987622,106272.52287405344,1.3095977932168883,106569.58125272134,False,False,1.3136613666850194,106338.61873144988,322.1165425543277,-0.004039037014992086,249.40085460315458
330.0,0.005,0.0017336397490636,0.55,1.3136549634739183,106273.0814317005,5.5,5.627090402147632,1.3136549634739183,106273.0814317005,,106119.48752952722,True,False,1.3138667227280407,106312.22662717935,322.0119787303169,,-213.4929602227785
330.5,0.005,0.001733917707597,0.55,1.3141993105226522,106273.58594341348,5.5,5.627408032378956,1.3141993105226522,106273.58594341348,1.30787378069087,106794.29148424164,False,False,1.3145728381181054,106346.69735949025,322.03171194552334,-0.006536917588164881,485.2351065600524
331.0,0.005,0.001734192654468,0.55,1.3147436117469076,106274.0414737525,5.5,5.627694913358964,1.3147436117469076,106274.0414737525,1.3103518807921788,106242.16871014472,False,False,1.3145485544267874,106324.43366781127,321.9672060225714,-0.004764566860938846,-98.1310916411021
331.5,0.005,0.0017344648673639,0.55,1.315287867602347,106274.4526131701,5.5,5.627953929450382,1.315287867602347,106274.4526131701,1.3274002366561104,106570.06727169675,False,False,1.316536320486382,106360.4692656003,321.837927227714,0.012307869003854943,249.94979478068126
332.0,0.005,0.0017347345979274,0.55,1.3158320785026925,106274.82352239336,5.5,5.628187694479336,1.3158320785026925,106274.82352239336,1.3382180123951175,106247.75116605673,False,False,1.3187492836231438,106370.83498726416,321.60385815101756,0.021138355454295432,-105.0239218022034
332.5,0.005,0.0017350020742006,0.55,1.3163762448236591,106275.15797264352,5.5,5.628398577154748,1.3163762448236591,106275.15797264352,1.3363663314659384,106201.15817401445,False,False,1.320519004446449,106369.33330548684,321.3870509476712,0.017073972217373612,-161.0020393996092
333.0,0.005,0.0017352675028394,0.55,1.3169203669065193,106275.4593820858,5.5,5.628588724086927,1.3169203669065193,106275.4593820858,1.3175525970231254,106885.13182780505,False,False,1.3215296067382498,106406.3044279844,321.3774988724811,-0.0035093631585620955,524.3441163633834
333.5,0.005,0.0017355310711196,0.55,1.3174644450613326,106275.73084886528,5.5,5.62876008063491,1.3174644450613326,106275.73084886528,1.3196529921320148,106182.92741330487,False,False,1.3215586490792166,106370.90202742594,321.2670899894016,-0.002419160099472961,-211.37797728691658
334.0,0.005,0.0017357929487543,0.55,1.3180084795698737,106275.97518104815,5.5,5.628914409789677,1.3180084795698737,106275.97518104815,1.3333430661927002,105892.81015224548,False,False,1.3223671720665091,106332.03247159075,321.05275078950564,0.011241553943321048,-469.393324977209
334.5,0.005,0.001736053289541,0.55,1.3185524706882834,106276.19492376068,5.5,5.629053309279303,1.3185524706882834,106276.19492376068,1.3173081226258372,106061.97027605448,False,False,1.3220539544697247,106294.31952801262,320.97642452757356,-0.005602203192437205,-264.99700264947023
335.0,0.005,0.0017363122328533,0.55,1.3190964186494745,106276.39238378814,5.5,5.629178227065511,1.3190964186494745,106276.39238378814,1.309332927278101,106181.22399773568,False,False,1.3213225786015654,106264.8440350564,320.97505533414835,-0.013264546075988148,-111.57510304542666
335.5,0.005,0.0017365699049933,0.55,1.319640323665309,106276.56965187212,5.5,5.629290475383565,1.319640323665309,106276.56965187212,1.320809079639672,106923.12720768746,False,False,1.3227299309027785,106327.3548355494,320.99513391661975,-0.0010573403450797603,657.0230850834196
336.0,0.005,0.0017368264204169,0.55,1.3201841859285728,106276.72862292244,5.5,5.629391243463328,1.3201841859285728,106276.72862292244,1.324699353733894,106338.75540258431,False,False,1.3234155618571735,106326.12056972091,320.90920399891695,0.0014262541228475811,16.028672090003965
336.5,0.005,0.0017370818828443,0.55,1.3207280056147654,106276.8710143381,5.5,5.629481609056337,1.3207280056147654,106276.8710143381,1.3124365094365829,106557.2850342779,False,False,1.3233396287403405,106329.04951554407,320.9271482799678,-0.01152218056362142,235.6799466843513
337.0,0.005,0.0017373363862659,0.55,1.321271782883721,106276.99838261557,5.5,5.629562548881029,1.321271782883721,106276.99838261557,1.3048094714687295,105976.51839555154,False,False,1.3217883804180839,106266.16112535073,320.9232177963508,-0.019073264642466503,-347.7410759896884
337.5,0.005,0.0017375900158549,0.55,1.3218155178810786,106277.1121384036,5.5,5.629634948088519,1.3218155178810786,106277.1121384036,1.3074482227355375,106382.89462533196,False,False,1.321261009766532,106258.88348378296,320.9644285016439,-0.01488395189172187,115.59891797445016
338.0,0.005,0.0017378428487931,0.55,1.3223592107396132,106277.21356015078,5.5,5.629699608840874,1.3223592107396132,106277.21356015078,1.3290135035813364,106478.65706466972,False,False,1.322720475498287,106290.8706613867,320.88612392860364,0.007208593703060373,217.9505952194886
338.5,0.005,0.0017380949550204,0.55,1.322902861580443,106277.30380647683,5.5,5.629757258085376,1.322902861580443,106277.30380647683,1.3153190964173245,106817.79189311614,False,False,1.3233709938495954,106329.61971559029,320.925108638694,-0.007944878858065607,528.1192566418176
339.0,0.005,0.0017383463979138,0.55,1.323446470514124,106277.3839273875,5.5,5.62980855460039,1.323446470514124,106277.3839273875,1.3220329995904128,106068.50279289031,False,False,1.3233851228491833,106297.86537742826,320.8275738347207,-0.0018810941048466034,-256.2732169669034
339.5,0.005,0.0017385972349021,0.55,1.3239900376416402,106277.4548744408,5.5,5.6298540953811615,1.3239900376416402,106277.4548744408,1.3261156244850187,106458.50171324894,False,False,1.3243462522539993,106314.36851665763,320.7621615958524,0.002187115419562957,162.49539199804713
340.0,0.005,0.0017388475180243,0.55,1.3245335630553028,106277.51750996284,5.5,5.6298944214275535,1.3245335630553028,106277.51750996284,1.33072497184625,106368.29268249884,False,False,1.3254567979669813,106324.07187936078,320.65829135052445,0.0058355553307014585,57.33971060994372
340.5,0.005,0.0017390972944342,0.55,1.3250770468395638,106277.57261540204,5.5,5.62993002298983,1.3250770468395638,106277.57261540204,1.3217280188524292,105971.05820224246,False,False,1.3251379357394961,106280.84231254652,320.56613084046865,-0.004271771816392489,-348.68112062616274
341.0,0.005,0.0017393466068592,0.55,1.325620489071754,106277.62089890204,5.5,5.629961344323168,1.325620489071754,106277.62089890204,1.33060764607656,106271.7840282262,False,False,1.3260767186365778,106286.19343822781,320.46975785043327,0.00492630231916702,-8.797784746071557
341.5,0.005,0.0017395954940149,0.55,1.3261638898227517,106277.6630021665,5.5,5.6299887879971,1.3261638898227517,106277.6630021665,1.317263286901543,106198.62052930558,False,False,1.3257186592854693,106264.88907041508,320.44842661562257,-0.009356720413120634,-86.80449065020366
342.0,0.005,0.0017398439909819,0.55,1.3267072491575878,106277.69950668229,5.5,5.630012718801408,1.3267072491575878,106277.69950668229,1.3230901089008076,105580.08987889824,False,False,1.325001457609912,106196.59299859557,320.328359707312,-0.0031720590518131697,-686.0438858609414
342.5,0.005,0.0017400921295462,0.55,1.3272505671359969,106277.73093935996,5.5,5.630033467286543,1.3272505671359969,106277.73093935996,1.317006411258118,106457.33167667464,False,False,1.3252060639888574,106217.22529955697,320.36608822225804,-0.008539228761264672,253.01479013779317
343.0,0.005,0.0017403399385088,0.55,1.3277938438129118,106277.75777764746,5.5,5.630051332972357,1.3277938438129118,106277.75777764746,1.339111515976531,106439.83080357053,False,False,1.3271713130896705,106261.11049140863,320.2629725738046,0.01336147236904206,216.84336477518082
343.5,0.005,0.0017405874439656,0.55,1.3283370792389175,106277.7804541648,5.5,5.630066587256652,1.3283370792389175,106277.7804541648,1.3280662469582476,106146.100015966,False,False,1.3275740890384047,106252.05663940677,320.1874277454929,0.00035150070265355104,-116.6089693318354
344.0,0.005,0.001740834669561,0.55,1.3288802734606573,106277.7993609054,5.5,5.630079476051361,1.3288802734606573,106277.7993609054,1.3214871985843544,105876.230777521,False,False,1.3270182241306714,106209.79063714857,320.1266329293905,-0.006630375211698736,-378.28064508335956
344.5,0.005,0.0017410816367186,0.55,1.3294234265212042,106277.81485304452,5.5,5.630090222171811,1.3294234265212042,106277.81485304452,1.3258997085405526,106721.77911318433,False,False,1.328159605543686,106262.20375704815,320.1478474583858,-0.001662425557564573,505.52098819245293
345.0,0.005,0.0017413283648491,0.55,1.329966538460396,106277.82725239082,5.5,5.630099027502529,1.329966538460396,106277.82725239082,1.3277492536531632,106357.62703860896,False,False,1.3287608422617,106271.39952758711,320.1035043665904,-0.0009537005216455618,93.93064984581724
345.5,0.005,0.0017415748715398,0.55,1.3305096093151394,106277.83685051544,5.5,5.63010607495998,1.3305096093151394,106277.83685051544,1.3375148072283896,106582.84723871892,False,False,1.330436146333564,106312.44987739513,320.0263186200446,0.008210744973957906,310.82673131827323
346.0,0.005,0.0017418211727252,0.55,1.331052639119685,106277.84391158748,5.5,5.63011153027174,1.331052639119685,106277.84391158748,1.3150962773378327,106700.94045059808,False,False,1.3302368380086407,106325.76939598827,320.09030961006783,-0.01588259142037729,391.7513788076758
346.5,0.005,0.001742067282843,0.55,1.3315956279058778,106277.8486749448,5.5,5.63011554358877,1.3315956279058778,106277.8486749448,1.3212235694896235,106121.57663964789,False,False,1.3296978635250591,106289.62547826915,320.046097696367,-0.009555885628492744,-199.67830508973566
347.0,0.005,0.001742313214974,0.55,1.332138575703382,106277.85135742358,5.5,5.630118250947014,1.332138575703382,106277.85135742358,1.3283575031878072,106521.4977172158,False,False,1.330424760845866,106308.3078034944,320.0152148055068,-0.0018833447392279101,232.97676883426902
347.5,0.005,0.00174255898097,0.55,1.3326814825398872,106277.85215546972,5.5,5.630119775591895,1.3326814825398872,106277.85215546972,1.3580045408675652,106205.50745136868,False,False,1.3330570332588403,106331.3986891108,319.76911220269375,0.02703701931023561,-99.93008064049354
348.0,0.005,0.0017428045915694,0.55,1.3332243484412922,106277.85124705268,5.5,5.630120229178612,1.3332243484412922,106277.85124705268,1.342781137366612,106259.08665460272,False,False,1.3342601357455781,106331.96670832012,319.62656644546433,0.009181750133230082,-67.25409437097551
348.5,0.005,0.0017430500565012,0.55,1.3337671734318757,106277.8487934,5.5,5.630119712860218,1.3337671734318757,106277.8487934,1.332652656640566,106252.1641084084,False,False,1.334515623358147,106316.86209645064,319.5505339919965,-0.002149737437504573,-74.68525366777612
349.0,0.005,0.0017432953845808,0.55,1.3343099575344453,106277.84494056908,5.5,5.630118318273604,1.3343099575344453,106277.84494056908,1.3414299533585536,106277.44926083257,False,False,1.335532428531392,106318.11721642477,319.4324057118589,0.006371954600270957,-35.71837120856799
349.5,0.005,0.001743540583795,0.55,1.3348527007704794,106277.83982087189,5.5,5.630116128433063,1.3348527007704794,106277.83982087189,1.3554270624667828,106612.02788076068,False,False,1.3381086231021133,106368.33297708584,319.27428320458097,0.01935234636817773,297.72805833916937
350.0,0.005,0.0017437856613807,0.55,1.3353954031602493,106277.83355416602,5.5,5.630113218540101,1.3353954031602493,106277.83355416602,1.333057963892495,106314.9818134746,False,False,1.338122717647574,106348.1047009638,319.21187596756914,-0.00559230062742011,-44.790229521575384
350.5,0.005,0.0017422865932711,0.55,1.3359383553947042,106277.83784483898,5.5,5.630109656717401,1.3359383553947042,106277.83784483898,1.332274221953729,,False,True,1.3381230430343325,106332.14758844535,319.1639404735482,-0.006390318208784329,
351.0,0.005,0.0017407876845978,0.55,1.3364815574472713,106277.85169934171,5.5,5.630112095417773,1.3364815574472713,106277.85169934171,1.3486009928794902,106194.89052988676,False,False,1.339293704390686,106327.42563766043,319.0094089676159,0.009935983580907415,-132.10361647499667
351.5,0.005,0.0017392888794466,0.55,1.3370250093006968,106277.8742177225,5.5,5.630119969928444,1.3370250093006968,106277.8742177225,1.341966764282026,106380.26846248406,False,False,1.3401017693935848,106331.4127312521,318.92448345607323,0.002131139041682939,57.556282299468876
352.0,0.005,0.0017377901272044,0.55,1.3375687109461627,106277.90458482895,5.5,5.630132768720826,1.3375687109461627,106277.90458482895,1.3442820424993882,106009.4441658366,False,False,1.340469395322494,106299.96309704584,318.78608950191267,0.0036384488825615957,-316.87472533920663
352.5,0.005,0.0017362913820557,0.55,1.3381126623824868,106277.94206233473,5.5,5.630150028454429,1.3381126623824868,106277.94206233473,1.333030438389681,106127.14453316972,False,False,1.3400940041269398,106270.46673342856,318.7426159735934,-0.00798103694854313,-170.69736985024065
353.0,0.005,0.0017347926025272,0.55,1.338656863615399,106277.98598151412,5.5,5.630171329448354,1.338656863615399,106277.98598151412,1.3578988949388264,,False,True,1.3421059182018145,106296.60220157687,318.579853906243,0.01726251649442201,
353.5,0.005,0.0017332937510743,0.55,1.3392013146568866,106278.03573669464,5.5,5.630196291577257,1.3392013146568866,106278.03573669464,1.3562972226728232,106108.28124303212,False,False,1.3435046859893747,106294.9079021811,318.4071198565692,0.013649317169803332,-186.51215623765893
354.0,0.005,0.0017317947937083,0.55,1.339746015524602,106278.09077932416,5.5,5.630224570551836,1.339746015524602,106278.09077932416,1.3454054934133295,106242.5479334431,False,False,1.3440824491864083,106290.02960044495,318.32325944076024,0.0013589099612774103,-50.706755016042734
354.5,0.005,0.0017302956996579,0.55,1.3402909662413256,106278.15061259497,5.5,5.630255854548233,1.3402909662413256,106278.15061259497,1.347133864622798,106094.91755371926,False,False,1.3445404874789486,106273.05113627098,318.2175222867079,0.002509517427489172,-193.91982088104123
355.0,0.005,0.0017287964410633,0.55,1.3408361668344817,106278.21478657244,5.5,5.630289861153491,1.3408361668344817,106278.21478657244,1.3205635581120514,106879.40212028111,False,False,1.3439481601666217,106299.81455971593,318.36866058224126,-0.02451894596513915,605.9310175950377
355.5,0.005,0.0017272969926991,0.55,1.3413816173356985,106278.28289378175,5.5,5.630326334597624,1.3413816173356985,106278.28289378175,1.3477587152706705,106677.0011159761,False,False,1.3453241094982817,106338.95418900563,318.3208946205797,0.0032687351591216274,379.30690400188905
356.0,0.005,0.0017257973317235,0.55,1.3419273177804112,106278.35456520897,5.5,5.630365043245706,1.3419273177804112,106278.35456520897,1.339986231908158,106413.34021412829,False,False,1.3454966328405875,106333.08120302383,318.28262805267696,-0.00587924198392864,80.21876150018943
356.5,0.005,0.0017242974374518,0.55,1.3424732682075025,106278.4294666778,5.5,5.630405777325227,1.3424732682075025,106278.4294666778,1.3468123252657846,106262.34391123614,False,False,1.3460057616600014,106322.49705696115,318.18990700373206,0.0007742881472014851,-65.45903595419077
357.0,0.005,0.0017227972911505,0.55,1.3430194686589774,106278.50729556748,5.5,5.630448346867053,1.3430194686589774,106278.50729556748,1.3498440627774384,106935.73654440723,False,False,1.3477271466676963,106382.24722455462,318.16222605338737,0.0032968398173214286,617.5183840883401
357.5,0.005,0.0017212968758518,0.55,1.3435659191796687,106278.5877778386,5.5,5.630492579839868,1.3435659191796687,106278.5877778386,1.340153001498586,106375.47365026068,False,False,1.3476015033231792,106361.8919096231,318.1164175691456,-0.008114940542353288,3.1591156466165558
358.0,0.005,0.0017197961761856,0.55,1.344112619816971,106278.6706653392,5.5,5.630538320459864,1.344112619816971,106278.6706653392,1.3272078018151,106252.61701297856,False,False,1.3462635105353566,106316.48667571937,318.14101980436396,-0.020934689061165912,-101.26259292606846
358.5,0.005,0.0017182951782266,0.55,1.3446595706206,106278.75573336412,5.5,5.630585427659445,1.3446595706206,106278.75573336412,1.3483383162713425,106369.69364640968,False,False,1.3470150122980764,106320.28312623203,318.0622838985202,0.001533309696490237,56.91758425248554
359.0,0.005,0.0017167938693573,0.55,1.3452067716423737,106278.84277844374,5.5,5.630633773699941,1.3452067716423737,106278.84277844374,1.3377929351179698,106370.62574036732,False,False,1.3468293582539488,106308.60128021694,318.0495924213957,-0.00976348269103089,54.41638756469183
359.5,0.005,0.0017152922381431,0.55,1.3457542229360164,106278.93161634126,5.5,5.630683242914658,1.3457542229360164,106278.93161634126,1.342452282008773,106702.02692828636,False,False,1.3475440933448002,106337.35511443212,318.04991468235096,-0.004918600782486848,396.3909476700064
360.0,0.005,0.0017137902742194,0.55,1.3463019245569798,106279.0220802382,5.5,5.630733730570471,1.3463019245569798,106279.0220802382,1.340256826116038,106273.33267249302,False,False,1.347353345974586,106315.73504746982,318.0081175320881,-0.007828479559119472,-58.329449806158664
360.5,0.005,0.0017122879681896,0.55,1.3468498765622816,106279.11401909083,5.5,5.630785141836301,1.3468498765622816,106279.11401909083,1.3434341340097298,106908.91146630804,False,False,1.3483988100822846,106363.74211973857,318.0263243874788,-0.004460633009375492,596.8205656764767
361.0,0.005,0.001710785311533,0.55,1.3473980790103597,106279.20729614155,5.5,5.630837390848845,1.3473980790103597,106279.20729614155,1.3243028694377,106014.60091814103,False,False,1.3464061183136076,106290.25182994477,318.045422561546,-0.024636851873105048,-340.94940272701206
361.5,0.005,0.0017092822965211,0.55,1.3479465319609392,106279.3017875701,5.5,5.630890399866255,1.3479465319609392,106279.3017875701,1.3601160032332544,106487.51685264576,False,False,1.3483251368802744,106325.45945771727,317.9206926799123,0.013168163438971536,198.48640388638887
362.0,0.005,0.0017077789161419,0.55,1.3484952354749156,106279.39738127234,5.5,5.630944098501482,1.3484952354749156,106279.39738127234,1.3510286964981804,105978.849348278,False,False,1.348544838176708,106290.75997574555,317.7906064226881,0.0021622988965668277,-342.0397192547971
362.5,0.005,0.0017062751640316,0.55,1.3490441896142435,106279.49397575366,5.5,5.6309984230279255,1.3490441896142435,106279.49397575366,1.360158182243432,106824.62426274084,False,False,1.3507824793136276,106355.64284408509,317.71623817477945,0.011071787701683933,535.1414181652508
363.0,0.005,0.0017047710344127,0.55,1.3495933944418417,106279.59147912703,5.5,5.631053315750388,1.3495933944418417,106279.59147912703,1.3693918127399407,106180.42184745907,False,False,1.352569552736397,106355.80526027252,317.50240229877755,0.01806852793236957,-167.78028894489398
363.5,0.005,0.0017032665220382,0.55,1.3501428500215018,106279.68980820538,5.5,5.631108724435456,1.3501428500215018,106279.68980820538,1.3503687812471292,106262.23302666166,False,False,1.352757796622843,106336.39965480867,317.42189934303923,-0.0027414417935176516,-86.10575941801653
364.0,0.005,0.0017017616221407,0.55,1.3506925564178116,106279.78888767934,5.5,5.63116460179548,1.3506925564178116,106279.78888767934,1.3326681938594058,106557.0599595701,False,False,1.3519267099502432,106325.47587620739,317.488933635601,-0.02063043314127322,226.28960849254509
364.5,0.005,0.0017002563303867,0.55,1.3512425136960804,106279.88864937313,5.5,5.631220905021202,1.3512425136960804,106279.88864937313,1.3423036451922843,106656.49085458156,False,False,1.35211948427044,106339.91895749475,317.5089451360027,-0.010164055457460464,335.60398165411607
365.0,0.005,0.0016987506428351,0.55,1.3517927219222745,106279.98903156984,5.5,5.6312775953586165,1.3517927219222745,106279.98903156984,1.3397236771133074,105946.42598059334,False,False,1.3510254581895937,106279.51901827756,317.45971425675685,-0.012936653723750968,-387.5333876409568
365.5,0.005,0.0016972445558999,0.55,1.3523431811629578,106280.08997840113,5.5,5.631334637725493,1.3523431811629578,106280.08997840113,1.347324434731508,106176.24228090866,False,False,1.3510661788633405,106263.79391350201,317.4078636108199,-0.004242494846302236,-103.06159916632168
366.0,0.005,0.0016957380663158,0.55,1.3528938914852384,106280.19143929394,5.5,5.631392000364308,1.3528938914852384,106280.19143929394,1.353690371265898,105861.714457454,False,False,1.3511908621511675,106228.958295619,317.2888750574312,0.002082582558388557,-403.3640080471814
366.5,0.005,0.0016942311711081,0.55,1.3534448529567205,106280.29336846982,5.5,5.631449654527793,1.3534448529567205,106280.29336846982,1.333422980286488,106321.48491388248,False,False,1.3503491767400626,106218.00414912148,317.35696807201765,-0.01830979607245853,87.91118458325218
367.0,0.005,0.0016927238675646,0.55,1.3539960656454595,106280.39572449132,5.5,5.631507574194219,1.3539960656454595,106280.39572449132,1.3574208205788751,106249.98396394894,False,False,1.3514688297081456,106234.76975106083,317.2729346446463,0.006529567642215461,26.31370030330436
367.5,0.005,0.0016912161532104,0.55,1.3545475296199248,106280.49846985124,5.5,5.631565735809582,1.3545475296199248,106280.49846985124,1.339443963087066,106175.81826302336,False,False,1.3508809102320816,106216.27499628684,317.2881153814751,-0.01256670758810885,-63.00996341672726
368.0,0.005,0.0016897080257855,0.55,1.3550992449489605,106280.60157060066,5.5,5.631624118054032,1.3550992449489605,106280.60157060066,1.3580728975769607,106075.26316893048,False,False,1.3517580570713508,106216.72452534565,317.18440085456587,0.006649935531911622,-146.8433017658972
368.5,0.005,0.0016881994832242,0.55,1.3556512117017565,106280.70499601222,5.5,5.6316827016305,1.3556512117017565,106280.70499601222,1.3545563002499867,106164.93305685786,False,False,1.3524024074371297,106219.94013629208,317.11682604682517,0.0022562613453493974,-57.57910301249649
369.0,0.005,0.0016866905236362,0.55,1.3562034299478172,106280.8087182752,5.5,5.631741469073153,1.3562034299478172,106280.8087182752,1.3530671175558917,106056.89011665604,False,False,1.3527085630641298,106209.3799421551,317.0486326262203,0.00012280568113753887,-168.5286041051877
369.5,0.005,0.00168518114529,0.55,1.3567558997569356,106280.91271221904,5.5,5.63180040457412,1.3567558997569356,106280.91271221904,1.3560254691975224,106439.6012648269,False,False,1.3538061234863272,106241.0236381713,317.01160638592273,0.0027749295383483474,223.7293522087566
370.0,0.005,0.001683671346598,0.55,1.3573086211991692,106281.01695506377,5.5,5.631859493826346,1.3573086211991692,106281.01695506377,1.3519108410418523,106735.80196922515,False,False,1.354863899085024,106288.56368877378,317.0266834491252,-0.002436891597774604,491.32245846281876
370.5,0.005,0.0016821611261021,0.55,1.357861594344819,106281.12142619312,5.5,5.631918723881596,1.357861594344819,106281.12142619312,1.3517368799107772,105701.9041936224,False,False,1.3542457996999127,106226.22696243669,316.9147892499443,-0.0036681214573743848,-585.5696646496654
371.0,0.005,0.0016806504824619,0.55,1.3584148192644083,106281.2261069497,5.5,5.631978083021626,1.3584148192644083,106281.2261069497,1.3415872553557198,106246.43585212828,False,False,1.3537196424617266,106215.24105431628,316.94503180617403,-0.013200253701993514,15.33535276944167
371.5,0.005,0.0016791394144429,0.55,1.358968296028668,106281.33098044952,5.5,5.632037560641628,1.358968296028668,106281.33098044952,1.3586720228801747,106155.87944822128,False,False,1.354530525493311,106220.68180977154,316.86414251079344,0.004410532602331374,-65.290048297451
372.0,0.005,0.001677627920907,0.55,1.359522024708517,106281.43603141364,5.5,5.632097147144823,1.359522024708517,106281.43603141364,1.3779773618147502,106429.14660796404,False,False,1.3572605336727814,106275.75244463707,316.70126289135465,0.022905098409924385,203.05942666489864
372.5,0.005,0.0016761160008024,0.55,1.3600760053750498,106281.54124601623,5.5,5.6321568338468095,1.3600760053750498,106281.54124601623,1.3798809560038958,105996.01114081312,False,False,1.3592158020573482,106277.93688965257,316.47345177728187,0.022079384495347743,-279.86672632503905
373.0,0.005,0.0016746036531563,0.55,1.3606302380995237,106281.64661174668,5.5,5.632216612889094,1.3606302380995237,106281.64661174668,1.3738484140649732,106237.71586253884,False,False,1.3608616553998478,106292.53209827455,316.31964593441654,0.014091740217679227,-40.13176961633144
373.5,0.005,0.0016730908770665,0.55,1.3611847229533458,106281.7521172849,5.5,5.632276477160787,1.3611847229533458,106281.7521172849,1.3682427389618614,105969.87446254134,False,False,1.3614969196356845,106268.98175425142,316.17343754409535,0.006840465925387118,-321.1680640614213
374.0,0.005,0.001671577671695,0.55,1.3617394600080632,106281.8577523884,5.5,5.632336420227695,1.3617394600080632,106281.8577523884,1.3549746587672633,106490.86710543022,False,False,1.3617780535816337,106281.83159163513,316.17797609144884,-0.007063042295001765,221.12423396889062
374.5,0.005,0.0016700640362621,0.55,1.3622944493353528,106281.96350779005,5.5,5.632396436268108,1.3622944493353528,106281.96350779005,1.3767219572175151,106311.74589677752,False,False,1.3635522657687402,106303.27918365224,316.0291070165079,0.014403258555481857,30.38403788510186
375.0,0.005,0.0016685499700402,0.55,1.3628496910070127,106282.0693751056,5.5,5.632456520014716,1.3628496910070127,106282.0693751056,1.362288415462603,106233.62700543652,False,False,1.3638453513962334,106291.87135110304,315.9600644669426,-0.001804170421181528,-67.12581867910922
375.5,0.005,0.0016670354723492,0.55,1.3634051850949545,106282.17534674976,5.5,5.632516666702001,1.3634051850949545,106282.17534674976,1.3627164299973238,106393.23172545286,False,False,1.364398437714946,106298.19514659171,315.91256750259953,-0.0016693218562200407,102.79743552888976
376.0,0.005,0.0016655205425521,0.55,1.3639609316711958,106282.28141586046,5.5,5.632576872018568,1.3639609316711958,106282.28141586046,1.3610486603528031,106208.33642447116,False,False,1.3644890933147564,106282.51647980716,315.8551066414548,-0.0038900798075209853,-87.81492594443262
376.5,0.005,0.0016640051800502,0.55,1.3645169308078542,106282.38757623018,5.5,5.632637132064069,1.3645169308078542,106282.38757623018,1.3654365497980372,105816.24128133712,False,False,1.3643816220326195,106237.39448064036,315.7338856002068,0.0004070202838173387,-465.7312196816347
377.0,0.005,0.0016624893842804,0.55,1.3650731825771407,106282.49382224368,5.5,5.632697443310187,1.3650731825771407,106282.49382224368,1.36072103356126,106461.21294522368,False,False,1.3648972590181048,106256.94686561784,315.7302125187453,-0.004201437521598406,220.03165291750338
377.5,0.005,0.0016609731547107,0.55,1.3656296870513556,106282.600148822,5.5,5.632757802565243,1.3656296870513556,106282.600148822,1.3647918653576243,106369.08119995924,False,False,1.3655457483114464,106268.6735587231,315.6873483860969,-0.0006460286501339674,110.22761343258026
378.0,0.005,0.0016594564908381,0.55,1.3661864443028826,106282.70655137116,5.5,5.632818206942308,1.3661864443028826,106282.70655137116,1.35534045321561,106236.4826709077,False,False,1.3651510368289446,106252.11926171539,315.68546232799133,-0.01074577641146246,-32.970519573718775
378.5,0.005,0.0016579393921854,0.55,1.366743454404185,106282.8130257364,5.5,5.632878653830162,1.366743454404185,106282.8130257364,1.3630068173567798,106578.29050492648,False,False,1.3659434671720412,106282.2952200366,315.68014874942173,-0.002684878788154599,323.8014015934459
379.0,0.005,0.0016564218582988,0.55,1.3673007174278018,106282.91956816026,5.5,5.632939140867132,1.3673007174278018,106282.91956816026,1.3901062821273,106648.46823309782,False,False,1.3689701804553982,106348.46477719686,315.5137216873576,0.02362248547581114,366.7004801106814
379.5,0.005,0.0016549038887455,0.55,1.3678582334463445,106283.02617524489,5.5,5.632999665917409,1.3678582334463445,106283.02617524489,1.3671622931667249,105955.34138500842,False,False,1.3687494184726499,106300.96499576548,315.399261744527,-0.0023473987234579052,-386.26007422951807
380.0,0.005,0.0016533854831121,0.55,1.3684160025324923,106283.1328439178,5.5,5.633060227049519,1.3684160025324923,106283.1328439178,1.3660293968847748,106048.81002232224,False,False,1.3686544095040645,106270.08320377489,315.31901931969713,-0.003259974307962432,-249.8294616267085
380.5,0.005,0.0016518666410021,0.55,1.368974024758992,106283.23957140102,5.5,5.633120822516933,1.368974024758992,106283.23957140102,1.3742977675500423,106747.42510013135,False,False,1.370313383931459,106323.72349568683,315.2792796568814,0.005103121694224777,476.70610458927695
381.0,0.005,0.001650347362035,0.55,1.3695323001986528,106283.34635518296,5.5,5.633181450740472,1.3695323001986528,106283.34635518296,1.3766135184156874,106709.00191516036,False,False,1.3718996765117035,106364.73086238094,315.2106201743696,0.0057605020096214155,389.78760915134626
381.5,0.005,0.0016488276458441,0.55,1.3700908289243454,106283.4531929932,5.5,5.633242110292346,1.3700908289243454,106283.4531929932,1.3589531403326247,106061.9352544174,False,False,1.3708942038899254,106309.83644678972,315.16847394353897,-0.013485684161693046,-294.3653546558053
382.0,0.005,0.0016473074920757,0.55,1.3706496110089994,106283.56008277951,5.5,5.633302799881839,1.3706496110089994,106283.56008277951,1.368578023180967,105929.34706710852,False,False,1.3706455309707382,106266.19916552678,315.06890374965957,-0.002855894052616881,-377.30588396982057
382.5,0.005,0.0016457869003876,0.55,1.3712086465256017,106283.66702268692,5.5,5.633363518342207,1.3712086465256017,106283.66702268692,1.380391404934949,106092.39675656614,False,False,1.3716893768641216,106262.34436153021,314.9323977531116,0.00920575153972214,-174.8060056908871
383.0,0.005,0.0016442658704478,0.55,1.3717679355471937,106283.77401103928,5.5,5.633424264618845,1.3717679355471937,106283.77401103928,1.3744663118379146,106134.339088994,False,False,1.3722246775631959,106254.09266056276,314.84380555539644,0.0022368559743330962,-129.37693296368525
383.5,0.005,0.001642744401934,0.55,1.372327478146871,106283.88104632188,5.5,5.63348503775872,1.372327478146871,106283.88104632188,1.3735470185818888,105808.66129675585,False,False,1.3721744097669673,106213.8223312748,314.73050016379227,0.0007822280977707319,-447.5961161755404
384.0,0.005,0.0016412224945323,0.55,1.3728872743977822,106283.98812716632,5.5,5.6335458369005895,1.3728872743977822,106283.98812716632,1.3884274510838697,106293.3383029911,False,False,1.3741188162557565,106247.68409429857,314.5978858848266,0.01571256378392949,73.46460891679453
384.5,0.005,0.0016397001479363,0.55,1.3734473243731262,106284.09525233654,5.5,5.633606661266344,1.3734473243731262,106284.09525233654,1.3666695967767295,105900.04157941409,False,False,1.3734867545816718,106205.91970330664,314.5499175065067,-0.007989248360429135,-350.4209908034536
385.0,0.005,0.001638177361847,0.55,1.3740076281461515,106284.20242071609,5.5,5.633667510153032,1.3740076281461515,106284.20242071609,1.374835087097228,105921.08552570365,False,False,1.3736675958162925,106185.51646348489,314.46783596535164,0.000807882242452207,-291.6495368312753
385.5,0.005,0.0016366541359714,0.55,1.3745681857901566,106284.30963129684,5.5,5.63372838292573,1.3745681857901566,106284.30963129684,1.369367599137606,106559.14155797668,False,False,1.37434168995379,106223.30054017362,314.4989909157478,-0.00484061640819311,364.8318657966156
386.0,0.005,0.001635130470022,0.55,1.3751289973784862,106284.41688316864,5.5,5.633789279011045,1.3751289973784862,106284.41688316864,1.3900320796692485,106079.46010052443,False,False,1.3759144427982024,106233.92772033859,314.34205340663357,0.01515015910392603,-148.97330976177182
386.5,0.005,0.0016336063637169,0.55,1.3756900629845332,106284.52417551004,5.5,5.63385019789126,1.3756900629845332,106284.52417551004,1.356171458991768,106263.0828208757,False,False,1.374817150306158,106213.76520985791,314.41381423313925,-0.02028300179745024,25.051557872153353
387.0,0.005,0.0016320818167784,0.55,1.3762513826817369,106284.63150757964,5.5,5.633911139099034,1.3762513826817369,106284.63150757964,1.3695499657268992,106473.36041428236,False,False,1.3752488173509578,106236.7649707121,314.43018684337216,-0.005807465102233733,253.54021260055015
387.5,0.005,0.0016305568289333,0.55,1.3768129565435814,106284.73887870873,5.5,5.633972102212588,1.3768129565435814,106284.73887870873,1.3715213868833025,106528.70610033609,False,False,1.375858169280666,106262.93545668435,314.43462907473173,-0.004267472748065604,288.11072075739503
388.0,0.005,0.0016290313999121,0.55,1.377374784643596,106284.84628829414,5.5,5.634033086851359,1.377374784643596,106284.84628829414,1.3840101808753118,106183.74024965632,False,False,1.3769082936908108,106266.45127742639,314.31919842065344,0.007612248979722569,-80.4994859884755
388.5,0.005,0.0016275055294486,0.55,1.3779368670553545,106284.95373579208,5.5,5.634094092672085,1.3779368670553545,106284.95373579208,1.3839996218164496,106298.18897938848,False,False,1.3780336875290327,106279.04557628042,314.22158094318377,0.006551675260672685,30.774939360679127
389.0,0.005,0.0016259792172798,0.55,1.3784992038524744,106285.06122071248,5.5,5.634155119365227,1.3784992038524744,106285.06122071248,1.3924511464548617,106037.43942389404,False,False,1.3793646195774039,106273.60040879837,314.04598858422946,0.013878002509304377,-241.35251820196572
389.5,0.005,0.0016244524631456,0.55,1.3790617951086168,106285.16874261378,5.5,5.634216166651736,1.3790617951086168,106285.16874261378,1.3633214666852436,106809.38265155148,False,False,1.379320647651917,106304.15667265131,314.1415554269827,-0.016582558803676095,535.5153311828326
390.0,0.005,0.0016229252667881,0.55,1.3796246408974857,106285.27630109852,5.5,5.634277234280204,1.3796246408974857,106285.27630109852,1.3871293909877902,106480.26124642749,False,False,1.380721696721572,106328.5118483556,314.04554528237134,0.007269607006483714,178.7781672161218
390.5,0.005,0.0016213976279522,0.55,1.3801877412928267,106285.3838958088,5.5,5.634338322024206,1.3801877412928267,106285.3838958088,1.3772549426499436,105954.411961831,False,False,1.3803884111505174,106282.18287703332,313.9486535732986,-0.004005568919518421,-369.08197020483203
391.0,0.005,0.0016198695463844,0.55,1.3807510963684293,106285.49152642276,5.5,5.634399429679824,1.3807510963684293,106285.49152642276,1.3740948439958476,106286.70891707968,False,False,1.380371489428287,106273.10472902565,313.92386530452677,-0.006832820166275733,5.08931678677618
391.5,0.005,0.0016183410218332,0.55,1.3813147061981237,106285.59919265108,5.5,5.634460557063627,1.3813147061981237,106285.59919265108,1.3867103915318488,106499.66469885892,False,False,1.3817207026363907,106303.12970813057,313.8508281510367,0.005799566760970265,226.24820239600376
392.0,0.005,0.0016168120540489,0.55,1.381878570855782,106285.70689423388,5.5,5.634521704010633,1.381878570855782,106285.70689423388,1.3726771750284257,106429.53018420449,False,False,1.3816584391976892,106300.48850943535,313.8504935175342,-0.009582494526715335,128.9849968610797
392.5,0.005,0.0016152826427832,0.55,1.3824426904153182,106285.81463093772,5.5,5.634582870372638,1.3824426904153182,106285.81463093772,1.361673557462175,106834.56566634984,False,False,1.3812911501693406,106323.42370621988,313.96224433610433,-0.02052387684750978,536.4073520226084
393.0,0.005,0.0016137527877893,0.55,1.3830070649506867,106285.92240255338,5.5,5.63464405601644,1.3830070649506867,106285.92240255338,1.3793048800614605,106697.6181365084,False,False,1.382177226839848,106352.5396224791,313.9419580757719,-0.0025250879849694208,378.72694239061093
393.5,0.005,0.0016122224888215,0.55,1.3835716945358831,106286.0302088934,5.5,5.634705260822576,1.3835716945358831,106286.0302088934,1.368593986019464,106124.23827154544,False,False,1.381226712861409,106304.96935282204,313.9154746864366,-0.014121733407225223,-220.97331363089324
394.0,0.005,0.0016106917456353,0.55,1.3841365792449438,106286.13804978992,5.5,5.63476648468397,1.3841365792449438,106286.13804978992,1.377647421034237,106259.38389965123,False,False,1.381363292456124,106292.59611530931,313.86256682367605,-0.004118279080593368,-42.82601200338104
394.5,0.005,0.0016091605579873,0.55,1.384701719151946,106286.24592509292,5.5,5.634827727504667,1.384701719151946,106286.24592509292,1.388417266789457,105901.78350720006,False,False,1.3818691833597694,106261.62539327012,313.71049893447866,0.0065148868407867155,-389.243110217707
395.0,0.005,0.0016076289256348,0.55,1.385267114331007,106286.35383466848,5.5,5.634888989198867,1.385267114331007,106286.35383466848,,106361.1897295353,True,False,1.3825651865513295,106272.82335886481,313.66015258484236,,98.14871107750514
395.5,0.005,0.0016060968483362,0.55,1.3858327648562845,106286.46177839724,5.5,5.634950269689892,1.3858327648562845,106286.46177839724,1.40170175934607,106331.76809626112,False,False,1.3848389083325414,106304.92285161963,313.48233938341946,0.018597398272916843,58.61218649460352
396.0,0.005,0.0016045643258504,0.55,1.3863986708019758,106286.569756173,5.5,5.635011568909358,1.3863986708019758,106286.569756173,1.384402123332541,107097.61461495871,False,False,1.3865033092282795,106379.08067289225,313.5013703985091,-0.0009755040866104014,795.4614591208665
396.5,0.005,0.0016030313579372,0.55,1.3869648322423196,106286.67776790146,5.5,5.63507288679634,1.3869648322423196,106286.67776790146,1.371631516336841,106315.95029916435,False,False,1.3856310009560442,106343.10354781545,313.4999472022305,-0.015409728360085584,-53.235502836323576
397.0,0.005,0.0016014979443568,0.55,1.3875312492515934,106286.78581349914,5.5,5.635134223296671,1.3875312492515934,106286.78581349914,1.3799702806852367,105658.8100993038,False,False,1.3846297251478195,106261.93541324501,313.38063871338625,-0.006199040458132243,-677.8502305892616
397.5,0.005,0.0015999640848701,0.55,1.388097921904115,106286.8938928922,5.5,5.635195578362343,1.388097921904115,106286.8938928922,1.3789040796578522,106085.26794688083,False,False,1.3843732052021953,106237.6003495129,313.3396012251998,-0.0062647635360988385,-178.0462566105707
398.0,0.005,0.0015984297792386,0.55,1.3886648502742418,106287.00200601573,5.5,5.635256951950831,1.3886648502742418,106287.00200601573,1.3764865986896593,106320.70676947324,False,False,1.3843159506022138,106237.9485968415,313.347487204001,-0.008425960934260068,79.37125940401165
398.5,0.005,0.0015968950272239,0.55,1.389232034436371,106287.1101528126,5.5,5.635318344024634,1.389232034436371,106287.1101528126,1.3935857063865256,105910.30556503477,False,False,1.3851060308171583,106220.83607066859,313.2023811222981,0.008730400208816436,-331.344531805662
399.0,0.005,0.0015953598285884,0.55,1.3897994744649398,106287.21833323305,5.5,5.635379754550757,1.3897994744649398,106287.21833323305,1.3833471510852875,106027.05602801756,False,False,1.3851613980668211,106203.75960789423,313.14539890525793,-0.002298329328822346,-199.14072745965677
399.5,0.005,0.0015938241830946,0.55,1.390367170434424,106287.3265472338,5.5,5.63544118350032,1.390367170434424,106287.3265472338,1.370593442267554,106177.63580476538,False,False,1.3843870422601237,106187.7209796598,313.1908290390433,-0.015107553887772518,-33.14431899636111
400.0,0.005,0.0015922880905056,0.55,1.3909351224193398,106287.43479477742,5.5,5.635502630848147,1.3909351224193398,106287.43479477742,1.397904350450532,106389.9782851171,False,False,1.3862938484890281,106232.19453198726,313.09358499605185,0.012977508931979465,193.67533647925302
400.5,0.005,0.0015907515505845,0.55,1.3915033304942424,106287.54307583177,5.5,5.635564096572366,1.3915033304942424,106287.54307583177,1.3903890648071753,106237.94047246806,False,False,1.3871319241716997,106241.26820128594,313.019926500465,0.003555956646656311,1.4893696445069509
401.0,0.005,0.0015892145630948,0.55,1.3920717947337264,106287.65139036952,5.5,5.635625580654131,1.3920717947337264,106287.65139036952,1.3956401675172518,106020.88164413544,False,False,1.3880079961234482,106233.2784087943,312.89144111141104,0.007969127060981407,-223.7614991612354
401.5,0.005,0.0015876771278004,0.55,1.3926405152124264,106287.75973836782,5.5,5.63568708307735,1.3926405152124264,106287.75973836782,1.3936977306594265,106524.06410871635,False,False,1.389394060834444,106272.19096480531,312.8399532048994,0.005150612140739863,286.63677725991874
402.0,0.005,0.0015861392444653,0.55,1.3932094920050155,106287.86811980762,5.5,5.635748603828427,1.3932094920050155,106287.86811980762,1.3995260393464992,106125.97688495026,False,False,1.390515220340237,106270.85629798133,312.70167266545,0.009593306225627929,-146.58801681421755
402.5,0.005,0.0015846009128535,0.55,1.3937787251862066,106287.97653467348,5.5,5.635810142895942,1.3937787251862066,106287.97653467348,1.394158912656362,106138.18388164997,False,False,1.3911166475002745,106262.41148964842,312.60475891397715,0.0031050914387857897,-133.17234059108887
403.0,0.005,0.0015830621327296,0.55,1.3943482148307516,106288.08498295312,5.5,5.635871700270533,1.3943482148307516,106288.08498295312,1.4067102396655338,105874.18950536771,False,False,1.3923334698501428,106245.41760192956,312.408985742061,0.015054960729052214,-389.53840506593406
403.5,0.005,0.0015815229038581,0.55,1.394917961013442,106288.19346463733,5.5,5.63593327594463,1.394917961013442,106288.19346463733,1.399167788913214,106052.38874216875,False,False,1.3931069525809785,106237.48034644377,312.2929872321452,0.006295626608360472,-195.99160551941895
404.0,0.005,0.0015799832260036,0.55,1.395487963809108,106288.30197971924,5.5,5.635994869912401,1.395487963809108,106288.30197971924,1.399408640042992,106483.8334584848,False,False,1.3944777224122458,106272.56454051234,312.23185410905626,0.005762981749638962,242.62025163858198
404.5,0.005,0.0015784430989311,0.55,1.3960582232926195,106288.41052819468,5.5,5.636056482169358,1.3960582232926195,106288.41052819468,1.4001568924694452,105803.11398063456,False,False,1.3947531744512691,106233.61712039143,312.08442886560965,0.005140878612700739,-469.77360480680363
405.0,0.005,0.0015769025224055,0.55,1.3966287395388852,106288.5191100614,5.5,5.636118112712498,1.3966287395388852,106288.5191100614,1.382062362113198,106267.16700167127,False,False,1.3942408300229563,106223.18562523085,312.1151521610224,-0.013229430152504662,29.443645258797915
405.5,0.005,0.0015753614961919,0.55,1.3971995126228531,106288.62772531917,5.5,5.636179761539982,1.3971995126228531,106288.62772531917,1.395553155104816,106503.94523230162,False,False,1.3952468341545656,106256.30655610973,312.0919355451683,0.0007735762308695993,275.63679562715697
406.0,0.005,0.0015738200200554,0.55,1.3977705426195106,106288.7363739695,5.5,5.636241428651062,1.3977705426195106,106288.7363739695,1.3951773777240155,106175.60379183102,False,False,1.3956139800412999,106249.31217353817,312.0274047408632,-0.0006078355061445162,-82.60162583054625
406.5,0.005,0.0015722780937614,0.55,1.3983418296038836,106288.84505601556,5.5,5.636303114046014,1.3983418296038836,106288.84505601556,1.4004172968154884,106360.78221153704,False,False,1.3966642501370208,106268.1849291657,311.9569756951535,0.004264902683043914,108.89222951393458
407.0,0.005,0.0015707357170752,0.55,1.3989133736510375,106288.95377146182,5.5,5.6363648177260055,1.3989133736510375,106288.95377146182,1.385326432008075,105953.91556804694,False,False,1.3957597641113832,106222.38798875705,311.9308734730118,-0.01187598630994069,-315.01112819735135
407.5,0.005,0.0015691928897623,0.55,1.3994851748360773,106289.06252031414,5.5,5.636426539693003,1.3994851748360773,106289.06252031414,1.4158263226050063,106682.14589096956,False,False,1.3985764340512246,106297.8889212507,311.814973144335,0.019527915412618446,454.55894308994175
408.0,0.005,0.0015676496115881,0.55,1.400057233234146,106289.17130257956,5.5,5.636488279949714,1.400057233234146,106289.17130257956,1.401101119875711,106619.4864034104,False,False,1.3997534761939499,106330.17893708502,311.76856599955335,0.001986923467872659,323.74239774285525
408.5,0.005,0.0015661058823183,0.55,1.400629548920426,106289.28011826616,5.5,5.636550038499543,1.400629548920426,106289.28011826616,1.3885163735139194,106359.92984322117,False,False,1.399370661120918,106312.78296530528,311.7634514946068,-0.01177449121195373,35.024325377482455
409.0,0.005,0.0015645617017185,0.55,1.4012021219701396,106289.38896738294,5.5,5.636611815346472,1.4012021219701396,106289.38896738294,1.3841132523343511,105762.86530940815,False,False,1.3978026897379634,106234.639490332,311.72212511095637,-0.015794980049405494,-546.3276804703055
409.5,0.005,0.0015630170695543,0.55,1.4017749524585472,106289.49784993978,5.5,5.636673610495007,1.4017749524585472,106289.49784993978,1.3989620795213404,105975.70914863066,False,False,1.3980070515547622,106213.67165454531,311.6361235644749,0.000621007546762975,-262.9325052938948
410.0,0.005,0.0015614719855916,0.55,1.4023480404609483,106289.60676594736,5.5,5.636735423950163,1.4023480404609483,106289.60676594736,1.401451286331684,106582.61768452676,False,False,1.3993168144292158,106259.13083769983,311.61256790087356,0.0029056809904479675,362.89846364650293
410.5,0.005,0.0015599264495961,0.55,1.4029213860526826,106289.71571541711,5.5,5.636797255717393,1.4029213860526826,106289.71571541711,1.3957384651929388,106803.65204250072,False,False,1.4003116081098543,106308.60763101953,311.6384109818893,-0.004116401216500476,542.9064601335558
411.0,0.005,0.0015583804613336,0.55,1.4034949893091269,106289.82469836104,5.5,5.6368591058025945,1.4034949893091269,106289.82469836104,1.404416127588366,106378.80933035653,False,False,1.4012511410755109,106317.350843845,311.5514052230989,0.0035669808039622275,73.39165029287688
411.5,0.005,0.0015568340205699,0.55,1.4040688503056986,106289.93371479172,5.5,5.636920974211949,1.4040688503056986,106289.93371479172,1.397657092633303,106664.12939500244,False,False,1.4019633896928274,106342.37755502385,311.53933513695995,-0.0041314399892640186,350.81895705831994
412.0,0.005,0.0015552871270711,0.55,1.4046429691178537,106290.04276472234,5.5,5.636982860952039,1.4046429691178537,106290.04276472234,,106107.71425369589,True,False,1.4021347594477211,106312.94608609183,311.43256922559056,,-228.200143293594
412.5,0.005,0.0015537397806029,0.55,1.4052173458210864,106290.1518481664,5.5,5.637044766029712,1.4052173458210864,106290.1518481664,1.3979719276371976,106233.33570118314,False,False,1.4021387122736528,106295.17968504208,311.3800506401328,-0.004700197065673928,-75.99241854797583
413.0,0.005,0.0015521919809314,0.55,1.4057919804909311,106290.26096513803,5.5,5.637106689452047,1.4057919804909311,106290.26096513803,1.405406978239882,106290.60533620702,False,False,1.4029102342609592,106296.76308711758,311.2922129218117,0.0027307433358019217,-2.678508160825004
413.5,0.005,0.0015506437278225,0.55,1.4063668732029606,106290.37011565152,5.5,5.637168631226444,1.4063668732029606,106290.37011565152,1.416155264936582,106417.29914177203,False,False,1.4047284540675997,106324.02004079003,311.1540442262396,0.012707579200042396,122.58844968344783
414.0,0.005,0.0015490950210422,0.55,1.4069420240327868,106290.47929972172,5.5,5.637230591360424,1.4069420240327868,106290.47929972172,1.4326587128618895,105831.83642258824,False,False,1.4068834469257092,106307.9042059358,310.8485530269517,0.027393183528918286,-487.4812307900138
414.5,0.005,0.0015475458603566,0.55,1.4075174330560607,106290.58851736374,5.5,5.637292569861802,1.4075174330560607,106290.58851736374,1.397441001129755,106572.78857012522,False,False,1.4069689775970773,106317.9299768535,310.8676148675909,-0.009979504632732228,268.0340513673291
415.0,0.005,0.0015459962455318,0.55,1.408093100348472,106290.69776859286,5.5,5.637354566738544,1.408093100348472,106290.69776859286,1.403448022647601,106687.4617619029,False,False,1.407713834467761,106345.32471484107,310.858394756566,-0.004057918622524692,373.6546029015444
415.5,0.005,0.0015444461763337,0.55,1.4086690259857495,106290.80705342468,5.5,5.637416581998735,1.4086690259857495,106290.80705342468,1.4002706690077504,105946.18650877268,False,False,1.4070009939368822,106289.21446268487,310.77981506003215,-0.007979831532009873,-392.35812729063036
416.0,0.005,0.0015428956525285,0.55,1.4092452100436617,106290.91637187512,5.5,5.637478615650605,1.4092452100436617,106290.91637187512,1.4170884932613543,105884.31447049716,False,False,1.4077476565664548,106260.66083763567,310.6068608722767,0.0095502834868757,-403.5658458927355
416.5,0.005,0.0015413446738822,0.55,1.4098216525980145,106291.02572396016,5.5,5.637540667702609,1.4098216525980145,106291.02572396016,1.398340659540839,106396.19375834544,False,False,1.4076492699953727,106262.22409601526,310.6232193520197,-0.009944410922733793,134.0878182061424
417.0,0.005,0.001539793240161,0.55,1.4103983537246545,106291.13510969616,5.5,5.637602738163186,1.4103983537246545,106291.13510969616,1.4055547832687234,106094.84153786242,False,False,1.4077200464944182,106243.42265710827,310.5597802793208,-0.0026318940319873807,-168.67539865612343
417.5,0.005,0.0015382413511311,0.55,1.4109753134994658,106291.24452909948,5.5,5.637664827041017,1.4109753134994658,106291.24452909948,1.4106793006670908,105579.9956243201,False,False,1.4074844530372508,106184.07952923265,310.41452334104895,0.002421685227435022,-666.555544074814
418.0,0.005,0.0015366890065585,0.55,1.4115525319983728,106291.35398218669,5.5,5.637726934344779,1.4115525319983728,106291.35398218669,1.4017657466035751,106533.92903699428,False,False,1.4079998290635403,106218.33050805546,310.4529229689362,-0.0062568201846584515,340.9034778381756
418.5,0.005,0.0015351362062094,0.55,1.412130009297338,106291.4634689745,5.5,5.637789060083279,1.412130009297338,106291.4634689745,1.402556758874246,106338.14179404482,False,False,1.4082076154175807,106227.28407562595,310.4542028905468,-0.005980841265146752,114.22745135935838
419.0,0.005,0.00153358294985,0.55,1.4127077454723629,106291.5729894798,5.5,5.637851204265399,1.4127077454723629,106291.5729894798,,106148.57889013745,True,False,1.4086122464489643,106223.60752897902,310.39499153003345,,-83.41173727693968
419.5,0.005,0.0015320292372465,0.55,1.4132857405994883,106291.68254371952,5.5,5.637913366900091,1.4132857405994883,106291.68254371952,1.392281338196115,106925.71583153273,False,False,1.4087299163694136,106274.52459467472,310.529674608616,-0.01686858709136363,697.0421272606909
420.0,0.005,0.0015304750681651,0.55,1.4138639947547944,106291.79213171072,5.5,5.637975547996359,1.4138639947547944,106291.79213171072,1.3994092125840611,106333.4634072146,False,False,1.4084924061370618,106266.96314958585,310.536040841019,-0.009857922046030643,58.848361237716745
420.5,0.005,0.0015289204423719,0.55,1.414442508014399,106291.90175347058,5.5,5.638037747563291,1.414442508014399,106291.90175347058,1.4103121671364671,106065.87273537902,False,False,1.40883823683353,106249.57671392306,310.4438002169609,0.0012824581114416755,-201.91879002869246
421.0,0.005,0.0015273653596332,0.55,1.4150212804544602,106292.01140901633,5.5,5.638099965610019,1.4150212804544602,106292.01140901633,1.41650358681788,,False,True,1.4100039385824132,106262.67081937252,310.34238058307716,0.007127918425418045,
421.5,0.005,0.0015258098197152,0.55,1.4156003121511742,106292.12109836529,5.5,5.638162202145695,1.4156003121511742,106292.12109836529,1.4137427122916382,105980.100318136,False,False,1.4103701472152315,106238.56484219509,310.2281081222472,0.003201544538015133,-283.8137540667376
422.0,0.005,0.0015242538223842,0.55,1.4161796031807767,106292.23082153482,5.5,5.638224457179559,1.4161796031807767,106292.23082153482,1.3984399162323828,106063.7187893226,False,False,1.4095624205167,106206.57469057871,310.2314269605579,-0.012467646906321406,-178.44511005874665
422.5,0.005,0.0015226973674063,0.55,1.4167591536195423,106292.34057854244,5.5,5.638286730720852,1.4167591536195423,106292.34057854244,1.4121212907019425,106408.24941918,False,False,1.4105666338165503,106235.75910970628,310.1963773309713,0.0020211104264693525,194.9388413952547
423.0,0.005,0.0015211404545478,0.55,1.4173389635437843,106292.45036940566,5.5,5.638349022778885,1.4173389635437843,106292.45036940566,1.425323339948846,106126.19090754198,False,False,1.4121380707919526,106247.38870136347,310.0420664293974,0.014219279850170796,-113.44163616967853
423.5,0.005,0.001519583083575,0.55,1.4179190330298552,106292.56019414196,5.5,5.638411333362992,1.4179190330298552,106292.56019414196,1.4234776881497684,106157.2679719509,False,False,1.4134473585826952,106255.29030738294,309.90825167916,0.010802410474235247,-92.85294642012741
424.0,0.005,0.0015180252542541,0.55,1.4184993621541462,106292.67005276904,5.5,5.638473662482483,1.4184993621541462,106292.67005276904,1.4177118835388678,106793.35351102128,False,False,1.4150889024949616,106315.50285318994,309.887076574948,0.0037274849018755773,536.1069475344266
424.5,0.005,0.0015164669663514,0.55,1.4190799509930876,106292.77994530452,5.5,5.63853601014677,1.4190799509930876,106292.77994530452,1.4102062522421055,106550.67458026044,False,False,1.4155247125780892,106328.14366435997,309.8716693882137,-0.0054190360934567305,239.09600717923604
425.0,0.005,0.0015149082196331,0.55,1.4196607996231487,106292.88987176608,5.5,5.638598376365255,1.4196607996231487,106292.88987176608,1.4259729633326708,106533.73761779812,False,False,1.4171981712671706,106357.06813310031,309.7552660491719,0.009912008795182725,210.7496720685158
425.5,0.005,0.0015133490138656,0.55,1.4202419081208375,106292.99983217144,5.5,5.638660761147357,1.4202419081208375,106292.99983217144,1.4144526183087385,106451.64484283092,False,False,1.417611864415248,106354.94114969981,309.699458202053,-0.003281416172964624,102.55005484991125
426.0,0.005,0.0015117893488151,0.55,1.4208232765627018,106293.10982653836,5.5,5.63872316450251,1.4208232765627018,106293.10982653836,1.4091307925379617,106438.37029505562,False,False,1.4175325946873247,106344.29874031222,309.6779737915979,-0.00901692341704341,91.19868713511096
426.5,0.005,0.001510229224248,0.55,1.4214049050253272,106293.21985488464,5.5,5.63878558644018,1.4214049050253272,106293.21985488464,1.4133830426737093,106730.19532455676,False,False,1.418256932046269,106370.37493158664,309.66702788436277,-0.004685503345080111,392.6326211611595
427.0,0.005,0.0015086686399304,0.55,1.4219867935853387,106293.32991722808,5.5,5.638848026969842,1.4219867935853387,106293.32991722808,1.4364702465030803,106287.46612143551,False,False,1.4201493776545662,106377.19284232146,309.45987245642505,0.01767764657361237,-73.63877919563674
427.5,0.005,0.0015071075956288,0.55,1.4225689423194006,106293.4400135865,5.5,5.638910486100984,1.4225689423194006,106293.4400135865,1.4247707427014176,106850.09425105643,False,False,1.421733750769084,106420.76112394525,309.3964885546972,0.004085896446737403,482.84485852454964
428.0,0.005,0.0015055460911094,0.55,1.4231513513042156,106293.55014397776,5.5,5.6389729638431145,1.4231513513042156,106293.55014397776,1.4347438218346926,106008.12964358908,False,False,1.4227133004374048,106383.38343778664,309.17031421624125,0.012475102593895837,-398.461814393886
428.5,0.005,0.0015039841261386,0.55,1.423734020616526,106293.66030841976,5.5,5.639035460205738,1.423734020616526,106293.66030841976,1.4189406574834322,106217.14900210338,False,False,1.422663234229758,106351.58779711017,309.08391417436013,-0.0043078686071726935,-155.67303331349103
429.0,0.005,0.0015024217004826,0.55,1.424316950333112,106293.77050693036,5.5,5.639097975198378,1.424316950333112,106293.77050693036,1.4336984437249636,105880.1915985176,False,False,1.4233833552181292,106311.78432893808,308.8819081952155,0.010499699959042097,-463.9221194983256
429.5,0.005,0.0015008588139078,0.55,1.4249001405307942,106293.88073952748,5.5,5.639160508830567,1.4249001405307942,106293.88073952748,1.4188851000946134,106190.7488336196,False,False,1.4233308908678786,106289.8350435928,308.82442405683304,-0.0050340628073648475,-117.43643044099736
430.0,0.005,0.0014992954661805,0.55,1.4254835912864308,106293.99100622906,5.5,5.639223061111872,1.4254835912864308,106293.99100622906,1.4239093175961024,106449.52373611538,False,False,1.424107190016754,106304.46524737611,308.77387655591843,4.2421400212377947e-05,161.1417508956074
430.5,0.005,0.0014977316570671,0.55,1.4260673026769195,106294.101307053,5.5,5.639285632051809,1.4260673026769195,106294.101307053,1.4509308052764764,106729.47537382056,False,False,1.4274409876860257,106379.01422404208,308.5905082125811,0.02628779624890365,427.897194265548
431.0,0.005,0.0014961673863339,0.55,1.4266512747791973,106294.2116420173,5.5,5.639348221659948,1.4266512747791973,106294.2116420173,1.4343227611021934,106095.21338055824,False,False,1.4280958497960636,106349.95137110498,308.4276686597889,0.006346856362539732,-273.630082188145
431.5,0.005,0.0014946026537472,0.55,1.4272355076702394,106294.32201113988,5.5,5.639410829945864,1.4272355076702394,106294.32201113988,1.4222238039169626,106295.9133532196,False,False,1.4280339645063376,106329.4499725777,308.37563210645334,-0.006407170689719965,-46.69111706895637
432.0,0.005,0.0014930374590734,0.55,1.4278200014270606,106294.43241443872,5.5,5.6394734569191085,1.4278200014270606,106294.43241443872,1.4269718110367933,106186.66929448824,False,False,1.4282352084577945,106308.28161290695,308.2901157326058,-0.0015974634060971216,-137.43423663724388
432.5,0.005,0.0014914718020788,0.55,1.428404756126714,106294.54285193176,5.5,5.639536102589274,1.428404756126714,106294.54285193176,1.4316669903355703,106072.96286969628,False,False,1.4286677944138033,106285.71475482355,308.17282747041037,0.0028963001638515617,-232.0408950359124
433.0,0.005,0.0014899056825299,0.55,1.4289897718462925,106294.65332363705,5.5,5.6395987669659,1.4289897718462925,106294.65332363705,1.4410943477414515,105937.83948757284,False,False,1.429672915774794,106265.84554531076,307.9947764311756,0.011890904417207526,-346.80711919588794
433.5,0.005,0.0014883391001929,0.55,1.429575048662927,106294.76382957256,5.5,5.639661450058593,1.429575048662927,106294.76382957256,1.4246837177462257,106312.96217916308,False,False,1.429821495119187,106264.01581329523,307.9716697201026,-0.005524948291714571,46.23613656696398
434.0,0.005,0.0014867720548342,0.55,1.430160586653788,106294.87436975627,5.5,5.639724151876961,1.430160586653788,106294.87436975627,1.4127473958077432,105775.25486962571,False,False,1.4281860100944903,106193.07255686863,307.9619049564052,-0.017609854787872692,-489.8210156169953
434.5,0.005,0.0014852045462202,0.55,1.4307463858960847,106294.9849442062,5.5,5.639786872430567,1.4307463858960847,106294.9849442062,1.4279499677648215,106328.14788945355,False,False,1.4288452895985202,106212.71885423074,307.9399195482809,-0.000772545096601629,127.01143824940664
435.0,0.005,0.0014836365741173,0.55,1.4313324464670651,106295.09555294036,5.5,5.639849611728992,1.4313324464670651,106295.09555294036,1.431486301038703,106301.38113358668,False,False,1.4296762175258544,106229.813991003,307.88994915452815,0.002104731020021955,82.54227132469532
435.5,0.005,0.0014820681382918,0.55,1.4319187684440164,106295.2061959768,5.5,5.639912369781847,1.4319187684440164,106295.2061959768,1.4330141481313687,106097.88110629964,False,False,1.430242672791051,106224.41075592136,307.8064385394538,0.002801862473703398,-136.36345284628624
436.0,0.005,0.0014804992385102,0.55,1.4325053519042648,106295.31687333352,5.5,5.639975146598746,1.4325053519042648,106295.31687333352,1.4456722532660913,105992.04580236056,False,False,1.4316568350890468,106225.51002993877,307.6402332938866,0.014893506337787521,-237.3283768529218
436.5,0.005,0.0014789298745388,0.55,1.4330921969251749,106295.4275850286,5.5,5.640037942189273,1.4330921969251749,106295.4275850286,1.436259067708234,105880.13540054589,False,False,1.43201269375055,106200.94302429094,307.5264692064216,0.004066272336387344,-350.2278339103068
437.0,0.005,0.001477360046144,0.55,1.4336793035841509,106295.53833107998,5.5,5.640100756563042,1.4336793035841509,106295.53833107998,1.4418084733005108,106856.9368543733,False,False,1.4342651546195895,106284.95700689407,307.4997944720655,0.009259628476147697,648.7097772093402
437.5,0.005,0.0014757897530922,0.55,1.4342666719586354,106295.64911150576,5.5,5.640163589729634,1.4342666719586354,106295.64911150576,1.4232555350193874,105893.05749224912,False,False,1.433273461353149,106229.72553442657,307.45879208531966,-0.011544863763137014,-390.88649810676
438.0,0.005,0.0014742189951498,0.55,1.4348543021261104,106295.75992632395,5.5,5.64022644169868,1.4348543021261104,106295.75992632395,1.443533317010356,106763.070634189,False,False,1.4353882686413308,106299.67609711015,307.40775689906565,0.009724051590591865,528.9105413415236
438.5,0.005,0.0014726477720832,0.55,1.4354421941640965,106295.87077555264,5.5,5.64028931247976,1.4354421941640965,106295.87077555264,1.4564043924806591,106475.92020351288,False,False,1.4378734139066207,106342.24590844281,307.23286264159236,0.020481091758503434,178.7079205668415
439.0,0.005,0.0014710760836589,0.55,1.4360303481501533,106295.98165920984,5.5,5.640352202082491,1.4360303481501533,106295.98165920984,1.443759441052655,106186.77536872435,False,False,1.4386287234847277,106327.82399941015,307.10063705022446,0.005351551690554013,-148.81996676584822
439.5,0.005,0.0014695039296431,0.55,1.4366187641618795,106296.0925773136,5.5,5.640415110516508,1.4366187641618795,106296.0925773136,1.4391543213612867,105948.9695241971,False,False,1.4386109963213563,106285.19660349455,306.97964333580444,-8.948965596333736e-06,-373.6130970200611
440.0,0.005,0.0014679313098024,0.55,1.4372074422769123,106296.203529882,5.5,5.640478037791399,1.4372074422769123,106296.203529882,1.4387473241609898,106608.95157894,False,False,1.4395919909365247,106316.0897317027,306.9512655325686,-0.00039859516684237484,324.806552557493
440.5,0.005,0.0014663582239032,0.55,1.4377963825729283,106296.31451693313,5.5,5.640540983916781,1.4377963825729283,106296.31451693313,1.4556678049631886,106815.20987595574,False,False,1.442148202688972,106383.04374266864,306.8379310958203,0.015541234647375335,503.21444638421235
441.0,0.005,0.0014647846717118,0.55,1.4383855851276433,106296.42553848494,5.5,5.640603948902273,1.4383855851276433,106296.42553848494,1.4291137702937349,106016.218215842,False,False,1.4410388540329953,106318.60298089382,306.7850622311753,-0.01356823694788134,-356.15780494670616
441.5,0.005,0.0014632106529947,0.55,1.4389750500188108,106296.5365945556,5.5,5.640666932757474,1.4389750500188108,106296.5365945556,1.4378640264392704,106206.91303279148,False,False,1.4411096995738744,106298.57705482977,306.71878507792167,-0.003709278869331145,-107.34194037529232
442.0,0.005,0.0014616361675183,0.55,1.4395647773242244,106296.64768516312,5.5,5.640729935492029,1.4395647773242244,106296.64768516312,1.4441668532536065,106612.13481460125,False,False,1.4423178003591774,106331.18965434877,306.66803476691445,0.0025225316049610758,315.93631412880495
442.5,0.005,0.0014600612150491,0.55,1.440154767121716,106296.75881032555,5.5,5.640792957115519,1.440154767121716,106296.75881032555,1.4475947781998482,106397.49381833362,False,False,1.4433483879289946,106339.11019285326,306.5673008262658,0.004742730771526649,71.89485544251511
443.0,0.005,0.0014584857953535,0.55,1.4407450194891571,106296.86997006106,5.5,5.640855997637561,1.4407450194891571,106296.86997006106,1.4363717404320733,106896.8582569079,False,False,1.4440976603105353,106379.35693932357,306.59345001189007,-0.007510749613492518,564.1218409318535
443.5,0.005,0.0014569099081979,0.55,1.4413355345044574,106296.98116438762,5.5,5.640919057067809,1.4413355345044574,106296.98116438762,1.4444087484517298,106125.9378295462,False,False,1.4442536822816614,106344.31997400992,306.473761333109,-0.00022260624571446286,-243.09776987566147
444.0,0.005,0.0014553335533488,0.55,1.441926312245566,106297.09239332331,5.5,5.6409821354158485,1.441926312245566,106297.09239332331,1.4391470974320546,106459.77975583416,False,False,1.4445044145020047,106342.2181887263,306.43763809540536,-0.005640575025726902,122.34995200604317
444.5,0.005,0.0014537567305726,0.55,1.4425173527904704,106297.20365688628,5.5,5.6410452326912965,1.4425173527904704,106297.20365688628,1.4437220641184831,105921.92526590376,False,False,1.4443193463881416,106292.26161883843,306.31586403346273,-0.0013163406566143454,-413.6076073284639
445.0,0.005,0.0014521794396358,0.55,1.4431086562171975,106297.31495509452,5.5,5.641108348903796,1.4431086562171975,106297.31495509452,1.4417877408134587,106926.08247424423,False,False,1.4455389254633457,106350.17719957218,306.3365121253113,-0.003066047950369466,635.5893811280112
445.5,0.005,0.0014506016803048,0.55,1.4437002226038136,106297.42628796614,5.5,5.641171484062948,1.4437002226038136,106297.42628796614,1.432284285825258,106078.32404427968,False,False,1.4445481468461239,106297.84459880025,306.3045284680962,-0.013788484458735262,-264.3807015168568
446.0,0.005,0.001449023452346,0.55,1.4442920520284226,106297.53765551926,5.5,5.641234638178357,1.4442920520284226,106297.53765551926,1.4440809161781882,105635.1475467307,False,False,1.4440262244643527,106228.00806345123,306.16580786651724,-0.0010016072411196397,-660.3770327099046
446.5,0.005,0.001447444755526,0.55,1.4448841445691682,106297.6490577719,5.5,5.641297811259683,1.4448841445691682,106297.6490577719,1.4536556597897865,106259.919851394,False,False,1.4453496153834067,106247.38555742562,306.0631063328251,0.009094406409713596,27.32092880323762
447.0,0.005,0.0014458655896111,0.55,1.4454765003042331,106297.7604947422,5.5,5.641361003316498,1.4454765003042331,106297.7604947422,1.4358063173888165,106255.9313084082,False,False,1.4450639154315115,106237.28156790759,306.06822551303884,-0.010078059319087895,5.8794302431779215
447.5,0.005,0.0014442859543679,0.55,1.4460691193118385,106297.8719664482,5.5,5.641424214358475,1.4460691193118385,106297.8719664482,1.4436582018240902,106872.54342021674,False,False,1.446369288856239,106301.56878137215,306.09696447581575,-0.0019405847660740605,631.5928984945494
448.0,0.005,0.0014427058495628,0.55,1.4466620016702447,106297.98347290805,5.5,5.641487444395185,1.4466620016702447,106297.98347290805,1.453309802314816,106196.33757929291,False,False,1.4472792713380043,106297.1054090313,305.9750395128736,0.0064063029321115295,-102.53657750260027
448.5,0.005,0.0014411252749623,0.55,1.447255147457751,106298.09501413976,5.5,5.641550693436283,1.447255147457751,106298.09501413976,1.4365564963902793,106294.30189089711,False,False,1.4468865342897155,106279.84693792112,305.9724279274804,-0.011256958046686139,-0.5456528069480555
449.0,0.005,0.0014395442303328,0.55,1.4478485567526955,106298.20659016146,5.5,5.641613961491381,1.4478485567526955,106298.20659016146,1.449674940127777,106476.2382517353,False,False,1.4478968013401907,106302.02993170299,305.9151926863536,0.0022540424483759036,196.94278223115543
449.5,0.005,0.0014379627154409,0.55,1.4484422296334554,106298.31820099126,5.5,5.641677248570083,1.4484422296334554,106298.31820099126,1.437840931443921,106774.1994059241,False,False,1.4482606657668378,106332.86214616829,305.96029309745245,-0.010589964582957245,474.9158803415921
450.0,0.005,0.0014363807300529,0.55,1.4490361661784463,106298.42984664722,5.5,5.641740554682042,1.4490361661784463,106298.42984664722,1.4603824711867843,106279.46096232338,False,False,1.4496773641306226,106337.70264276596,305.8043474442878,0.011588007768137842,-47.61476636020234
450.5,0.005,0.0014347982739355,0.55,1.449630366466124,106298.54152714748,5.5,5.64180387983686,1.449630366466124,106298.54152714748,1.4727585802849226,106610.38489522383,False,False,1.4524778415718955,106389.52238399573,305.6174062926374,0.022547564460389857,278.9526476123865
451.0,0.005,0.001433215346855,0.55,1.4502248305749814,106298.65324251007,5.5,5.6418672240441685,1.4502248305749814,106298.65324251007,1.470447383417439,106454.07861892835,False,False,1.4545571903701011,106409.05685912732,305.42402347873093,0.017436548096690707,75.93388255895115
451.5,0.005,0.0014316319485779,0.55,1.4508195585835515,106298.76499275316,5.5,5.641930587313573,1.4508195585835515,106298.76499275316,1.4486277518058204,106209.89439232455,False,False,1.4542831583570337,106368.3564823331,305.34007004182496,-0.0064621101043502716,-185.85492354317103
452.0,0.005,0.0014300480788708,0.55,1.4514145505704066,106298.87677789478,5.5,5.641993969654712,1.4514145505704066,106298.87677789478,1.458816541857813,106322.1431104921,False,False,1.4550904807019946,106360.6450149271,305.2211081953226,0.004000336307634411,-36.90023263443436
452.5,0.005,0.0014284637375001,0.55,1.4520098066141565,106298.98859795308,5.5,5.642057371077202,1.4520098066141565,106298.98859795308,1.453219783899158,106307.5907616101,False,False,1.4553601082835506,106344.39189461131,305.14213436149345,-0.0024037525623554767,-44.49413657805417
453.0,0.005,0.0014268789242324,0.55,1.4526053267934511,106299.10045294616,5.5,5.642120791590669,1.4526053267934511,106299.10045294616,1.453626385754144,106024.29306223088,False,False,1.4552439331199123,106302.81403163826,305.0367575776971,-0.0022669007833879817,-313.1375843088899
453.5,0.005,0.001425293638834,0.55,1.4532011111869787,106299.21234289207,5.5,5.642184231204734,1.4532011111869787,106299.21234289207,1.468678681796357,106663.31656922592,False,False,1.4573746748676668,106353.7704228277,304.92744553658565,0.012901197978031798,363.35691724318895
454.0,0.005,0.0014237078810716,0.55,1.4537971598734667,106299.32426780896,5.5,5.642247689929021,1.4537971598734667,106299.32426780896,1.4406053641116252,105883.63819200853,False,False,1.4558015299225828,106276.20279016833,304.89357470574896,-0.017302260091277333,-462.2346819018712
454.5,0.005,0.0014221216507116,0.55,1.4543934729316814,106299.436227715,5.5,5.642311167773126,1.4543934729316814,106299.436227715,1.4649464189063426,106650.78690448024,False,False,1.457596287386313,106325.19510112835,304.8189470728778,0.008611145855605074,374.80314403554075
455.0,0.005,0.0014205349475205,0.55,1.454990050440428,106299.54822262816,5.5,5.642374664746746,1.454990050440428,106299.54822262816,1.4545002904888706,106585.87402136553,False,False,1.4582239341066152,106342.10290768431,304.79215626600086,-0.003629179966688989,265.7576246090757
455.5,0.005,0.0014189477712648,0.55,1.4555868924785509,106299.66025256662,5.5,5.6424381808594175,1.4555868924785509,106299.66025256662,1.469672298684592,106271.74547514268,False,False,1.4595601647414245,106343.45933042087,304.63581042015136,0.010915375150898798,-63.60548055631807
456.0,0.005,0.0014173601217111,0.55,1.456183999124932,106299.77231754852,5.5,5.64250171612082,1.456183999124932,106299.77231754852,1.4580563328139269,106070.1390133064,False,False,1.4595315038679468,106306.9373095427,304.5346236263889,-0.0020367121009563505,-266.4268054704007
456.5,0.005,0.0014157719986258,0.55,1.4567813704584944,106299.88441759192,5.5,5.642565270540563,1.4567813704584944,106299.88441759192,1.4500546505132326,106231.95689189334,False,False,1.4591359067397078,106283.11202885247,304.5137829347399,-0.010010054980030825,-71.69945787457982
457.0,0.005,0.0014141834017755,0.55,1.4573790065581984,106299.99655271492,5.5,5.642628844128259,1.4573790065581984,106299.99655271492,1.460150410325712,106441.82895011349,False,False,1.4599445989449846,106298.93504305319,304.4621843605329,0.00048106455778240687,159.63284319046943
457.5,0.005,0.0014125943309266,0.55,1.457976907503044,106300.10872293572,5.5,5.642692436893541,1.457976907503044,106300.10872293572,1.4653365784533408,106523.0262547449,False,False,1.4612120096912486,106325.77508492256,304.38710403296113,0.004858738005068641,226.5805703959777
458.0,0.005,0.0014110047858457,0.55,1.4585750733720697,106300.22092827236,5.5,5.642756048846044,1.4585750733720697,106300.22092827236,1.4589327101131817,106386.29661733432,False,False,1.46161086603262,106323.51238542097,304.33280670149605,-0.0028122139286048675,65.67591712586
458.5,0.005,0.0014094147662993,0.55,1.4591735042443532,106300.33316874302,5.5,5.642819679995377,1.4591735042443532,106300.33316874302,1.4640538870099191,106597.97406958528,False,False,1.4627139258938815,106349.35870571816,304.2745070447457,0.0019101159194012673,279.39409844597685
459.0,0.005,0.001407824272054,0.55,1.4597722001990108,106300.44544436572,5.5,5.6428833303511885,1.4597722001990108,106300.44544436572,1.454555448441991,106133.21507275748,False,False,1.4622233683499428,106309.19320486426,304.21839620467983,-0.00869107636502453,-208.64891833440925
459.5,0.005,0.0014062333028762,0.55,1.4603711613151982,106300.5577551587,5.5,5.642946999923061,1.4603711613151982,106300.5577551587,1.4390323223067474,106370.93067470872,False,False,1.4609027758025976,106280.7287363527,304.295206113352,-0.02372403162711012,65.25388513182406
460.0,0.005,0.0014046418585324,0.55,1.4609703876721094,106300.67010113996,5.5,5.643010688720668,1.4609703876721094,106300.67010113996,1.4699706235098429,105830.16635787912,False,False,1.46147345910296,106246.00288531632,304.12741105582336,0.008534516793637259,-449.87730326903693
460.5,0.005,0.0014030499387893,0.55,1.4615698793489778,106300.78248232776,5.5,5.643074396753583,1.4615698793489778,106300.78248232776,1.4685614767108206,106529.87047997896,False,False,1.4629606373086925,106285.82800401519,304.0631720694288,0.006554424281818516,281.095788673425
461.0,0.005,0.0014014575434133,0.55,1.4621696364250756,106300.8948987401,5.5,5.643138124031485,1.4621696364250756,106300.8948987401,1.463651420271219,106346.84777432556,False,False,1.4635986589333003,106291.1193993875,304.00183927872473,0.00015764681255814317,62.218868559531984
461.5,0.005,0.001399864672171,0.55,1.4627696589797137,106301.00735039516,5.5,5.643201870563963,1.4627696589797137,106301.00735039516,1.4634537646018169,106176.33509724274,False,False,1.4639088925852697,106277.07430774467,303.92449077676855,-0.0006779376751380184,-113.05681018948962
462.0,0.005,0.0013982713248289,0.55,1.463369947092242,106301.11983731104,5.5,5.6432656363606535,1.463369947092242,106301.11983731104,1.4737329047857894,106649.58256292682,False,False,1.4657566507968935,106326.76504985962,303.8450548433607,0.00929086864451878,372.839568303898
462.5,0.005,0.0013966775011535,0.55,1.4639705008420498,106301.23235950594,5.5,5.643329421431177,1.4639705008420498,106301.23235950594,1.4593994335872842,106508.69020414488,False,False,1.4659998702899948,106331.25344134025,303.828718891986,-0.006889791866640627,187.20082270501007
463.0,0.005,0.0013950832009113,0.55,1.4645713203085646,106301.3449169979,5.5,5.643393225785178,1.4645713203085646,106301.3449169979,1.4575059796549794,105456.42664447468,False,False,1.464504330973423,106225.62176541988,303.7060274001805,-0.009026408403276509,-869.1049712928361
463.5,0.005,0.001393488423869,0.55,1.4651724055712532,106301.45750980511,5.5,5.64345704943225,1.4651724055712532,106301.45750980511,1.4632869068762933,106313.42248428534,False,False,1.4650163806779426,106236.47388885985,303.6757138743331,-0.001750974571645303,82.9967574399052
464.0,0.005,0.001391893169793,0.55,1.465773756709621,106301.5701379457,5.5,5.643520892382062,1.465773756709621,106301.5701379457,1.4776647285951363,105865.06293892737,False,False,1.4659922017883784,106218.43695861624,303.5072778975783,0.012114929869242896,-375.12835423216166
464.5,0.005,0.0013902974384499,0.55,1.4663753738032126,106301.68280143775,5.5,5.6435847546442055,1.4663753738032126,106301.68280143775,1.4525042447605678,106621.68076377828,False,False,1.4659597114542906,106245.4485502716,303.588352967508,-0.014021461766814625,397.7216648462054
465.0,0.005,0.0013887012296063,0.55,1.4669772569316115,106301.79550029946,5.5,5.643648636228314,1.4669772569316115,106301.79550029946,1.4788955568577515,107048.5179471709,False,False,1.468694161482459,106345.55263290461,303.5464859123683,0.01240257476511819,800.2510092294979
465.5,0.005,0.0013871045430286,0.55,1.46757940617444,106301.90823454894,5.5,5.643712537144014,1.46757940617444,106301.90823454894,1.4611868776323849,106146.34818133434,False,False,1.4682810127553096,106308.24459493707,303.48952220086784,-0.0080394808569757,-192.0507254832919
466.0,0.005,0.0013855073784834,0.55,1.4681818216113596,106302.02100420432,5.5,5.643776457400953,1.4681818216113596,106302.02100420432,1.4571743866141194,106324.39474995492,False,False,1.4678857827304532,106291.28763811823,303.48848395819476,-0.011639178719351273,19.599213291759952
466.5,0.005,0.0013839097357373,0.55,1.46878450332207,106302.13380928375,5.5,5.643840397008736,1.46878450332207,106302.13380928375,1.4813851216834932,106226.8237371112,False,False,1.4693916832131435,106300.44172571173,303.3341147941755,0.012966609514331928,-62.703613664984005
467.0,0.005,0.0013823116145569,0.55,1.4693874513863106,106302.24664980538,5.5,5.643904355976997,1.4693874513863106,106302.24664980538,1.468418550438349,106407.49058347144,False,False,1.4699627768862151,106306.8718408535,303.28400457452716,-0.0015056726206483795,109.72642571189499
467.5,0.005,0.0013807130147086,0.55,1.469990665883859,106302.35952578734,5.5,5.643968334315356,1.469990665883859,106302.35952578734,1.4569883222400095,106495.72423046998,False,False,1.4696693783892225,106305.03590640865,303.3139368671281,-0.013506896802392365,192.17230655104504
468.0,0.005,0.0013791139359591,0.55,1.4705941468945325,106302.47243724776,5.5,5.644032332033452,1.4705941468945325,106302.47243724776,1.4670068163039682,106688.63061820983,False,False,1.4705112899114356,106336.82154827903,303.30367780220956,-0.003195041616465444,386.7306768556009
468.5,0.005,0.0013775143780748,0.55,1.4711978944981867,106302.58538420478,5.5,5.644096349140897,1.4711978944981867,106302.58538420478,1.4805084188070572,106006.35898385545,False,False,1.4713413636685433,106310.2577485959,303.12840320537293,0.009464987874123088,-324.1640939823119
469.0,0.005,0.0013759143408224,0.55,1.4718019087747165,106302.6983666766,5.5,5.644160385647328,1.4718019087747165,106302.6983666766,1.483722650700934,106774.18881022368,False,False,1.4735393766884188,106369.84322897755,303.0346633981512,0.011848974716432759,467.5940277873742
469.5,0.005,0.0013743138239683,0.55,1.4724061898040548,106302.8113846813,5.5,5.644224441562389,1.4724061898040548,106302.8113846813,1.4681352029848442,106023.35722786824,False,False,1.4730837799502017,106318.08927262867,302.9418423754824,-0.005935807128669479,-336.8956557795318
470.0,0.005,0.0013727128272793,0.55,1.473010737666175,106302.92443823708,5.5,5.644288516895674,1.473010737666175,106302.92443823708,1.4770739452571475,106386.05104804807,False,False,1.4740072222130554,106325.60199434833,302.8525334506251,0.003458047984473245,72.41222081422166
470.5,0.005,0.0013711113505217,0.55,1.473615552441088,106303.03752736207,5.5,5.644352611656834,1.473615552441088,106303.03752736207,1.4807563987650323,106650.6105192351,False,False,1.4755389776571068,106362.25568040718,302.7732236818058,0.006217191819182011,330.2110066925816
471.0,0.005,0.0013695093934622,0.55,1.4742206342088444,106303.15065207446,5.5,5.644416725855503,1.4742206342088444,106303.15065207446,1.467774369271681,106517.11027359386,False,False,1.4756316612512779,106358.996565322,302.7528304710988,-0.008296162739111601,163.70647939988703
471.5,0.005,0.0013679069558674,0.55,1.4748259830495332,106303.26381239232,5.5,5.6444808595013,1.4748259830495332,106303.26381239232,1.4783763438011976,106021.6913300958,False,False,1.4758577574576428,106319.95806912905,302.61460043408044,0.0022131065616632917,-328.7760097175924
472.0,0.005,0.0013663040375038,0.55,1.4754315990432825,106303.37700833386,5.5,5.644545012603832,1.4754315990432825,106303.37700833386,1.4751128198957268,106092.7999232865,False,False,1.475955321363923,106290.97901963697,302.5204248649119,-0.0012768370276388108,-222.50816576571378
472.5,0.005,0.0013647006381379,0.55,1.4760374822702595,106303.49023991729,5.5,5.644609185172762,1.4760374822702595,106303.49023991729,,106164.79096909791,True,False,1.476286909585566,106276.30893089624,302.43893438383066,,-124.4282300749037
473.0,0.005,0.0013630967575364,0.55,1.4766436328106702,106303.60350716065,5.5,5.644673377217723,1.4766436328106702,106303.60350716065,1.471722153456881,106288.25272282286,False,False,1.4763897066233564,106270.09619773229,302.4089359544781,-0.005097004862534726,12.238124579875148
473.5,0.005,0.0013614923954658,0.55,1.4772500507447592,106303.71681008216,5.5,5.644737588748306,1.4772500507447592,106303.71681008216,1.4779203955634312,106647.80278457778,False,False,1.477587120929929,106310.32882963856,302.37988177102017,0.0009983934948185613,377.37940981955035
474.0,0.005,0.0013598875516926,0.55,1.4778567361528103,106303.83014869998,5.5,5.644801819774172,1.4778567361528103,106303.83014869998,1.4781552710223969,105916.28671744945,False,False,1.4775312934263432,106266.91141560621,302.26307875657955,3.629235999480507e-05,-390.3438465343934
474.5,0.005,0.0013582822259835,0.55,1.4784636891151466,106303.94352303229,5.5,5.644866070304937,1.4784636891151466,106303.94352303229,1.4728087895819033,106443.9539744161,False,False,1.4778794641588453,106278.40044270894,302.2540326627968,-0.005254744042120674,176.39966971309332
475.0,0.005,0.001356676418105,0.55,1.479070909712129,106304.05693309722,5.5,5.644930340350236,1.479070909712129,106304.05693309722,1.4748114586281276,106487.04866274908,False,False,1.4784178412975997,106294.31574554884,302.23476608219823,-0.0036001202380837594,209.15699539917114
475.5,0.005,0.0013550701278236,0.55,1.4796783980241583,106304.17037891295,5.5,5.644994629919697,1.4796783980241583,106304.17037891295,1.4908117704075616,106471.65699556026,False,False,1.4802162949134676,106326.30425851374,302.11009542564767,0.01186199222650397,179.44392408485874
476.0,0.005,0.0013534633549061,0.55,1.480286154131674,106304.28386049764,5.5,5.64505893902295,1.480286154131674,106304.28386049764,1.482424425483444,106444.17576083505,False,False,1.4810710986663098,106335.77760133146,302.0345164546835,0.0016766027574510733,123.17585686694656
476.5,0.005,0.0013518560991188,0.55,1.4808941781151543,106304.39737786948,5.5,5.645123267669618,1.4808941781151543,106304.39737786948,1.4897451217810371,106759.89281426543,False,False,1.4829206038390765,106384.25093659601,301.9503316414924,0.008142639706236077,430.3684412606235
477.0,0.005,0.0013502483602285,0.55,1.4815024700551165,106304.5109310466,5.5,5.645187615869348,1.4815024700551165,106304.5109310466,1.4935206923744904,106450.85343405648,False,False,1.484406457990142,106394.52647847906,301.80123554523107,0.010069260274882641,77.68823079190042
477.5,0.005,0.0013486401380016,0.55,1.482111030032116,106304.6245200472,5.5,5.645251983631757,1.482111030032116,106304.6245200472,1.4879994526285116,106561.7122934152,False,False,1.4854573796197712,106404.83885468295,301.70439429891275,0.0030623630583157535,179.3025138683297
478.0,0.005,0.0013470314322048,0.55,1.482719858126749,106304.73814488946,5.5,5.645316370966476,1.482719858126749,106304.73814488946,1.505428721260573,106473.80209636768,False,False,1.4877237530716154,106426.03115077477,301.49250148276076,0.01944087549099649,82.11113569822919
478.5,0.005,0.0013454222426046,0.55,1.483328954419648,106304.85180559156,5.5,5.645380777883148,1.483328954419648,106304.85180559156,1.4750759141020091,106842.78565541004,False,False,1.4878018419360155,106437.52349319588,301.51568566781043,-0.013177957733157664,432.02196436976374
479.0,0.005,0.0013438125689676,0.55,1.4839383189914868,106304.9655021716,5.5,5.645445204391405,1.4839383189914868,106304.9655021716,,105735.02408030274,True,False,1.4872232567175696,106349.22716146961,301.3349448340912,,-686.0938064227084
479.5,0.005,0.0013422024110603,0.55,1.4845479519229767,106305.07923464784,5.5,5.645509650500852,1.4845479519229767,106305.07923464784,1.4813665121926658,106689.7118077836,False,False,1.487732745865584,106368.65425795343,301.32888083195706,-0.006387565373359383,348.11466906176065
480.0,0.005,0.0013405917686495,0.55,1.4851578532948684,106305.1930030384,5.5,5.645574116221138,1.4851578532948684,106305.1930030384,1.5037156859285812,106226.88377076238,False,False,1.4894105702961995,106366.80060756711,301.12238988088967,0.015452324652550642,-132.20080289960606
480.5,0.005,0.0013389806415015,0.55,1.4857680231879515,106305.30680736154,5.5,5.645638601561902,1.4857680231879515,106305.30680736154,1.502772424401876,106221.09174923065,False,False,1.490843366494243,106360.87077565932,300.9337613350156,0.012831343956021701,-136.31237580503512
481.0,0.005,0.0013373690293831,0.55,1.4863784616830544,106305.42064763536,5.5,5.645703106532779,1.4863784616830544,106305.42064763536,1.466836349862987,106014.57762466744,False,False,1.488766358938541,106284.34478828502,300.9661664254381,-0.02453747460557021,-337.4784583787987
481.5,0.005,0.0013357569320608,0.55,1.4869891688610444,106305.53452387809,5.5,5.645767631143376,1.4869891688610444,106305.53452387809,1.4773005064359257,105744.92588347604,False,False,1.4874770208452932,106212.15045314886,300.91615273819787,-0.011997125190841729,-538.2770589111315
482.0,0.005,0.0013341443493011,0.55,1.4876001448028275,106305.64843610786,5.5,5.645832175403345,1.4876001448028275,106305.64843610786,1.494243273910771,106191.0799818406,False,False,1.4884960594191343,106223.80967188896,300.82712507644595,0.006234258454424602,-27.20938727124303
482.5,0.005,0.0013325312808707,0.55,1.4882113895893492,106305.76238434296,5.5,5.645896739322312,1.4882113895893492,106305.76238434296,1.496110061688194,106099.57439148762,False,False,1.4894335372039131,106225.00530440644,300.718219074279,0.007082183250505469,-129.1943682735582
483.0,0.005,0.0013309177265361,0.55,1.4888229033015932,106305.87636860144,5.5,5.645961322909931,1.4888229033015932,106305.87636860144,1.496188545463186,106454.12856243966,False,False,1.4908178085075612,106260.96663699482,300.6541584259076,0.0062232677223006405,224.2860882943496
483.5,0.005,0.001329303686064,0.55,1.4894346860205825,106305.9903889016,5.5,5.646025926175794,1.4894346860205825,106305.9903889016,1.488726032738849,105864.31164702035,False,False,1.4905431618122211,106218.10007433983,300.5657673474703,-0.0026231029867047617,-397.859414303035
484.0,0.005,0.0013276891592208,0.55,1.490046737827379,106306.10444526156,5.5,5.6460905491295685,1.490046737827379,106306.10444526156,1.4945979460730137,106735.58839912478,False,False,1.4921224508455755,106280.5101910471,300.55310179456905,0.003523064160937839,511.95373236697924
484.5,0.005,0.0013260741457732,0.55,1.4906590588030837,106306.21853769956,5.5,5.646155191780854,1.4906590588030837,106306.21853769956,1.4971892731609466,106387.79869066388,False,False,1.493190325706659,106296.80521823918,300.47118527584144,0.004535759496096414,108.05632919046911
485.0,0.005,0.0013244586454878,0.55,1.4912716490288356,106306.33266623378,5.5,5.646219854139333,1.4912716490288356,106306.33266623378,1.4904929363334622,106231.96185877454,False,False,1.4933609059385307,106283.721872798,300.41375876764147,-0.0032282333599369384,-62.43258174195944
485.5,0.005,0.0013228426581311,0.55,1.4918845085858137,106306.4468308824,5.5,5.646284536214607,1.4918845085858137,106306.4468308824,1.50215752826943,106093.61982612664,False,False,1.4942981984040185,106274.27739372951,300.2747417707847,0.008265677100020685,-189.0066916896467
486.0,0.005,0.0013212261834698,0.55,1.4924976375552357,106306.5610316636,5.5,5.64634923801631,1.4924976375552357,106306.5610316636,,106070.39891502786,True,False,1.4945012166913145,106252.85582335631,300.18989166070685,,-203.7313294839696
486.5,0.005,0.0013196092212703,0.55,1.493111036018357,106306.67526859565,5.5,5.646413959554068,1.493111036018357,106306.67526859565,1.499448971214057,105967.64911920944,False,False,1.4949753603460882,106231.39277387783,300.07245655293383,0.004416623770791217,-287.22060102214164
487.0,0.005,0.0013179917712994,0.55,1.4937247040564738,106306.78954169666,5.5,5.6464787008375525,1.4937247040564738,106306.78954169666,1.4833841779336163,106143.48132422451,False,False,1.4943060337811263,106209.43851043229,300.0906030841254,-0.0121224653436669,-92.09526007974637
487.5,0.005,0.0013163738333235,0.55,1.49433864175092,106306.90385098488,5.5,5.646543461876359,1.49433864175092,106306.90385098488,1.5039254198306138,106308.71897545324,False,False,1.4957633285151146,106237.68809036638,299.9958440691175,0.009087863644636762,92.87071950058453
488.0,0.005,0.0013147554071093,0.55,1.4949528491830684,106307.01819647852,5.5,5.646608242680132,1.4949528491830684,106307.01819647852,1.4926660049341565,106253.80916164543,False,False,1.4960023380569751,106237.63541624136,299.96706311563014,-0.0036284946844200583,12.57583047405933
488.5,0.005,0.0013131364924233,0.55,1.4955673264343312,106307.13257819574,5.5,5.6466730432585255,1.4955673264343312,106307.13257819574,1.4866794537234909,105882.7862160543,False,False,1.4951620648542803,106191.39906052106,299.9371294875256,-0.009854038575646484,-358.39937707250647
489.0,0.005,0.0013115170890321,0.55,1.4961820735861593,106307.2469961548,5.5,5.646737863621151,1.4961820735861593,106307.2469961548,1.4999210951536015,106227.49852384168,False,False,1.4960925963620586,106208.11059493934,299.8728888528377,0.004227413032999117,27.85755315698043
489.5,0.005,0.0013098971967024,0.55,1.4967970907200423,106307.3614503739,5.5,5.646802703777658,1.4967970907200423,106307.3614503739,1.4876837557415847,106039.40657577277,False,False,1.4956122654173813,106184.90256868844,299.8648750498486,-0.008940244990097934,-175.24767703705584
490.0,0.005,0.0013082768152006,0.55,1.4974123779175088,106307.47594087118,5.5,5.646867563737698,1.4974123779175088,106307.47594087118,1.488284698941955,106355.4405963898,False,False,1.4957226116993272,106199.86096378832,299.8939031140513,-0.007859207610922958,161.63510064122966
490.5,0.005,0.0013066559442934,0.55,1.498027935260127,106307.59046766492,5.5,5.646932443510864,1.498027935260127,106307.59046766492,1.4823549917005958,106866.98603022614,False,False,1.4960632602239587,106256.08490007604,300.0118566642816,-0.013899122962453436,659.7432855987281
491.0,0.005,0.0013050345837473,0.55,1.4986437628295022,106307.70503077332,5.5,5.646997343106814,1.4986437628295022,106307.70503077332,1.498376685281521,106495.2118390073,False,False,1.4970930602621262,106284.38687807965,299.9683472564318,0.0017824355067690423,237.44294220599113
491.5,0.005,0.001303412733329,0.55,1.499259860707281,106307.81963021457,5.5,5.647062262535204,1.499259860707281,106307.81963021457,1.504228095924189,106213.8836485679,False,False,1.4980710136252606,106284.89313260069,299.8525697718402,0.006604366323868627,-69.32773076226295
492.0,0.005,0.001301790392805,0.55,1.4998762289751464,106307.93426600688,5.5,5.647127201805635,1.4998762289751464,106307.93426600688,1.5101064888364588,105820.46931396452,False,False,1.498873189719592,106251.51443201631,299.6622918181813,0.011504881004527956,-463.19380362505035
492.5,0.005,0.0013001675619419,0.55,1.5004928677148228,106308.04893816852,5.5,5.647192160927768,1.5004928677148228,106308.04893816852,1.4990755890969327,105883.63164556488,False,False,1.4988306527325952,106215.3354494541,299.56535050355524,-0.00032842641681130047,-370.0225057100761
493.0,0.005,0.0012985442405063,0.55,1.5011097770080717,106308.16364671766,5.5,5.647257139911244,1.5011097770080717,106308.16364671766,1.5115883290925485,105802.14664907494,False,False,1.4997563347158314,106194.50850504794,299.3957637468185,0.012226533274691365,-418.9970020193723
493.5,0.005,0.0012969204282648,0.55,1.5017269569366942,106308.27839167252,5.5,5.6473221387656825,1.5017269569366942,106308.27839167252,1.5019065666880422,106526.06893069277,False,False,1.5008987857029363,106237.68620427873,299.38063499506484,0.001618974962858788,323.63423133712786
494.0,0.005,0.0012952961249839,0.55,1.5023444075825303,106308.39317305136,5.5,5.647387157500724,1.5023444075825303,106308.39317305136,1.5014115227727347,106078.87236803817,False,False,1.5011882905202112,106224.57910882497,299.3090218062462,-1.806214454891375e-05,-162.35074137919582
494.5,0.005,0.0012936713304302,0.55,1.5029621290274586,106308.50799087236,5.5,5.647452196126027,1.5029621290274586,106308.50799087236,1.5086977585060366,106327.28806860965,False,False,1.5024398736654683,106248.74325292239,299.22715970988776,0.00697857594600837,97.841973912291
495.0,0.005,0.0012920460443703,0.55,1.5035801213533968,106308.62284515376,5.5,5.647517254651214,1.5035801213533968,106308.62284515376,1.5141640491146544,106122.01859039105,False,False,1.5037029766607342,106252.81943297222,299.08730402626566,0.011193583669925511,-129.13737077952828
495.5,0.005,0.0012904202665708,0.55,1.5041983846423015,106308.73773591378,5.5,5.647582333085908,1.5041983846423015,106308.73773591378,1.5007840400977157,106336.09669847584,False,False,1.5040693257762783,106258.55926455108,299.05956534220775,-0.003449401659510354,81.28060684395314
496.0,0.005,0.0012887939967983,0.55,1.5048169189761686,106308.85266317066,5.5,5.647647431439764,1.5048169189761686,106308.85266317066,1.502379302756609,106729.3558024375,False,False,1.5051114910320964,106305.18075254418,299.06585342112527,-0.0022204118762700897,469.3826093992684
496.5,0.005,0.0012871672348193,0.55,1.505435724437032,106308.96762694264,5.5,5.647712549722431,1.505435724437032,106308.96762694264,1.5038274103900335,106103.48384730743,False,False,1.5051979420751262,106279.07168563477,298.9820409350946,-0.0018139904466110135,-198.3923036849592
497.0,0.005,0.0012855399804004,0.55,1.5060548011069652,106309.08262724787,5.5,5.647777687943544,1.5060548011069652,106309.08262724787,1.5068824923768835,106206.79602547945,False,False,1.505716999173284,106272.5874345534,298.90159853696787,0.001154420704747361,-71.60905502355308
497.5,0.005,0.0012839122333083,0.55,1.5066741490680804,106309.1976641047,5.5,5.647842846112707,1.5066741490680804,106309.1976641047,1.4976700669720289,106067.29449070562,False,False,1.5052373137739292,106240.05895741581,298.8675745009383,-0.008577080471489085,-205.28106218889297
498.0,0.005,0.0012822839933094,0.55,1.507293768402529,106309.31273753128,5.5,5.647908024239598,1.507293768402529,106309.31273753128,1.5175738290031917,106571.68520858708,False,False,1.5072248963707873,106292.80104701717,298.7777184699951,0.011806050424034487,328.33763129364525
498.5,0.005,0.0012806552601703,0.55,1.5079136591925006,106309.4278475459,5.5,5.647973222333855,1.5079136591925006,106309.4278475459,1.5039095628747172,106001.71269057164,False,False,1.5070099293260832,106255.88866725379,298.6997181690111,-0.0038451979310325513,-289.0255966752302
499.0,0.005,0.0012790260336577,0.55,1.5085338215202244,106309.54299416675,5.5,5.648038440405108,1.5085338215202244,106309.54299416675,1.513158256088003,105969.64802081409,False,False,1.5075753791997133,106235.47207517373,298.5745875208658,0.005618127234766845,-287.91820325219305
499.5,0.005,0.0012773963135381,0.55,1.509154255467968,106309.65817741209,5.5,5.648103678463005,1.509154255467968,106309.65817741209,1.5008995297457288,105893.3592877406,False,False,1.5070011289576224,106194.10921406379,298.5271015553719,-0.007206185025195433,-345.8638005588582
500.0,0.005,0.001275766099578,0.55,1.5097749611180382,106309.77339730016,5.5,5.648168936517148,1.5097749611180382,106309.77339730016,1.5133630006461272,105887.23134304308,False,False,1.5075453173922082,106177.55512559139,298.41541127235746,0.005831135892639949,-314.8455294084415
500.5,0.005,0.0012741353915441,0.55,1.5103959385527808,106309.88865384918,5.5,5.648234214577244,1.5103959385527808,106309.88865384918,1.514311868710284,106451.15695545058,False,False,1.5089790227418574,106222.57960666853,298.3702272432241,0.006235711229064966,263.94152326446783
501.0,0.005,0.0012725041892029,0.55,1.5110171878545802,106310.00394707744,5.5,5.648299512652878,1.5110171878545802,106310.00394707744,1.5068103737866068,107080.74145312398,False,False,1.510551360827297,106311.63725676581,298.43189277545144,-0.0026989948238143047,853.0999018492294
501.5,0.005,0.0012708724923211,0.55,1.51163870910586,106310.11927700316,5.5,5.648364830753727,1.51163870910586,106310.11927700316,1.5318476034358317,106011.50638208106,False,False,1.5123469677555519,106304.92719992109,298.19781523417845,0.020766780903175297,-296.1495189538982
502.0,0.005,0.001269240300665,0.55,1.5122605023890825,106310.23464364454,5.5,5.648430168889418,1.5122605023890825,106310.23464364454,1.5159709020015015,106595.69839063643,False,False,1.5135674429862653,106336.08513801594,298.1388742699218,0.0030945439325109625,294.08204085529724
502.5,0.005,0.0012676076140014,0.55,1.512882567786749,106310.35004701992,5.5,5.648495527069579,1.512882567786749,106310.35004701992,1.5306518570165228,106385.68215952165,False,False,1.5155392127092027,106357.58250509549,297.962671959521,0.016555380613415105,56.063441474427236
503.0,0.005,0.0012659744320968,0.55,1.5135049053813996,106310.46548714748,5.5,5.64856090530389,1.5135049053813996,106310.46548714748,1.5230962946203808,105979.8587172719,False,False,1.5160955188609417,106320.15623249217,297.7911269785438,0.007028375701767509,-369.07667940809915
503.5,0.005,0.0012643407547178,0.55,1.5141275152556133,106310.58096404548,5.5,5.648626303601961,1.5141275152556133,106310.58096404548,1.5075047671850526,106227.5710990374,False,False,1.5157455858596407,106294.0152586362,297.75985153389956,-0.009119740642986818,-87.71522654313594
504.0,0.005,0.0012627065816309,0.55,1.5147503974920082,106310.6964777322,5.5,5.6486917219734245,1.5147503974920082,106310.6964777322,1.510928529335429,106240.82147503096,False,False,1.5157603494235627,106279.38326754843,297.7170938538013,-0.005346296313324617,-50.97446140876855
504.5,0.005,0.0012610719126027,0.55,1.5153735521732412,106310.81202822588,5.5,5.648757160427954,1.5153735521732412,106310.81202822588,1.5197345728468137,106103.6014607388,False,False,1.5163125176514824,106265.17482201522,297.61112789611207,0.0034448583231274643,-175.04810826823814
505.0,0.005,0.0012594367473998,0.55,1.5159969793820078,106310.9276155448,5.5,5.648822618975187,1.5159969793820078,106310.9276155448,1.516608704700395,106890.10967765856,False,False,1.5177493583807555,106330.04331697014,297.6205251461592,-0.00023326102955434358,624.2253231774812
505.5,0.005,0.0012578010857887,0.55,1.516620679201043,106311.04323970716,5.5,5.6488880976247655,1.516620679201043,106311.04323970716,1.5171152906186325,105739.20706881002,False,False,1.5173128332757264,106262.11395475046,297.482694804454,-0.0011628525083648977,-584.9571568482206
506.0,0.005,0.001256164927536,0.55,1.5172446517131204,106311.15890073129,5.5,5.648953596386316,1.5172446517131204,106311.15890073129,1.514382602169375,106425.4698351874,False,False,1.5177993284997204,106275.27706038179,297.4612446812131,-0.0034596335615542095,162.33743913166109
506.5,0.005,0.0012545282724082,0.55,1.5178688970010523,106311.2745986354,5.5,5.649019115269502,1.5178688970010523,106311.2745986354,,106410.73194282551,True,False,1.5185482182242447,106289.27548975716,297.41066880530434,,135.7778059833363
507.0,0.005,0.0012528911201719,0.55,1.5184934151476903,106311.39033343775,5.5,5.649084654283962,1.5184934151476903,106311.39033343775,1.5162390887134831,106137.50547397324,False,False,1.5185921692847557,106267.84138867882,297.3454268873359,-0.0028382084712734734,-150.0211036267865
507.5,0.005,0.0012512534705938,0.55,1.5191182062359248,106311.50610515664,5.5,5.649150213439338,1.5191182062359248,106311.50610515664,1.4969369915966972,106356.35696476926,False,False,1.5173323842377948,106246.72030587177,297.43725769522706,-0.02218443852703289,88.08404063161288
508.0,0.005,0.0012496153234402,0.55,1.5197432703486846,106311.62191381032,5.5,5.649215792745266,1.5197432703486846,106311.62191381032,1.523461466036534,106574.90340441908,False,False,1.5188363934491191,106290.63131374419,297.3799233217083,0.005599547727201504,325.5955954429519
508.5,0.005,0.0012479766784778,0.55,1.5203686075689382,106311.73775941704,5.5,5.649281392211406,1.5203686075689382,106311.73775941704,1.513108029694661,106357.55830004896,False,False,1.5189358881939514,106287.39022965672,297.35893083540503,-0.006257410276599318,68.8147812095558
509.0,0.005,0.0012463375354732,0.55,1.5209942179796927,106311.85364199513,5.5,5.6493470118474,1.5209942179796927,106311.85364199513,1.5138400507179712,106437.05123875733,False,False,1.519214904371848,106293.89573463013,297.3436886893229,-0.00562490480861455,151.21975396682683
509.5,0.005,0.0012446978941928,0.55,1.521620101663994,106311.96956156276,5.5,5.64941265166289,1.521620101663994,106311.96956156276,1.519427063707694,106519.8431415444,False,False,1.5200570058598193,106314.84346810212,297.3013342312249,-0.000316831783947924,228.1683903352241
510.0,0.005,0.0012430577544033,0.55,1.5222462587049266,106312.08551813832,5.5,5.649478311667516,1.5222462587049266,106312.08551813832,1.5249729821678852,105702.46872101334,False,False,1.52004982206776,106253.44448232662,297.1304973724959,0.004387226414668488,-608.0235498004477
510.5,0.005,0.0012414171158712,0.55,1.5228726891856148,106312.20151174,5.5,5.649543991870952,1.5228726891856148,106312.20151174,1.5085526274082552,106755.7149493815,False,False,1.520315563698466,106291.02154613164,297.20372847741794,-0.012026474862575354,500.37498220712587
511.0,0.005,0.001239775978363,0.55,1.523499393189221,106312.3175423861,5.5,5.649609692282822,1.523499393189221,106312.3175423861,1.506013381293687,106995.8087334184,False,False,1.5206558702981166,106342.41066965462,297.30661192584245,-0.014831119141388571,706.720350101401
511.5,0.005,0.0012381343416453,0.55,1.5241263707989468,106312.43361009491,5.5,5.649675412912765,1.5241263707989468,106312.43361009491,1.5134657120839483,106606.67212620984,False,False,1.5209452521086224,106353.07689676856,297.30172777144446,-0.007718627524068378,271.4083902546263
512.0,0.005,0.0012364922054846,0.55,1.524753622098033,106312.54971488468,5.5,5.649741153770458,1.524753622098033,106312.54971488468,1.5043363468560451,106616.6491047035,False,False,1.52045520338188,106350.15365735018,297.35232377686003,-0.017137261928628522,271.79953426927386
512.5,0.005,0.0012348495696475,0.55,1.525381147169758,106312.66585677372,5.5,5.649806914865501,1.525381147169758,106312.66585677372,1.515712651070865,105890.19176357872,False,False,1.5198768645344587,106288.34632820786,297.24882738336186,-0.005270969345363863,-452.03315580172057
513.0,0.005,0.0012332064339005,0.55,1.5260089460974413,106312.78203578034,5.5,5.649872696207579,1.5260089460974413,106312.78203578034,1.541917776402671,106277.2535252263,False,False,1.5221708510782188,106314.39331390586,297.0466638010406,0.02151192049258377,-9.433335920213722
513.5,0.005,0.0012315627980102,0.55,1.5266370189644396,106312.89825192276,5.5,5.649938497806343,1.5266370189644396,106312.89825192276,1.5160711597994692,106069.28510813056,False,False,1.5217949612678543,106276.27162429811,296.985196472443,-0.0066282931295289504,-240.79247309625498
514.0,0.005,0.0012299186617431,0.55,1.527265365854149,106313.01450521933,5.5,5.650004319671423,1.527265365854149,106313.01450521933,1.533779417603151,106136.85622711729,False,False,1.5230633193800711,106276.71180369917,296.83442735399865,0.011455498773977002,-138.97827616264112
514.5,0.005,0.0012282740248657,0.55,1.5278939868500048,106313.13079568824,5.5,5.65007016181247,1.5278939868500048,106313.13079568824,1.5141776387673531,106603.24186837822,False,False,1.5233006518217447,106297.55195848875,296.8641872690642,-0.00941454314986867,327.0161966882879
515.0,0.005,0.0012266288871446,0.55,1.5285228820354806,106313.24712334789,5.5,5.650136024239134,1.5285228820354806,106313.24712334789,1.5315140835612056,106072.07694717577,False,False,1.5241318920038656,106282.09864142934,296.72140945680576,0.0076847659394967405,-222.8657199871668
515.5,0.005,0.0012249832483463,0.55,1.5291520514940895,106313.36348821648,5.5,5.650201906961058,1.5291520514940895,106313.36348821648,1.5259547133719626,106274.33310040792,False,False,1.5247572019942144,106282.08998645257,296.6464447723376,0.001294082109697614,-6.726688905691844
516.0,0.005,0.0012233371082373,0.55,1.5297814953093831,106313.47989031242,5.5,5.650267809987907,1.5297814953093831,106313.47989031242,1.5291833674540407,105740.90567389793,False,False,1.524805231933799,106230.26348264058,296.49603723673096,0.0038974710740311558,-540.1441499989451
516.5,0.005,0.0012216904665841,0.55,1.5304112135649526,106313.5963296539,5.5,5.650333733329339,1.5304112135649526,106313.5963296539,1.536098989508628,106266.06672908225,False,False,1.5262665988285418,106252.15103127707,296.38203814994046,0.010764619594096025,31.545768022580887
517.0,0.005,0.0012200433231534,0.55,1.531041206344427,106313.71280625924,5.5,5.650399676994978,1.531041206344427,106313.71280625924,1.5486036075975889,106340.71783422492,False,False,1.5287170602723814,106292.28070374194,296.20027205003976,0.021808164771766725,86.55343125094078
517.5,0.005,0.0012183956777116,0.55,1.531671473731475,106313.82932014676,5.5,5.650465640994477,1.531671473731475,106313.82932014676,1.5336185372298077,106102.39225770513,False,False,1.529325737114962,106276.53166497372,296.0834415594224,0.0043731547974146245,-187.79428172651387
518.0,0.005,0.0012167475300252,0.55,1.532302015809804,106313.94587133473,5.5,5.650531625337493,1.532302015809804,106313.94587133473,1.5335456053237648,106097.9798315034,False,False,1.529892903739576,106262.4873791403,295.9763548023268,0.0036914541450954186,-178.06351665881812
518.5,0.005,0.0012150988798608,0.55,1.5329328326631604,106314.0624598415,5.5,5.650597630033681,1.5329328326631604,106314.0624598415,1.5231991554883373,106879.98932563658,False,False,1.5307439602468502,106317.80238528752,296.0283960110428,-0.007222242543041935,616.5554829353059
519.0,0.005,0.0012134497269849,0.55,1.5335639243753296,106314.17908568536,5.5,5.650663655092703,1.5335639243753296,106314.17908568536,1.539397320928653,105951.25579991388,False,False,1.5314008482184358,106286.34877614975,295.8620892862522,0.008125403526623165,-361.8421484590508
519.5,0.005,0.0012118000711639,0.55,1.5341952910301355,106314.29574888456,5.5,5.6507297005242005,1.5341952910301355,106314.29574888456,1.5317345677246827,105999.11063601446,False,False,1.53148823874022,106254.88565927814,295.7640368744451,-0.00019446109433585157,-285.7393632941821
520.0,0.005,0.0012101499121645,0.55,1.5348269327114414,106314.41244945752,5.5,5.650795766337804,1.5348269327114414,106314.41244945752,1.5431470031405257,106071.70930686704,False,False,1.5326556372930713,106252.27904620572,295.61691318418394,0.011130319212509399,-184.89745843142737
520.5,0.005,0.0012084992497531,0.55,1.5354588495031491,106314.5291874224,5.5,5.650861852543208,1.5354588495031491,106314.5291874224,1.5350217849982994,106674.17489420688,False,False,1.5339587915299546,106300.37259558085,295.59451598556154,0.0018377638993536394,419.910168965871
521.0,0.005,0.0012068480836963,0.55,1.5360910414891995,106314.6459627976,5.5,5.65092795915001,1.5360910414891995,106314.6459627976,1.553499598527298,106945.10869594412,False,False,1.5370105993449925,106390.40183947646,295.4787467623033,0.019012930463145894,647.6778064255486
521.5,0.005,0.0012051964137605,0.55,1.5367235087535729,106314.76277560148,5.5,5.6509940861679135,1.5367235087535729,106314.76277560148,1.5168943437221982,106414.41553112528,False,False,1.535898081743141,106354.3444435407,295.5120250762411,-0.020643141065742387,36.13461457579979
522.0,0.005,0.0012035442397123,0.55,1.5373562513802874,106314.87962585222,5.5,5.651060233606558,1.5373562513802874,106314.87962585222,1.5343902577787367,106099.68422107009,False,False,1.5358915082349778,106317.46442825564,295.41033977393977,-0.0020350981095635934,-246.20781344751595
522.5,0.005,0.0012018915613181,0.55,1.537989269453401,106314.99651356824,5.5,5.651126401475568,1.537989269453401,106314.99651356824,1.5468040858414136,106186.6768052262,False,False,1.5370829588812567,106313.53028969023,295.25657639069465,0.010384986410684416,-126.09192632361373
523.0,0.005,0.0012002383783445,0.55,1.5386225630570105,106315.11343876785,5.5,5.651192589784626,1.5386225630570105,106315.11343876785,1.5351156410861604,106634.55713401295,False,False,1.5378903815675582,106339.84658804958,295.23284419398055,-0.0024948574575214266,325.3267466241814
523.5,0.005,0.0011985846905579,0.55,1.5392561322752507,106315.23040146928,5.5,5.6512587985433935,1.5392561322752507,106315.23040146928,1.5313344015851962,106041.91003779545,False,False,1.5374033639793105,106292.9796524663,295.16109964154487,-0.007083235982731084,-290.94747300670133
524.0,0.005,0.001196930497725,0.55,1.5398899771922965,106315.347401691,5.5,5.651325027761496,1.5398899771922965,106315.347401691,1.5372311711349007,106751.23138985768,False,False,1.5385588859399382,106337.88752104723,295.14724597809425,-0.0006998860728872902,460.45173150411574
524.5,0.005,0.001195275799612,0.55,1.540524097892361,106315.46443945124,5.5,5.651391277448627,1.540524097892361,106315.46443945124,1.5267248104162878,106740.43789471604,False,False,1.5386828072341865,106357.27574081781,295.18619725381427,-0.012361300509941664,409.34370466240216
525.0,0.005,0.0011936205959856,0.55,1.5411584944596968,106315.58151476827,5.5,5.651457547614408,1.5411584944596968,106315.58151476827,1.5423480321765946,106336.6439193104,False,False,1.539449386235358,106351.47755963338,295.07817392064493,0.0031381750866810165,-11.862906611306244
525.5,0.005,0.0011919648866123,0.55,1.5417931669785947,106315.69862766052,5.5,5.651523838268494,1.5417931669785947,106315.69862766052,1.5661977853803268,106509.53761845332,False,False,1.5423732386672229,106395.91367365325,294.8506789084926,0.026221354381221973,166.24369521984772
526.0,0.005,0.0011903086712585,0.55,1.542428115533385,106315.81577814632,5.5,5.651590149420542,1.542428115533385,106315.81577814632,1.5538784305156523,106540.73956249574,False,False,1.5440345900421077,106414.48801375846,294.702799885926,0.01097873649538239,157.54958314500982
526.5,0.005,0.0011886519496907,0.55,1.5430633402084366,106315.93296624393,5.5,5.6516564810802485,1.5430633402084366,106315.93296624393,1.5319732491432838,106782.1960010918,False,False,1.544100971997302,106423.099484939,294.71868224767275,-0.012587518904098705,382.3307297517895
527.0,0.005,0.0011869947216754,0.55,1.5436988410881574,106316.05019197168,5.5,5.651722833257231,1.5436988410881574,106316.05019197168,1.5349654302648743,106000.61466737073,False,False,1.543227475406121,106351.86673325271,294.6261698597904,-0.009661641396217613,-406.9885486709536
527.5,0.005,0.0011853369869791,0.55,1.544334618256994,106316.167455348,5.5,5.651789205961138,1.544334618256994,106316.167455348,1.5402873401667696,106670.5288505028,False,False,1.543957760189264,106373.25446404848,294.5978238699472,-0.003466906702465966,326.90972739472636
528.0,0.005,0.0011836787453682,0.55,1.5449706717994327,106316.28475639112,5.5,5.651855599201663,1.5449706717994327,106316.28475639112,1.555014833076772,106203.71635589952,False,False,1.5451093948095762,106360.26641055556,294.4237341872407,0.010530536691270909,-159.1058312561654
528.5,0.005,0.0011820199966093,0.55,1.545607001799998,106316.40209511944,5.5,5.651922012988429,1.545607001799998,106316.40209511944,1.537392131708306,106086.0738000468,False,False,1.5445652948861532,106312.27140649597,294.3561020466149,-0.008243828272263887,-265.0757597089396
529.0,0.005,0.0011803607404688,0.55,1.5462436083432531,106316.51947155128,5.5,5.651988447331125,1.5462436083432531,106316.51947155128,1.539341294153778,106347.32120110976,False,False,1.5446797509755021,106304.46750523637,294.32077477828096,-0.005751015895626654,39.257002737678704
529.5,0.005,0.0011787009767131,0.55,1.546880491513801,106316.636885705,5.5,5.652054902239386,1.546880491513801,106316.636885705,1.55572798584895,106252.33359972898,False,False,1.5459960503410355,106310.06343904538,294.17847407375257,0.010521160988144596,-48.72610618903127
530.0,0.005,0.0011770407051088,0.55,1.547517651396283,106316.75433759892,5.5,5.652121377722879,1.547517651396283,106316.75433759892,1.5561641771010344,106020.50644408527,False,False,1.546887174205278,106289.08028268193,294.01360590950344,0.009641194929163044,-285.5692939875298
530.5,0.005,0.0011753799254223,0.55,1.5481550880753792,106316.87182725137,5.5,5.652187873791279,1.5481550880753792,106316.87182725137,1.5444169414714848,105837.67269881086,False,False,1.54649898234371,106236.14615073989,293.9136840262539,-0.0029972807320648442,-449.5704421547998
531.0,0.005,0.00117371863742,0.55,1.5487928016358092,106316.9893546807,5.5,5.652254390454196,1.5487928016358092,106316.9893546807,1.5376151674920813,106034.36088531012,False,False,1.5459499559975383,106205.70543673569,293.8952175175161,-0.00941134479904493,-205.40487994682917
531.5,0.005,0.0011720568408685,0.55,1.5494307921623311,106317.10691990526,5.5,5.652320927721327,1.5494307921623311,106317.10691990526,1.533933343929704,106752.81408760409,False,False,1.5462528492291179,106252.0912235421,293.987287372821,-0.012544442861900817,540.3383968115959
532.0,0.005,0.0011703945355341,0.55,1.5500690597397422,106317.22452294343,5.5,5.652387485602315,1.5500690597397422,106317.22452294343,1.5430791584706411,106905.9953739776,False,False,1.547446947513594,106317.2125849655,294.02431620283176,-0.0037011014355883276,651.9303087348671
532.5,0.005,0.0011687317211834,0.55,1.5507076044528785,106317.3421638136,5.5,5.652454064106852,1.5507076044528785,106317.3421638136,1.528402315430163,106512.37709762085,False,False,1.5466680577362417,106307.15122991783,294.08985950289576,-0.019571399007529022,199.89234815892996
533.0,0.005,0.0011670683975827,0.55,1.5513464263866144,106317.459842534,5.5,5.652520663244584,1.5513464263866144,106317.459842534,1.5588446252057135,106673.23748200748,False,False,1.5487005138158632,106357.8069890431,293.98624040464085,0.011649658702482357,369.77836865364225
533.5,0.005,0.0011654045644986,0.55,1.5519855256258646,106317.57755912306,5.5,5.652587283025143,1.5519855256258646,106317.57755912306,1.545685218627819,106162.52766944596,False,False,1.5486584376947277,106324.60768367804,293.8995180314859,-0.003541625182559738,-186.38924140793097
534.0,0.005,0.0011637402216975,0.55,1.5526249022555816,106317.69531359914,5.5,5.65265392345822,1.5526249022555816,106317.69531359914,1.557437838898033,106294.5498110746,False,False,1.5498244956355336,106327.61918319884,293.7680357981272,0.008252784112570355,-24.565616865904303
534.5,0.005,0.0011620753689457,0.55,1.5532645563607572,106317.8131059806,5.5,5.652720584553465,1.5532645563607572,106317.8131059806,1.5719478052367706,106402.6425256646,False,False,1.5522407188668699,106359.32397144054,293.5658479516542,0.02159680151559229,80.8306252884795
535.0,0.005,0.0011604100060098,0.55,1.5539044880264223,106317.9309362858,5.5,5.652787266320551,1.5539044880264223,106317.9309362858,1.565634445097751,105993.54406081403,False,False,1.5532878244438182,106330.02351134627,293.3594274180441,0.012867661587924184,-356.7108008091891
535.5,0.005,0.0011587441326562,0.55,1.5545446973376462,106318.04880453306,5.5,5.652853968769144,1.5545446973376462,106318.04880453306,1.5430333489581762,106021.06555447496,False,False,1.552478968167117,106277.6254538787,293.31179732036236,-0.010780715959678,-302.8848915347917
536.0,0.005,0.0011570777486513,0.55,1.5551851843795377,106318.1667107408,5.5,5.65292069190888,1.5551851843795377,106318.1667107408,1.5638776742443046,106347.31990275237,False,False,1.5540010177889219,106298.92622308948,293.18814501722323,0.010871959472773085,70.37223199984874
536.5,0.005,0.0011554108537616,0.55,1.5558259492372442,106318.28465492737,5.5,5.652987435749456,1.5558259492372442,106318.28465492737,1.5674045195124084,106222.19347685504,False,False,1.5554719636093695,106305.5743371049,293.0301564661203,0.012877046120460589,-73.85358811380866
537.0,0.005,0.0011537434477534,0.55,1.556466991995952,106318.40263711112,5.5,5.6530542003005015,1.556466991995952,106318.40263711112,1.549003426814991,105999.33560324936,False,False,1.5549737937275776,106260.79484571576,292.9664136890101,-0.00699483060163697,-302.6683716394182
537.5,0.005,0.0011520755303932,0.55,1.5571083127408865,106318.52065731042,5.5,5.653120985571697,1.5571083127408865,106318.52065731042,1.5475753435101665,106434.48029609233,False,False,1.5551086327031238,106269.34637849685,292.97383280731503,-0.007925162799908403,172.63230889022816
538.0,0.005,0.0011504071014474,0.55,1.557749911557312,106318.6387155437,5.5,5.653187791572707,1.557749911557312,106318.6387155437,1.5566529925839263,106239.6549254008,False,False,1.5556741238718457,106267.74511791162,292.90165592994805,0.001017730150401297,-29.86005706519063
538.5,0.005,0.0011487381606824,0.55,1.5583917885305314,106318.75681182924,5.5,5.653254618313212,1.5583917885305314,106318.75681182924,1.5423775550353696,106625.1629970871,False,False,1.5556006571570902,106287.02345733518,292.96359712364574,-0.01382317190652027,357.0854508171469
539.0,0.005,0.0011470687078647,0.55,1.559033943745887,106318.8749461855,5.5,5.653321465802837,1.559033943745887,106318.8749461855,1.5737412932389028,106317.32061564016,False,False,1.557617466738654,106312.37045029935,292.7916879556555,0.017614192764517034,31.955700373931904
539.5,0.005,0.0011453987427606,0.55,1.5596763772887603,106318.99311863082,5.5,5.653388334051291,1.5596763772887603,106318.99311863082,1.5356227393584556,106228.90118089494,False,False,1.5561808701724318,106269.5362944599,292.84586884431326,-0.02252081013666718,-79.1888143792603
540.0,0.005,0.0011437282651365,0.55,1.560319089244571,106319.11132918356,5.5,5.653455223068214,1.560319089244571,106319.11132918356,1.5492510150871506,106357.41328458782,False,False,1.556227447577231,106268.89472908321,292.8385194948711,-0.007456406651822345,87.7312772491423
540.5,0.005,0.0011420572747589,0.55,1.560962079698778,106319.22957786212,5.5,5.653522132863258,1.560962079698778,106319.22957786212,1.5582664280586862,106267.63454166248,False,False,1.5568756855381707,106270.98053163366,292.7665869976853,0.0015124267478399123,-1.4720950178598287
541.0,0.005,0.0011403857713942,0.55,1.5616053487368788,106319.34786468493,5.5,5.653589063446127,1.5616053487368788,106319.34786468493,1.559334477823572,106118.9340503775,False,False,1.5573338301540158,106257.59818100698,292.6748260079015,0.0019323026651636432,-152.04072324377194
541.5,0.005,0.0011387137548087,0.55,1.5622488964444108,106319.4661896703,5.5,5.65365601482647,1.5622488964444108,106319.4661896703,1.5639101381758371,106198.87936394569,False,False,1.5582663810251716,106260.7785490853,292.57184646575905,0.006049736561247077,-60.09665847379074
542.0,0.005,0.0011370412247688,0.55,1.5628927229069494,106319.58455283668,5.5,5.653722987013951,1.5628927229069494,106319.58455283668,1.5656072085936976,106544.41026543292,False,False,1.5597722350255538,106300.67225650126,292.50118611201344,0.00681434988029106,282.58569719411025
542.5,0.005,0.0011353681810409,0.55,1.5635368282101092,106319.70295420238,5.5,5.653789980018247,1.5635368282101092,106319.70295420238,1.5614007080638548,106513.65796924208,False,False,1.5607110503169905,106321.81444309652,292.4468070588308,0.0011024438570890194,216.06985267241544
543.0,0.005,0.0011336946233915,0.55,1.564181212439544,106319.82139378588,5.5,5.653856993848999,1.564181212439544,106319.82139378588,1.5755500756272434,106705.68973659512,False,False,1.562990208076106,106376.83364430867,292.32475180235076,0.01431324357799002,389.1443698993826
543.5,0.005,0.0011320205515868,0.55,1.564825875680946,106319.93987160551,5.5,5.653924028515916,1.564825875680946,106319.93987160551,1.543432113984574,105812.0416886216,False,False,1.5610422532063337,106280.40298011106,292.2932089480408,-0.02008324445710885,-553.8518207845773
544.0,0.005,0.0011303459653933,0.55,1.5654708180200472,106320.0583876797,5.5,5.653991084028635,1.5654708180200472,106320.0583876797,1.5654691728808776,106202.1311840027,False,False,1.561772506623558,106276.50400024987,292.1949730349493,0.00390080777462698,-77.27753208472859
544.5,0.005,0.0011286708645774,0.55,1.5661160395426177,106320.17694202682,5.5,5.65405816039684,1.5661160395426177,106320.17694202682,1.5589701954254638,106195.80433851204,False,False,1.5619065817713311,106263.0060493401,292.1417965744031,-0.0033284043782837447,-80.10651663427416
545.0,0.005,0.0011269952489053,0.55,1.5667615403344668,106320.29553466527,5.5,5.654125257630192,1.5667615403344668,106320.29553466527,1.5680866746859017,106371.82728835764,False,False,1.5630567955948147,106282.77540397317,292.05829842663917,0.005653893909167262,108.0160019974137
545.5,0.005,0.0011253191181435,0.55,1.567407320481443,106320.41416561347,5.5,5.654192375738364,1.567407320481443,106320.41416561347,1.5696149188609057,106184.76698824351,False,False,1.5639323122512083,106279.4314316793,291.9441853910128,0.006032175177250743,-96.76138460959191
546.0,0.005,0.0011236424720583,0.55,1.5680533800694332,106320.53283488986,5.5,5.654259514731025,1.5680533800694332,106320.53283488986,1.5589350913044853,106166.57793259124,False,False,1.5638389295835926,106259.31372137314,291.90011214950675,-0.005523135238439503,-111.94973480660701
546.5,0.005,0.0011219653104162,0.55,1.568699719184364,106320.65154251271,5.5,5.654326674617864,1.568699719184364,106320.65154251271,1.562290229219009,106555.54401954976,False,False,1.56463509815519,106288.79621330314,291.88567900215077,-0.0020747931978744028,295.0471487082541
547.0,0.005,0.0011202876329834,0.55,1.5693463379122,106320.7702885006,5.5,5.6543938554085065,1.5693463379122,106320.7702885006,1.5772722051447183,106374.19654310144,False,False,1.5662828482461024,106312.40240076993,291.75297371179187,0.012111322716721551,87.27671867981553
547.5,0.005,0.0011186094395262,0.55,1.5699932363389455,106320.88907287184,5.5,5.654461057112679,1.5699932363389455,106320.88907287184,1.573483799025455,105970.97986612792,False,False,1.5668512703632906,106281.44932723769,291.59990687528193,0.006675485202878306,-337.09657947931555
548.0,0.005,0.0011169307298111,0.55,1.5706404145506436,106321.0078956448,5.5,5.654528279740025,1.5706404145506436,106321.0078956448,1.5638379301846188,106721.35979199132,False,False,1.567745593622631,106322.1432795725,291.60433623319045,-0.0035390294149477697,441.0337123314821
548.5,0.005,0.0011152515036044,0.55,1.571287872633376,106321.12675683796,5.5,5.6545955233002045,1.571287872633376,106321.12675683796,1.5916867822267955,106620.15237193056,False,False,1.570641181937685,106380.42853021821,291.41684822189995,0.023415910084461755,303.3492706044635
549.0,0.005,0.0011135717606725,0.55,1.571935610673264,106321.24565646976,5.5,5.654662787802913,1.571935610673264,106321.24565646976,1.5950273871582148,106149.05776241916,False,False,1.572789356376546,106377.89120759667,291.1522166510891,0.023861628537985125,-220.00254528061487
549.5,0.005,0.0011118915007815,0.55,1.5725836287564672,106321.36459455856,5.5,5.654730073257829,1.5725836287564672,106321.36459455856,1.5579590039668636,106570.74871918438,False,False,1.5723628168783481,106367.73849245504,291.17558904653754,-0.015354798358915067,203.98121708800318
550.0,0.005,0.001110210723698,0.55,1.573231926969184,106321.4835711228,5.5,5.654797379674614,1.573231926969184,106321.4835711228,1.5762498765721875,106100.93459913688,False,False,1.572778221805658,106334.93283724396,291.03597632614174,0.003362497178149404,-256.7293186013994
550.5,0.005,0.0011085294291882,0.55,1.5738805053976528,106321.60258618087,5.5,5.654864707062926,1.5738805053976528,106321.60258618087,1.5989704497539767,106659.31210932002,False,False,1.5758983026180162,106398.00219794476,290.8342604260396,0.025667415801342353,331.06970079299936
551.0,0.005,0.0011068476170184,0.55,1.5745293641281497,106321.7216397512,5.5,5.654932055432469,1.5745293641281497,106321.7216397512,1.5823683504199986,106256.37226772476,False,False,1.5767163140942364,106379.13053989723,290.6845511616391,0.005945992950612933,-128.41069519057055
551.5,0.005,0.001105165286955,0.55,1.5751785032469905,106321.84073185228,5.5,5.654999424792875,1.5751785032469905,106321.84073185228,1.577389104676116,106080.98801322546,False,False,1.5768228958233776,106337.50619474388,290.5580312496352,0.00014863339974580114,-286.86075245922257
552.0,0.005,0.0011034824387642,0.55,1.57582792284053,106321.95986250244,5.5,5.655066815153868,1.57582792284053,106321.95986250244,1.5737473545069356,106210.02854375742,False,False,1.5768726472253283,106312.86340134311,290.4847327470139,-0.0036000446645430006,-120.49691918415192
552.5,0.005,0.0011017990722125,0.55,1.5764776229951611,106322.07903172012,5.5,5.655134226525096,1.5764776229951611,106322.07903172012,1.571065680136394,106092.32992057504,False,False,1.5765563651863803,106276.96397154826,290.42454579342643,-0.00633167650708244,-216.10774365339603
553.0,0.005,0.001100115187066,0.55,1.5771276037973168,106322.19823952384,5.5,5.655201658916227,1.5771276037973168,106322.19823952384,1.5750024567711194,106379.84013832164,False,False,1.5770659849853623,106284.46824418286,290.38397587267,-0.002078945890374717,103.56698753112869
553.5,0.005,0.0010984307830911,0.55,1.5777778653334682,106322.31748593193,5.5,5.655269112336972,1.5777778653334682,106322.31748593193,1.5722705712093867,106374.84905605328,False,False,1.577292857403355,106285.58741373158,290.3598430910899,-0.005320351156478553,91.85504992492497
554.0,0.005,0.0010967458600541,0.55,1.5784284076901258,106322.4367709629,5.5,5.655336586796964,1.5784284076901258,106322.4367709629,1.585877491275706,106333.17766054635,False,False,1.5785506453192608,106300.05321469974,290.24859641034277,0.008059722127775615,49.18186852344661
554.5,0.005,0.0010950604177213,0.55,1.5790792309538388,106322.5560946351,5.5,5.655404082305929,1.5790792309538388,106322.5560946351,1.5750976944269244,106155.5714609366,False,False,1.578538578102067,106276.59210554673,290.1859827937408,-0.003977650255523324,-141.37946508420282
555.0,0.005,0.0010933744558589,0.55,1.5797303352111958,106322.67545696704,5.5,5.655471598873489,1.5797303352111958,106322.67545696704,1.5753188200910953,105224.350913905,False,False,1.5771862430047963,106159.40669782803,290.0278945700924,-0.003744657903298032,-1051.582400970845
555.5,0.005,0.0010916879742333,0.55,1.5803817205488235,106322.79485797716,5.5,5.655539136509365,1.5803817205488235,106322.79485797716,1.5683601136805327,,False,True,1.5769260226194355,106157.03023350073,290.05255157881,-0.009352124830809716,
556.0,0.005,0.0010900009726107,0.55,1.5810333870533884,106322.91429768383,5.5,5.655606695223224,1.5810333870533884,106322.91429768383,1.5805374883095853,105754.04398430276,False,False,1.5770452216754958,106126.44362543059,289.95471533951377,0.0030854313378485543,-414.86761054415547
556.5,0.005,0.0010883134507574,0.55,1.5816853348115951,106323.03377610556,5.5,5.655674275024733,1.5816853348115951,106323.03377610556,1.5727441180772053,106396.29028157628,False,False,1.5775686109821452,106162.79542477301,289.9913789799411,-0.00482739092388762,254.73345973315008
557.0,0.005,0.0010866254084398,0.55,1.5823375639101886,106323.15329326078,5.5,5.655741875923588,1.5823375639101886,106323.15329326078,1.5805300622228975,106662.39141517744,False,False,1.579045619483607,106230.30870968461,289.9988699944969,0.0024355119232684075,488.3215896166221
557.5,0.005,0.0010849368454239,0.55,1.5829900744359513,106323.27284916792,5.5,5.655809497929452,1.5829900744359513,106323.27284916792,1.5934082299631669,106405.43854074334,False,False,1.5809709985603526,106271.83169901145,289.88149835671226,0.01383735233754213,170.95195636748394
558.0,0.005,0.0010832477614762,0.55,1.5836428664757052,106323.39244384549,5.5,5.655877141052018,1.5836428664757052,106323.39244384549,1.5873021153388165,106206.5614653602,False,False,1.5818745468940458,106272.61109612176,289.7753478991335,0.00580634900821253,-65.10018869352643
558.5,0.005,0.0010815581563628,0.55,1.5842959401163117,106323.51207731184,5.5,5.655944805300977,1.5842959401163117,106323.51207731184,1.5893431930641655,106269.54879615472,False,False,1.5829651863394725,106281.48455180829,289.66883593476837,0.006943949140121974,-2.8079563393694116
559.0,0.005,0.0010798680298501,0.55,1.5849492954446698,106323.63174958547,5.5,5.656012490685984,1.5849492954446698,106323.63174958547,1.588510204442248,106283.7129615114,False,False,1.5839067137708776,106287.46171278993,289.572283183418,0.0050204739040184965,3.413171848136699
559.5,0.005,0.0010781773817042,0.55,1.585602932547719,106323.75146068486,5.5,5.6560801972167125,1.585602932547719,106323.75146068486,1.586194689849634,106158.97897289136,False,False,1.584385493297694,106274.53896793019,289.4797006826193,0.0017635494483265735,-126.6704421738541
560.0,0.005,0.0010764862116915,0.55,1.5862568515124371,106323.87121062844,5.5,5.656147924902873,1.5862568515124371,106323.87121062844,1.5849835692057208,106148.73436256072,False,False,1.5847281185710573,106260.83317669848,289.4013138255783,7.357335485491667e-05,-125.34059090980736
560.5,0.005,0.001074794519578,0.55,1.5869110524258407,106323.99099943468,5.5,5.65621567375414,1.5869110524258407,106323.99099943468,1.583832990266824,106046.82221005416,False,False,1.5848145480939329,106237.0258215525,289.32612072030173,-0.0014197231144021938,-214.97989238348964
561.0,0.005,0.0010731023051302,0.55,1.5875655353749858,106324.11082712204,5.5,5.656283443780198,1.5875655353749858,106324.11082712204,1.5951567054633164,106680.55950112116,False,False,1.5868013496606925,106300.50231475117,289.2608424603996,0.009817366141161354,440.069133951838
561.5,0.005,0.0010714095681142,0.55,1.5882203004469668,106324.230693709,5.5,5.656351234990715,1.5882203004469668,106324.230693709,1.5773779023540844,106319.56471175257,False,False,1.5865443712800928,106286.28080655943,289.25294232803344,-0.009947558070195317,22.247935795021476
562.0,0.005,0.0010697163082963,0.55,1.5888753477289177,106324.35059921395,5.5,5.656419047395404,1.5888753477289177,106324.35059921395,1.602282573591173,106611.23201792208,False,False,1.5888028002744978,106339.8875318434,289.12802092393736,0.015213952553074783,326.6503076853842
562.5,0.005,0.0010680225254426,0.55,1.5895306773080105,106324.47054365544,5.5,5.656486881003907,1.5895306773080105,106324.47054365544,1.5898714579348587,106249.45523089197,False,False,1.5892464220591667,106324.44815400521,289.03285551086947,0.0005450227047034684,-83.13165094362921
563.0,0.005,0.0010663282193193,0.55,1.590186289271457,106324.5905270519,5.5,5.656554735825933,1.590186289271457,106324.5905270519,1.5826992853656836,106346.24085207122,False,False,1.5892327942073783,106312.15525196742,289.0010721282365,-0.007070871208172846,27.488029443178675
563.5,0.005,0.0010646333896928,0.55,1.5908421837065083,106324.7105494218,5.5,5.656622611871164,1.5908421837065083,106324.7105494218,1.5859507229161085,106273.59575547677,False,False,1.5893941426952432,106298.97042467416,288.945890288051,-0.003805911050126287,-34.146340385923395
564.0,0.005,0.0010629380363292,0.55,1.5914983607004536,106324.83061078364,5.5,5.656690509149286,1.5914983607004536,106324.83061078364,1.5847284566885724,106463.68142729184,False,False,1.5897445829061758,106306.84126701074,288.92527668459746,-0.005189626232263267,167.74798529561667
564.5,0.005,0.0010612421589946,0.55,1.592154820340621,106324.95071115594,5.5,5.656758427669984,1.592154820340621,106324.95071115594,1.5937568853309014,106572.94140700206,False,False,1.5909578476033435,106336.50027420702,288.8604065795307,0.003488453787366952,269.96099699988554
565.0,0.005,0.0010595457574554,0.55,1.5928115627143784,106325.07085055704,5.5,5.656826367442967,1.5928115627143784,106325.07085055704,1.5856331322694954,106396.98223694605,False,False,1.5911040714160694,106328.8617954081,288.8221248833917,-0.0058482266713097975,67.44304126857605
565.5,0.005,0.0010578488314776,0.55,1.5934685879091322,106325.19102900552,5.5,5.656894328477866,1.5934685879091322,106325.19102900552,1.6048898998969696,106123.04617941492,False,False,1.5924132544812877,106319.2341535092,288.639018833093,0.013262262733388708,-199.64979524591763
566.0,0.005,0.0010561513808275,0.55,1.5941258960123277,106325.31124651984,5.5,5.656962310784415,1.5941258960123277,106325.31124651984,1.586309506086185,106091.32509843494,False,False,1.5920612219353412,106281.3229156596,288.57828530862344,-0.006627303216246494,-222.74066589513677
566.5,0.005,0.0010544534052712,0.55,1.594783487111449,106325.4315031185,5.5,5.657030314372289,1.594783487111449,106325.4315031185,1.5720582678073072,106823.18266448872,False,False,1.591718852705082,106310.47548875865,288.6984835964216,-0.020526855383636855,543.0604916011216
567.0,0.005,0.001052754904575,0.55,1.59544136129402,106325.55179881994,5.5,5.6570983392511724,1.59544136129402,106325.55179881994,1.588131376366761,106241.54049615568,False,False,1.5918095145833868,106293.78095936851,288.64228105301544,-0.004111154509494064,-64.68501234803989
567.5,0.005,0.001051055878505,0.55,1.5960995186476024,106325.67213364269,5.5,5.657166385430752,1.5960995186476024,106325.67213364269,1.5760143069146058,106238.34148856564,False,False,1.5909195855102514,106263.66671515342,288.6671408039252,-0.016319021027930924,-52.934907885763096
568.0,0.005,0.0010493563268273,0.55,1.5967579592597978,106325.7925076052,5.5,5.65723445292072,1.5967579592597978,106325.7925076052,1.5963592707540712,106765.2947299744,False,False,1.5925944829451855,106324.37660817262,288.63125170337156,0.004915553286510832,500.9733624640503
568.5,0.005,0.0010476562493082,0.55,1.5974166832182464,106325.912920726,5.5,5.657302541730751,1.5974166832182464,106325.912920726,1.6080082630019594,106652.27126710844,False,False,1.594835301608146,106374.43107275455,288.4983458936434,0.014890281630631552,333.6009004191583
569.0,0.005,0.0010459556457137,0.55,1.5980756906106277,106326.03337302356,5.5,5.657370651870574,1.5980756906106277,106326.03337302356,1.6045532886132845,106486.18475440258,False,False,1.5962941380418005,106389.071341171,288.36304099004144,0.009195070603674527,122.68868021697563
569.5,0.005,0.0010442545158101,0.55,1.5987349815246592,106326.15386451644,5.5,5.657438783349835,1.5987349815246592,106326.15386451644,1.5853590864751868,106206.3349038921,False,False,1.595624522450089,106342.86096660495,288.3180859701309,-0.011457741304807367,-170.26847212093708
570.0,0.005,0.0010425528593634,0.55,1.5993945560480989,106326.27439522304,5.5,5.657506936178269,1.5993945560480989,106326.27439522304,1.5917720032324187,107032.2336728243,False,False,1.5968347362506439,106404.04991550038,288.3387772272482,-0.004375647078825207,697.0256174206443
570.5,0.005,0.0010408506761399,0.55,1.600054414268742,106326.39496516188,5.5,5.657575110365522,1.600054414268742,106326.39496516188,1.617840749624409,106444.28710144486,False,False,1.5991129496479946,106423.5555411434,288.1182377065213,0.020483488309920306,54.264660405679024
571.0,0.005,0.0010391479659056,0.55,1.6007145562744245,106326.5155743515,5.5,5.657643305921291,1.6007145562744245,106326.5155743515,1.6038996703617678,106490.61121794296,False,False,1.600108577731244,106422.2055014237,287.99510402835904,0.004264520768867408,83.12706126840203
571.5,0.005,0.0010374447284267,0.55,1.60137498215302,106326.6362228104,5.5,5.6577115228553,1.60137498215302,106326.6362228104,1.601416169079361,106275.30438331072,False,False,1.6004980799620567,106393.21641161799,287.86992616973976,0.0007854500704185252,-130.95994221308501
572.0,0.005,0.0010357409634692,0.55,1.602035691992442,106326.75691055704,5.5,5.657779761177218,1.602035691992442,106326.75691055704,1.6125963176043774,105902.4646776337,False,False,1.6012487210749413,106344.4585787701,287.6479876064669,0.01157587908186608,-477.817575784793
572.5,0.005,0.0010340366707994,0.55,1.602696685880642,106326.87763761,5.5,5.657848020896725,1.602696685880642,106326.87763761,1.6272240971349436,105926.44901810288,False,False,1.6032358002468692,106326.81488008829,287.3620211898313,0.02545265843437239,-410.15407653406146
573.0,0.005,0.0010323318501834,0.55,1.6033579639056117,106326.99840398772,5.5,5.657916302023564,1.6033579639056117,106326.99840398772,1.616323696681409,106449.0918615087,False,False,1.6049775126102954,106351.58014021725,287.22007984113617,0.012565169725736514,128.2974886657612
573.5,0.005,0.0010306265013871,0.55,1.6040195261553802,106327.1192097088,5.5,5.657984604567379,1.6040195261553802,106327.1192097088,1.605413678703086,106444.6680387452,False,False,1.6056455269576537,106353.80017472159,287.1459629541246,-8.622864823437659e-05,101.71269843394111
574.0,0.005,0.0010289206241769,0.55,1.6046813727180174,106327.24005479162,5.5,5.658052928537897,1.6046813727180174,106327.24005479162,1.6082282544778657,106255.24055760012,False,False,1.606201548045657,106338.0548060422,287.03678018087703,0.0020603985608675934,-89.6979925614578
574.5,0.005,0.0010272142183186,0.55,1.6053435036816308,106327.36093925482,5.5,5.658121273944768,1.6053435036816308,106327.36093925482,1.611514301592613,105975.8558014183,False,False,1.6065827349398505,106299.06234649976,286.8858376080456,0.004790330778211338,-354.98283781101054
575.0,0.005,0.0010255072835785,0.55,1.6060059191343676,106327.48186311686,5.5,5.658189640797741,1.6060059191343676,106327.48186311686,1.5998789341692663,105894.9845043488,False,False,1.6059141399219166,106243.06243382637,286.81480052947217,-0.00722652616156938,-400.95543886433006
575.5,0.005,0.0010237998197226,0.55,1.606668619164414,106327.60282639628,5.5,5.658258029106476,1.606668619164414,106327.60282639628,1.5960814244372394,106229.2476270989,False,False,1.6055663651891539,106230.13000407633,286.82154683976864,-0.010355961865302854,-16.60459467556211
576.0,0.005,0.001022091826517,0.55,1.6073316038599943,106327.7238291116,5.5,5.658326438880679,1.6073316038599943,106327.7238291116,1.6078560946948883,105890.88544951683,False,False,1.6057205410045374,106199.84500898587,286.7213143344622,0.0017663490251362823,-343.4042542104726
576.5,0.005,0.0010203833037278,0.55,1.6079948733093732,106327.84487128133,5.5,5.658394870130062,1.6079948733093732,106327.84487128133,1.598522761014742,106597.51947206567,False,False,1.6061963525667373,106238.63995522138,286.7690535051849,-0.007721406245840834,390.3012621155649
577.0,0.005,0.001018674251121,0.55,1.608658427600853,106327.96595292402,5.5,5.6584633228643,1.608658427600853,106327.96595292402,1.6080438034105025,106673.76538746404,False,False,1.6074740073707838,106289.98461856529,286.7545153010852,0.0013241869399029937,431.86804746654525
577.5,0.005,0.0010169646684628,0.55,1.609322266822776,106328.08707405816,5.5,5.658531797093104,1.609322266822776,106328.08707405816,1.610283497222697,107176.79732298617,False,False,1.6095159826055176,106386.43235440509,286.76975531951894,0.002286750546637739,888.982804965839
578.0,0.005,0.001015254555519,0.55,1.6099863910635228,106328.20823470234,5.5,5.658600292826153,1.6099863910635228,106328.20823470234,1.633396764282352,106591.70347022258,False,False,1.6122737530766158,106429.23708182851,286.55417385619904,0.023359000248788453,217.57381518246257
578.5,0.005,0.0010135439120559,0.55,1.6106508004115134,106328.32943487502,5.5,5.658668810073176,1.6106508004115134,106328.32943487502,1.6021403004649477,106150.47455341578,False,False,1.611530056816252,106369.68444475974,286.4830340715756,-0.010654679943766787,-261.96941074689676
579.0,0.005,0.0010118327378395,0.55,1.6113154949552069,106328.45067459482,5.5,5.658737348843833,1.6113154949552069,106328.45067459482,1.6100976056354974,106066.95117882328,False,False,1.6114531737360471,106324.9139850229,286.37167261364215,-0.001954232217319385,-292.1664703804854
579.5,0.005,0.0010101210326357,0.55,1.6119804747831008,106328.57195388024,5.5,5.658805909147868,1.6119804747831008,106328.57195388024,1.6103374458872557,105293.05352720236,False,False,1.6103019284221614,106206.1771420089,286.1897440002327,-0.0016378918646327012,-1025.9934136794764
580.0,0.005,0.0010084087962107,0.55,1.6126457399837324,106328.69327274978,5.5,5.658874490994964,1.6126457399837324,106328.69327274978,1.6170188453174856,106150.2265311992,False,False,1.6112375338369114,106214.47711873101,286.10005296528766,0.006193667993567686,-62.64950907685852
580.5,0.005,0.0010066960283305,0.55,1.6133112906456772,106328.814631222,5.5,5.658943094394799,1.6133112906456772,106328.814631222,1.6237785339615134,106275.72246804016,False,False,1.6128256127976195,106242.44153365816,285.9851251612436,0.0120178875443675,55.42997469913098
581.0,0.005,0.001004982728761,0.55,1.6139771268575505,106328.9360293155,5.5,5.659011719357085,1.6139771268575505,106328.9360293155,1.609072291841284,106619.278206426,False,False,1.6135590859863433,106279.76100432465,285.9976808609501,-0.00427608493847309,373.9946178671962
581.5,0.005,0.0010032688972684,0.55,1.6146432487080058,106329.0574670488,5.5,5.659080365891549,1.6146432487080058,106329.0574670488,1.6064297284069555,106512.5375130049,False,False,1.613806875940568,106293.51014384744,286.0049799705958,-0.007651754530354271,233.89048213917704
582.0,0.005,0.0010015545336185,0.55,1.615309656285736,106329.1789444404,5.5,5.659149034007879,1.615309656285736,106329.1789444404,1.5989025501264196,106505.68386655432,False,False,1.6133906392078738,106293.25704005388,286.0541882376972,-0.015426589232750532,214.74193105607992
582.5,0.005,0.0009998396375775,0.55,1.6159763496794732,106329.30046150889,5.5,5.659217723715757,1.6159763496794732,106329.30046150889,1.6067143047114447,106393.38874247354,False,False,1.6134786712773013,106292.06318433049,286.04042413024575,-0.0071986293515264865,102.67142625559063
583.0,0.005,0.0009981242089112,0.55,1.616643328977988,106329.42201827282,5.5,5.659286435024903,1.616643328977988,106329.42201827282,1.622007737323754,106527.69502740256,False,False,1.6150121518602085,106326.11834750026,285.948212576672,0.008006767309576945,238.04583491839003
583.5,0.005,0.0009964082473858,0.55,1.6173105942700905,106329.54361475071,5.5,5.659355167945022,1.6173105942700905,106329.54361475071,1.6177670646883222,106763.82361518992,False,False,1.6163826757420445,106371.03934560249,285.9046324537332,0.002233009298258315,443.71910543661215
584.0,0.005,0.0009946917527672,0.55,1.6179781456446292,106329.6652509612,5.5,5.659423922485809,1.6179781456446292,106329.6652509612,1.6078238056955676,106010.2021843074,False,False,1.6156359921261811,106310.16071811935,285.830512788179,-0.009080298822039756,-350.0914563620172
584.5,0.005,0.0009929747248214,0.55,1.6186459831904922,106329.78692692277,5.5,5.659492698656975,1.6186459831904922,106329.78692692277,1.6149183084256438,106192.596811504,False,False,1.6158868095775532,106291.9235477829,285.75141737465816,-0.0012396779322463303,-113.22929237213975
585.0,0.005,0.0009912571633143,0.55,1.6193141069966066,106329.90864265402,5.5,5.659561496468221,1.6193141069966066,106329.90864265402,1.6196288364745093,105913.34917320972,False,False,1.6161077897178753,106253.2537563296,285.6209826198777,0.0032198964606082736,-376.1651515073463
585.5,0.005,0.0009895390680119,0.55,1.619982517151938,106330.03039817348,5.5,5.659630315929275,1.619982517151938,106330.03039817348,1.6250193064680272,106815.6284911438,False,False,1.6181556922572,106326.7694113695,285.5730663073788,0.008389075418365977,560.6875697334326
586.0,0.005,0.0009878204386802,0.55,1.6206512137454914,106330.15219349974,5.5,5.659699157049811,1.6206512137454914,106330.15219349974,1.6147172702171062,106719.21293046816,False,False,1.6189524287638948,106358.41521532336,285.56250702388314,-0.003960099148752283,398.54383089025214
586.5,0.005,0.0009861012750851,0.55,1.6213201968663105,106330.27402865131,5.5,5.659768019839537,1.6213201968663105,106330.27402865131,1.6188157962897318,106555.95927769555,False,False,1.6197311661968554,106370.50032906089,285.50154870847825,-0.000657987141306382,206.98251042190532
587.0,0.005,0.0009843815769927,0.55,1.6219894666034784,106330.3959036469,5.5,5.659836904308154,1.6219894666034784,106330.3959036469,1.6038051192700764,105970.8304777898,False,False,1.618324265222623,106295.42023438273,285.46866327526635,-0.016447245260240217,-388.95516455381585
587.5,0.005,0.0009826613441687,0.55,1.6226590230461169,106330.51781850496,5.5,5.659905810465416,1.6226590230461169,106330.51781850496,1.6111451650237374,106382.40125955363,False,False,1.6183518987375154,106291.93990830379,285.45600440009076,-0.007701029699786144,89.77042019713554
588.0,0.005,0.0009809405763793,0.55,1.623328866283387,106330.6397732441,5.5,5.659974738320996,1.623328866283387,106330.6397732441,1.6395060228651754,106260.24796531712,False,False,1.620515088056786,106314.22287234089,285.25652053355407,0.02063216722120509,-29.27075406757649
588.5,0.005,0.0009792192733902,0.55,1.6239989964044883,106330.76176788288,5.5,5.660043687884593,1.6239989964044883,106330.76176788288,1.60211758967754,106355.0098824592,False,False,1.619559976882019,106288.8133911267,285.302816115088,-0.018919115442572076,45.575331668398576
589.0,0.005,0.0009774974349674,0.55,1.6246694134986606,106330.8838024399,5.5,5.660112659165933,1.6246694134986606,106330.8838024399,1.6212913879723203,106274.4483635563,False,False,1.6201622569751244,106287.02473178986,285.22583111002365,0.0012095127634286218,-12.26997523078171
589.5,0.005,0.0009757750608769,0.55,1.6253401176551812,106331.00587693372,5.5,5.660181652174722,1.6253401176551812,106331.00587693372,1.6275320999486238,106486.99172436653,False,False,1.6215462908825107,106316.20086399493,285.1382032012067,0.006847971908333861,201.8749180305167
590.0,0.005,0.0009740521508846,0.55,1.626011108963367,106331.12799138296,5.5,5.660250666920671,1.626011108963367,106331.12799138296,1.6222676165100969,106212.67603069036,False,False,1.6219361798837062,106300.80120417065,285.0501669544737,0.00019979764844157977,-98.52203654474579
590.5,0.005,0.0009723287047563,0.55,1.6266823875125744,106331.25014580616,5.5,5.660319703413482,1.6266823875125744,106331.25014580616,1.6186008122789204,106587.62129763336,False,False,1.6225784438711714,106323.63360158734,285.0343905427109,-0.003856997909877702,290.1951506248297
591.0,0.005,0.0009706047222579,0.55,1.627353953392198,106331.37234022196,5.5,5.660388761662879,1.627353953392198,106331.37234022196,1.6267431680683249,106403.7907976979,False,False,1.6235264893785364,106332.08027391753,284.9433622131045,0.003643331264072458,85.95134521064756
591.5,0.005,0.0009688802031554,0.55,1.6280258066916722,106331.4945746489,5.5,5.660457841678574,1.6280258066916722,106331.4945746489,1.6279761526766494,106243.57172298232,False,False,1.6242455977490717,106321.82834428358,284.829675559635,0.003928407982965565,-81.81631298341381
592.0,0.005,0.0009671551472147,0.55,1.6286979475004697,106331.61684910556,5.5,5.660526943470274,1.6286979475004697,106331.61684910556,1.6278767734511508,106298.06083902829,False,False,1.6249935580469868,106318.45199782295,284.7309602702915,0.0031098845772896677,-18.155020460151718
592.5,0.005,0.0009654295542016,0.55,1.6293703759081029,106331.7391636106,5.5,5.66059606704768,1.6293703759081029,106331.7391636106,1.6105932546965818,106199.56294033256,False,False,1.6241256922459233,106280.70624556424,284.73388190716827,-0.014921570404541562,-113.62982492538868
593.0,0.005,0.0009637034238819,0.55,1.6300430920041225,106331.86151818254,5.5,5.660665212420521,1.6300430920041225,106331.86151818254,1.6285690557245684,106576.02673236169,False,False,1.6254125559026966,106316.88632582445,284.6765358485947,0.003921717691819815,296.57308232970536
593.5,0.005,0.0009619767560216,0.55,1.6307160958781188,106331.98391284006,5.5,5.660734379598489,1.6307160958781188,106331.98391284006,1.6221649689752031,106250.54456734934,False,False,1.62553405426148,106300.05370643667,284.6169009608525,-0.003768837757788468,-61.24607023432327
594.0,0.005,0.0009602495503865,0.55,1.631389387619721,106332.10634760169,5.5,5.660803568591336,1.631389387619721,106332.10634760169,1.6259120288715856,106420.57346673652,False,False,1.6262296639392466,106309.9761832234,284.56008076481794,-0.00014340935420231737,123.83195122070902
594.5,0.005,0.0009585218067425,0.55,1.6320629673185971,106332.22882248608,5.5,5.660872779408728,1.6320629673185971,106332.22882248608,1.6343327149520115,106214.50744594367,False,False,1.6272331578042623,106305.97438610058,284.42907800545265,0.007581799368940656,-91.10100368229905
595.0,0.005,0.0009567935248554,0.55,1.6327368350644544,106332.35133751176,5.5,5.660942012060434,1.6327368350644544,106332.35133751176,1.63914412256926,105886.82077488748,False,False,1.6280606277106275,106272.35214241159,284.23995996856235,0.011389749853337738,-415.2053621261439
595.5,0.005,0.0009550647044911,0.55,1.6334109909470391,106332.47389269744,5.5,5.661011266556115,1.6334109909470391,106332.47389269744,1.642378764289458,106604.30521431017,False,False,1.6302074936092632,106326.71101141433,284.12795020149343,0.013796696769362349,332.3308593221009
596.0,0.005,0.0009533353454153,0.55,1.634085435056137,106332.59648806164,5.5,5.661080542905534,1.634085435056137,106332.59648806164,1.6291213044863475,106015.15853421712,False,False,1.6301378469212555,106285.16988143048,284.0252904012212,-0.001607021154875321,-305.38938103683176
596.5,0.005,0.000951605447394,0.55,1.634760167481571,106332.71912362304,5.5,5.661149841118372,1.634760167481571,106332.71912362304,1.6440001952487722,106536.46741414705,False,False,1.632128350225617,106328.9728199829,283.9036868798883,0.0133411621555799,253.04748853697674
597.0,0.005,0.0009498750101929,0.55,1.6354351883132057,106332.8417994002,5.5,5.661219161204367,1.6354351883132057,106332.8417994002,1.6471724636394456,106458.88763216736,False,False,1.6340397591168838,106357.0817890138,283.74950405471236,0.014523434936797974,136.32888956730312
597.5,0.005,0.0009481440335778,0.55,1.6361104976409426,106332.9645154118,5.5,5.661288503173217,1.6361104976409426,106332.9645154118,1.6474768768864032,105836.15448310749,False,False,1.634844154982129,106309.38711126696,283.5258317745075,0.012916809009844377,-511.5222768659587
598.0,0.005,0.0009464125173146,0.55,1.6367860955547235,106333.0872716764,5.5,5.661357867034679,1.6367860955547235,106333.0872716764,1.6506837749428378,106049.68280205048,False,False,1.63623111564823,106297.93568228123,283.32904532633444,0.01531896718263237,-255.35619384149322
598.5,0.005,0.000944680461169,0.55,1.6374619821445286,106333.21006821262,5.5,5.661427252798445,1.6374619821445286,106333.21006821262,1.6360051570853396,106178.9798761354,False,False,1.6365166636834312,106281.16267651174,283.25011684014083,-0.0007466103857671769,-115.82061673063436
599.0,0.005,0.0009429478649069,0.55,1.6381381575003775,106333.33290503912,5.5,5.661496660474221,1.6381381575003775,106333.33290503912,1.6363968383496448,106087.11749236684,False,False,1.636695555792734,106257.95562597559,283.16683316158725,-0.0006405980423007662,-192.6981863478868
599.5,0.005,0.000941214728294,0.55,1.6388146217123285,106333.45578217448,5.5,5.661566090071753,1.6388146217123285,106333.45578217448,1.647065129506272,105978.8345614085,False,False,1.6375995097522071,106241.88764197513,283.0157198515903,0.009848618517809937,-280.25448573088215
600.0,0.005,0.0009394810510961,0.55,1.6394913748704791,106333.57869963736,5.5,5.661635541600738,1.6394913748704791,106333.57869963736,1.6258261317191989,106555.60740360698,False,False,1.6375837017819976,106261.95792636799,283.071078849464,-0.01229440494368328,310.8668408456724
